0,5332.3559
,
62.5,2529.7684
,
125,1107.7112
,
187.5,434.5359
,
250,255.5909
,
312.5,296.9512
,
375,87.9835
,
437.5,93.0476
,
500,77.3333
,
562.5,47.0158
,
625,71.1588
,
687.5,73.8973
,
750,37.3115
,
812.5,26.541
,
875,35.4442
,
937.5,28.4158
,
1000,24.5364
,
1062.5,12.0586
,
1125,30.2471
,
1187.5,3.4646
,
1250,27.0486
,
1312.5,8.6062
,
1375,32.3614
,
1437.5,14.4734
,
1500,18.8656
,
1562.5,12.0737
,
1625,13.1986
,
1687.5,18.931
,
1750,10.292
,
1812.5,12.4463
,
1875,5.5523
,
1937.5,16.6972
,
2000,12.5808
,
2062.5,7.6105
,
2125,9.588
,
2187.5,9.1359
,
2250,10.9798
,
2312.5,10.9896
,
2375,3.3784
,
2437.5,15.4288
,
2500,2.8359
,
2562.5,6.9619
,
2625,8.9892
,
2687.5,11.8794
,
2750,5.1194
,
2812.5,13.4721
,
2875,3.5253
,
2937.5,10.8114
,
3000,9.1122
,
3062.5,4.9472
,
3125,9.4029
,
3187.5,6.0793
,
3250,9.6672
,
3312.5,7.6068
,
3375,6.7172
,
3437.5,3.8103
,
3500,4.7494
,
3562.5,9.7782
,
3625,9.9464
,
3687.5,13.4026
,
3750,10.2518
,
3812.5,1.6161
,
3875,11.6642
,
3937.5,3.8765
,
4000,3.6315
,
4062.5,11.3738
,
4125,4.2219
,
4187.5,9.8486
,
4250,5.3426
,
4312.5,5.5497
,
4375,4.0679
,
4437.5,6.9543
,
4500,5.6644
,
4562.5,6.6289
,
4625,7.892
,
4687.5,7.7011
,
4750,7.5957
,
4812.5,1.6714
,
4875,7.4972
,
4937.5,6.1405
,
5000,9.3274
,
5062.5,5.8676
,
5125,11.0581
,
5187.5,4.1362
,
5250,7.6642
,
5312.5,6.5772
,
5375,8.4763
,
5437.5,3.8695
,
5500,5.752
,
5562.5,4.0688
,
5625,1.4958
,
5687.5,12.8001
,
5750,9.6448
,
5812.5,3.3981
,
5875,11.2448
,
5937.5,5.7049
,
6000,6.5511
,
6062.5,5.7194
,
6125,13.3111
,
6187.5,9.1775
,
6250,9.1365
,
6312.5,0.6697
,
6375,2.6211
,
6437.5,9.6253
,
6500,2.7115
,
6562.5,5.7099
,
6625,4.0939
,
6687.5,8.2305
,
6750,8.5714
,
6812.5,11.7602
,
6875,6.3353
,
6937.5,1.778
,
7000,6.1635
,
7062.5,11.651
,
7125,6.4545
,
7187.5,14.2496
,
7250,3.3729
,
7312.5,4.7424
,
7375,5.0985
,
7437.5,5.6997
,
7500,2.48
,
7562.5,3.5897
,
7625,7.5808
,
7687.5,2.0525
,
7750,8.8424
,
7812.5,4.6568
,
7875,13.3221
,
7937.5,5.0494
,
airflow(m/s),20.56
,
,
,
0,2942.4712
,
62.5,2025.4087
,
125,3071.877
,
187.5,1399.6304
,
250,2226.5569
,
312.5,1468.1856
,
375,635.9052
,
437.5,788.0959
,
500,166.2959
,
562.5,197.3261
,
625,135.2367
,
687.5,38.3794
,
750,81.1434
,
812.5,77.3726
,
875,43.5602
,
937.5,59.1705
,
1000,40.2357
,
1062.5,52.2727
,
1125,22.6352
,
1187.5,51.2702
,
1250,28.4223
,
1312.5,33.447
,
1375,37.12
,
1437.5,31.4305
,
1500,40.2086
,
1562.5,15.0387
,
1625,38.3183
,
1687.5,22.3663
,
1750,25.7292
,
1812.5,27.5252
,
1875,27.7091
,
1937.5,14.3159
,
2000,32.6548
,
2062.5,20.7305
,
2125,21.4672
,
2187.5,23.1298
,
2250,18.5664
,
2312.5,22.7272
,
2375,12.241
,
2437.5,24.1439
,
2500,22.0316
,
2562.5,15.3584
,
2625,20.2052
,
2687.5,18.7698
,
2750,16.6931
,
2812.5,17.6964
,
2875,17.2361
,
2937.5,11.1557
,
3000,22.0028
,
3062.5,2.2622
,
3125,27.594
,
3187.5,16.0711
,
3250,7.6107
,
3312.5,14.7539
,
3375,20.7903
,
3437.5,17.7644
,
3500,15.2188
,
3562.5,13.2469
,
3625,11.6956
,
3687.5,11.4069
,
3750,15.7462
,
3812.5,14.7847
,
3875,14.2433
,
3937.5,14.6608
,
4000,10.6961
,
4062.5,11.8587
,
4125,17.2972
,
4187.5,8.9125
,
4250,14.53
,
4312.5,8.8107
,
4375,9.84
,
4437.5,18.0665
,
4500,9.2357
,
4562.5,10.8575
,
4625,10.8198
,
4687.5,14.3085
,
4750,8.9519
,
4812.5,11.2489
,
4875,7.5122
,
4937.5,11.1081
,
5000,15.8864
,
5062.5,13.3633
,
5125,8.4639
,
5187.5,6.1093
,
5250,14.8897
,
5312.5,3.7996
,
5375,11.5972
,
5437.5,15.0461
,
5500,5.8841
,
5562.5,14.2751
,
5625,9.5549
,
5687.5,9.9393
,
5750,6.9653
,
5812.5,9.549
,
5875,13.0246
,
5937.5,9.253
,
6000,5.0838
,
6062.5,14.1333
,
6125,13.3997
,
6187.5,7.3673
,
6250,9.2794
,
6312.5,18.3193
,
6375,4.9313
,
6437.5,17.4947
,
6500,1.0567
,
6562.5,10.1627
,
6625,12.441
,
6687.5,15.4804
,
6750,3.7846
,
6812.5,15.046
,
6875,13.2598
,
6937.5,3.1058
,
7000,15.433
,
7062.5,6.7035
,
7125,15.1374
,
7187.5,6.9195
,
7250,6.8598
,
7312.5,10.7908
,
7375,9.7886
,
7437.5,9.8736
,
7500,8.3117
,
7562.5,7.3183
,
7625,14.3541
,
7687.5,8.0067
,
7750,6.9953
,
7812.5,12.3744
,
7875,10.0829
,
7937.5,8.4368
,
airflow(m/s),20.3
,
,
,
0,38824.0248
,
62.5,16808.5882
,
125,2455.8127
,
187.5,2968.1451
,
250,1764.3291
,
312.5,1105.751
,
375,662.4878
,
437.5,447.1299
,
500,190.8499
,
562.5,219.8812
,
625,212.3782
,
687.5,119.2212
,
750,100.6767
,
812.5,39.1818
,
875,26.2385
,
937.5,30.001
,
1000,4.2577
,
1062.5,37.4789
,
1125,10.6371
,
1187.5,30.9983
,
1250,1.8571
,
1312.5,33.6246
,
1375,12.3059
,
1437.5,9.1502
,
1500,15.0643
,
1562.5,16.6872
,
1625,9.7631
,
1687.5,17.2287
,
1750,15.3418
,
1812.5,5.5069
,
1875,10.6504
,
1937.5,7.7827
,
2000,18.0906
,
2062.5,3.2209
,
2125,15.5954
,
2187.5,6.9558
,
2250,6.2362
,
2312.5,19.0673
,
2375,4.6271
,
2437.5,12.2169
,
2500,7.3395
,
2562.5,9.3753
,
2625,11.1117
,
2687.5,4.4328
,
2750,18.2441
,
2812.5,3.494
,
2875,8.2568
,
2937.5,9.8534
,
3000,8.3316
,
3062.5,10.0149
,
3125,5.5866
,
3187.5,10.5691
,
3250,4.0579
,
3312.5,12.7966
,
3375,2.8945
,
3437.5,12.0764
,
3500,2.9712
,
3562.5,8.6524
,
3625,5.1394
,
3687.5,8.3532
,
3750,8.076
,
3812.5,3.2526
,
3875,7.8722
,
3937.5,9.6742
,
4000,7.1024
,
4062.5,8.2985
,
4125,4.8364
,
4187.5,9.2071
,
4250,9.1588
,
4312.5,3.7066
,
4375,8.118
,
4437.5,7.4453
,
4500,10.6895
,
4562.5,2.5622
,
4625,7.1181
,
4687.5,5.8223
,
4750,5.3274
,
4812.5,5.2901
,
4875,1.385
,
4937.5,8.5919
,
5000,4.7146
,
5062.5,2.6572
,
5125,6.5873
,
5187.5,8.9113
,
5250,6.6489
,
5312.5,6.1181
,
5375,11.2293
,
5437.5,8.7392
,
5500,1.928
,
5562.5,5.9563
,
5625,8.008
,
5687.5,8.7377
,
5750,3.8992
,
5812.5,5.99
,
5875,5.8333
,
5937.5,3.1963
,
6000,11.4201
,
6062.5,7.2166
,
6125,2.9665
,
6187.5,5.1206
,
6250,3.5507
,
6312.5,5.2554
,
6375,2.8692
,
6437.5,8.3111
,
6500,2.39
,
6562.5,2.8139
,
6625,10.8484
,
6687.5,1.4563
,
6750,1.2553
,
6812.5,9.6025
,
6875,4.7626
,
6937.5,7.6985
,
7000,5.053
,
7062.5,10.9226
,
7125,6.6273
,
7187.5,4.1037
,
7250,5.9531
,
7312.5,3.4691
,
7375,7.3657
,
7437.5,2.4231
,
7500,3.6499
,
7562.5,6.2916
,
7625,8.6768
,
7687.5,5.5002
,
7750,5.182
,
7812.5,7.1457
,
7875,8.8393
,
7937.5,9.7741
,
airflow(m/s),20.82
,
,
,
0,25872.8748
,
62.5,12178.2636
,
125,1850.8264
,
187.5,550.4936
,
250,475.8841
,
312.5,161.2978
,
375,38.5916
,
437.5,40.595
,
500,17.625
,
562.5,13.2752
,
625,31.5241
,
687.5,33.7387
,
750,31.1451
,
812.5,6.7474
,
875,9.6516
,
937.5,19.0567
,
1000,16.8105
,
1062.5,14.3398
,
1125,18.4697
,
1187.5,6.0896
,
1250,16.4456
,
1312.5,15.6205
,
1375,27.4019
,
1437.5,12.3736
,
1500,2.9004
,
1562.5,13.8985
,
1625,7.3024
,
1687.5,17.7712
,
1750,5.6214
,
1812.5,5.7431
,
1875,6.2761
,
1937.5,3.4105
,
2000,6.1695
,
2062.5,9.1987
,
2125,3.5622
,
2187.5,5.52
,
2250,10.9299
,
2312.5,0.831
,
2375,3.6711
,
2437.5,6.3301
,
2500,7.4568
,
2562.5,1.8113
,
2625,10.3745
,
2687.5,5.2434
,
2750,2.3601
,
2812.5,0.7899
,
2875,6.1649
,
2937.5,2.6069
,
3000,11.6225
,
3062.5,8.4293
,
3125,12.8007
,
3187.5,9.4068
,
3250,1.3472
,
3312.5,5.0008
,
3375,4.6934
,
3437.5,10.4424
,
3500,5.8353
,
3562.5,2.1184
,
3625,5.0725
,
3687.5,7.2712
,
3750,1.062
,
3812.5,6.656
,
3875,5.8797
,
3937.5,5.0911
,
4000,7.4848
,
4062.5,2.6623
,
4125,6.5857
,
4187.5,4.2716
,
4250,1.8234
,
4312.5,7.0067
,
4375,3.1188
,
4437.5,4.683
,
4500,7.9413
,
4562.5,2.2951
,
4625,7.0381
,
4687.5,3.0965
,
4750,5.9683
,
4812.5,3.1183
,
4875,6.9195
,
4937.5,3.2466
,
5000,2.3186
,
5062.5,3.1515
,
5125,4.0605
,
5187.5,2.9411
,
5250,0.4163
,
5312.5,7.4342
,
5375,3.9195
,
5437.5,6.9299
,
5500,1.7445
,
5562.5,3.0619
,
5625,9.6826
,
5687.5,7.3309
,
5750,9.2836
,
5812.5,3.2423
,
5875,2.6673
,
5937.5,4.6218
,
6000,4.8544
,
6062.5,2.7082
,
6125,2.1588
,
6187.5,4.6398
,
6250,1.4492
,
6312.5,2.869
,
6375,5.2672
,
6437.5,9.3901
,
6500,2.0012
,
6562.5,5.3883
,
6625,7.9331
,
6687.5,2.4849
,
6750,1.587
,
6812.5,9.1409
,
6875,7.3541
,
6937.5,5.8666
,
7000,4.6857
,
7062.5,2.9934
,
7125,2.3475
,
7187.5,6.9686
,
7250,6.504
,
7312.5,6.04
,
7375,1.3803
,
7437.5,3.399
,
7500,10.9427
,
7562.5,0.1202
,
7625,3.7499
,
7687.5,6.9268
,
7750,3.6843
,
7812.5,3.1203
,
7875,2.2957
,
7937.5,3.0075
,
airflow(m/s),20.56
,
,
,
0,6162.3226
,
62.5,5575.5892
,
125,1970.9457
,
187.5,859.6573
,
250,1250.124
,
312.5,204.5326
,
375,673.6179
,
437.5,388.2729
,
500,209.6953
,
562.5,413.8299
,
625,134.2547
,
687.5,192.4953
,
750,171.0567
,
812.5,210.488
,
875,184.6067
,
937.5,157.923
,
1000,107.2524
,
1062.5,95.5494
,
1125,110.458
,
1187.5,136.1531
,
1250,127.0781
,
1312.5,108.0873
,
1375,75.3999
,
1437.5,86.8599
,
1500,87.1969
,
1562.5,107.4597
,
1625,92.4163
,
1687.5,59.0542
,
1750,55.7056
,
1812.5,73.5279
,
1875,88.8554
,
1937.5,83.8286
,
2000,74.7557
,
2062.5,53.7582
,
2125,45.8398
,
2187.5,64.1433
,
2250,68.3133
,
2312.5,66.1878
,
2375,54.4361
,
2437.5,46.6047
,
2500,56.0858
,
2562.5,59.2085
,
2625,65.5117
,
2687.5,57.9179
,
2750,38.6153
,
2812.5,43.9245
,
2875,48.6531
,
2937.5,57.5492
,
3000,53.6481
,
3062.5,42.8627
,
3125,32.1229
,
3187.5,42.4231
,
3250,52.9817
,
3312.5,50.8819
,
3375,48.3968
,
3437.5,29.8389
,
3500,37.3007
,
3562.5,41.4193
,
3625,45.525
,
3687.5,49.7147
,
3750,35.8384
,
3812.5,30.2226
,
3875,34.0095
,
3937.5,40.6378
,
4000,42.3395
,
4062.5,40.0948
,
4125,35.4378
,
4187.5,21.5615
,
4250,37.6882
,
4312.5,40.0376
,
4375,41.8951
,
4437.5,34.4599
,
4500,27.008
,
4562.5,30.2662
,
4625,38.8837
,
4687.5,43.221
,
4750,40.3551
,
4812.5,23.7354
,
4875,24.6011
,
4937.5,32.3015
,
5000,34.4997
,
5062.5,39.7801
,
5125,24.2608
,
5187.5,27.5172
,
5250,23.9057
,
5312.5,34.1657
,
5375,36.087
,
5437.5,33.6948
,
5500,31.2629
,
5562.5,22.0938
,
5625,21.0747
,
5687.5,36.8293
,
5750,30.4313
,
5812.5,33.7333
,
5875,20.0458
,
5937.5,16.8618
,
6000,27.7915
,
6062.5,35.7369
,
6125,34.312
,
6187.5,26.4361
,
6250,15.2582
,
6312.5,19.84
,
6375,33.1245
,
6437.5,35.5746
,
6500,26.2711
,
6562.5,22.2246
,
6625,20.7092
,
6687.5,27.9063
,
6750,26.0433
,
6812.5,33.2401
,
6875,31.3581
,
6937.5,19.7245
,
7000,20.475
,
7062.5,24.916
,
7125,31.8867
,
7187.5,30.9407
,
7250,21.022
,
7312.5,23.6675
,
7375,24.7368
,
7437.5,30.7363
,
7500,30.8766
,
7562.5,30.9169
,
7625,25.1427
,
7687.5,15.7419
,
7750,29.8935
,
7812.5,33.2952
,
7875,26.6977
,
7937.5,26.8603
,
airflow(m/s),20.3
,
,
,
0,6918.3547
,
62.5,3682.5924
,
125,1045.2034
,
187.5,536.5916
,
250,382.8301
,
312.5,309.5141
,
375,178.5225
,
437.5,52.5761
,
500,61.613
,
562.5,71.9252
,
625,67.7806
,
687.5,14.4803
,
750,73.7759
,
812.5,22.1711
,
875,57.2458
,
937.5,43.8433
,
1000,16.0058
,
1062.5,48.0082
,
1125,19.5878
,
1187.5,36.9769
,
1250,25.2074
,
1312.5,27.0938
,
1375,26.4654
,
1437.5,23.9043
,
1500,22.1136
,
1562.5,17.4158
,
1625,29.3955
,
1687.5,20.387
,
1750,20.909
,
1812.5,13.9603
,
1875,21.988
,
1937.5,18.5069
,
2000,19.7837
,
2062.5,21.3007
,
2125,13.1489
,
2187.5,22.4204
,
2250,13.8995
,
2312.5,14.0733
,
2375,19.4523
,
2437.5,15.9166
,
2500,19.6066
,
2562.5,8.6126
,
2625,12.9681
,
2687.5,21.5224
,
2750,9.3296
,
2812.5,9.4479
,
2875,18.3188
,
2937.5,13.7141
,
3000,19.1699
,
3062.5,15.2005
,
3125,13.6549
,
3187.5,11.8548
,
3250,11.7101
,
3312.5,8.3657
,
3375,10.1643
,
3437.5,14.3496
,
3500,8.043
,
3562.5,12.0522
,
3625,8.7122
,
3687.5,19.5429
,
3750,10.1233
,
3812.5,8.195
,
3875,11.4413
,
3937.5,10.2823
,
4000,14.1538
,
4062.5,9.0387
,
4125,6.6105
,
4187.5,11.3282
,
4250,8.3211
,
4312.5,10.708
,
4375,7.8628
,
4437.5,11.3738
,
4500,7.8954
,
4562.5,8.1718
,
4625,8.1089
,
4687.5,12.0969
,
4750,4.1851
,
4812.5,14.6669
,
4875,12.0871
,
4937.5,6.5914
,
5000,10.0187
,
5062.5,11.3188
,
5125,8.7505
,
5187.5,4.8366
,
5250,7.5152
,
5312.5,10.6656
,
5375,4.1215
,
5437.5,12.9114
,
5500,2.222
,
5562.5,8.281
,
5625,15.0807
,
5687.5,1.2759
,
5750,12.7554
,
5812.5,8.5362
,
5875,5.8371
,
5937.5,8.0981
,
6000,7.4993
,
6062.5,11.1555
,
6125,6.0744
,
6187.5,13.6216
,
6250,0.7949
,
6312.5,7.6202
,
6375,9.1108
,
6437.5,12.4511
,
6500,2.8851
,
6562.5,12.1194
,
6625,3.3445
,
6687.5,14.9853
,
6750,6.3331
,
6812.5,3.6334
,
6875,16.0883
,
6937.5,4.1962
,
7000,9.924
,
7062.5,12.2393
,
7125,2.9323
,
7187.5,14.0433
,
7250,4.1735
,
7312.5,5.9707
,
7375,7.5804
,
7437.5,6.2637
,
7500,6.9541
,
7562.5,6.1616
,
7625,9.1
,
7687.5,9.849
,
7750,9.5404
,
7812.5,13.3773
,
7875,5.1106
,
7937.5,9.4929
,
airflow(m/s),20.56
,
,
,
0,35272.9582
,
62.5,19650.8715
,
125,4613.6589
,
187.5,2840.4645
,
250,4524.5104
,
312.5,2123.5956
,
375,1564.1085
,
437.5,929.8236
,
500,931.8766
,
562.5,516.0692
,
625,192.4477
,
687.5,148.6624
,
750,83.0487
,
812.5,57.985
,
875,128.3599
,
937.5,88.8494
,
1000,14.1486
,
1062.5,82.4995
,
1125,42.8158
,
1187.5,29.5585
,
1250,33.1758
,
1312.5,35.7893
,
1375,24.4521
,
1437.5,34.5732
,
1500,29.7326
,
1562.5,31.1561
,
1625,22.6108
,
1687.5,25.4468
,
1750,17.0074
,
1812.5,30.1351
,
1875,17.3264
,
1937.5,20.3207
,
2000,25.6643
,
2062.5,12.7664
,
2125,30.6746
,
2187.5,5.6178
,
2250,22.1326
,
2312.5,19.1425
,
2375,13.1603
,
2437.5,26.4087
,
2500,7.651
,
2562.5,15.5201
,
2625,21.7813
,
2687.5,10.0407
,
2750,22.3442
,
2812.5,11.6171
,
2875,19.3121
,
2937.5,14.3114
,
3000,14.7314
,
3062.5,17.2026
,
3125,15.262
,
3187.5,13.3204
,
3250,12.5371
,
3312.5,15.5279
,
3375,12.8831
,
3437.5,12.9601
,
3500,13.3646
,
3562.5,10.4615
,
3625,13.6309
,
3687.5,9.7014
,
3750,12.5813
,
3812.5,10.3672
,
3875,9.9374
,
3937.5,14.3579
,
4000,9.4736
,
4062.5,16.529
,
4125,12.0757
,
4187.5,11.905
,
4250,10.9992
,
4312.5,6.9884
,
4375,16.575
,
4437.5,6.3619
,
4500,12.1391
,
4562.5,5.7987
,
4625,9.6972
,
4687.5,14.0666
,
4750,11.2387
,
4812.5,13.1606
,
4875,4.6417
,
4937.5,11.5545
,
5000,14.4331
,
5062.5,8.1014
,
5125,3.8806
,
5187.5,15.6585
,
5250,7.2897
,
5312.5,11.1475
,
5375,6.385
,
5437.5,9.8761
,
5500,9.9267
,
5562.5,7.1933
,
5625,8.1418
,
5687.5,15.147
,
5750,2.7189
,
5812.5,9.9426
,
5875,6.289
,
5937.5,11.247
,
6000,10.322
,
6062.5,5.5457
,
6125,13.5318
,
6187.5,11.1632
,
6250,7.4441
,
6312.5,6.8493
,
6375,11.3872
,
6437.5,5.2085
,
6500,14.3201
,
6562.5,3.0733
,
6625,7.4847
,
6687.5,10.2697
,
6750,10.9826
,
6812.5,5.1319
,
6875,11.7579
,
6937.5,9.8668
,
7000,6.5542
,
7062.5,13.4322
,
7125,9.2753
,
7187.5,8.5087
,
7250,5.2654
,
7312.5,9.677
,
7375,11.8305
,
7437.5,6.0078
,
7500,11.4547
,
7562.5,5.5483
,
7625,12.2567
,
7687.5,8.2197
,
7750,4.0768
,
7812.5,12.4833
,
7875,6.657
,
7937.5,7.3122
,
airflow(m/s),20.3
,
,
,
0,8013.121
,
62.5,2625.397
,
125,784.1762
,
187.5,1798.0978
,
250,955.5033
,
312.5,561.7116
,
375,63.5176
,
437.5,113.1664
,
500,60.7652
,
562.5,98.5545
,
625,86.4653
,
687.5,6.4687
,
750,27.9854
,
812.5,3.2875
,
875,15.0333
,
937.5,11.6464
,
1000,19.2929
,
1062.5,3.4077
,
1125,6.3971
,
1187.5,24.9242
,
1250,14.6363
,
1312.5,22.2893
,
1375,8.6767
,
1437.5,8.1478
,
1500,2.1596
,
1562.5,16.4374
,
1625,3.3442
,
1687.5,10.2429
,
1750,5.7824
,
1812.5,15.4071
,
1875,8.0897
,
1937.5,12.8022
,
2000,2.286
,
2062.5,11.739
,
2125,5.7396
,
2187.5,14.3098
,
2250,2.2457
,
2312.5,10.9364
,
2375,5.4605
,
2437.5,13.3685
,
2500,9.3309
,
2562.5,8.51
,
2625,6.9437
,
2687.5,4.4667
,
2750,4.8806
,
2812.5,7.4919
,
2875,9.2469
,
2937.5,9.4723
,
3000,10.9804
,
3062.5,4.6468
,
3125,8.8568
,
3187.5,7.9624
,
3250,6.2376
,
3312.5,8.4975
,
3375,10.9143
,
3437.5,10.592
,
3500,2.5184
,
3562.5,1.5517
,
3625,2.2418
,
3687.5,7.8241
,
3750,4.2594
,
3812.5,6.5789
,
3875,9.893
,
3937.5,4.4755
,
4000,4.7694
,
4062.5,3.8778
,
4125,2.1048
,
4187.5,6.9371
,
4250,5.8127
,
4312.5,8.4268
,
4375,2.8839
,
4437.5,7.1095
,
4500,5.0403
,
4562.5,4.2022
,
4625,5.3253
,
4687.5,8.9048
,
4750,3.7976
,
4812.5,2.5505
,
4875,7.6702
,
4937.5,4.1495
,
5000,2.1939
,
5062.5,8.192
,
5125,10.9632
,
5187.5,8.7775
,
5250,7.4691
,
5312.5,9.2036
,
5375,8.0821
,
5437.5,5.4444
,
5500,5.549
,
5562.5,2.5847
,
5625,4.4629
,
5687.5,6.2339
,
5750,4.7283
,
5812.5,7.9751
,
5875,1.4916
,
5937.5,4.277
,
6000,6.3631
,
6062.5,14.0752
,
6125,3.6764
,
6187.5,2.3215
,
6250,10.5016
,
6312.5,3.5961
,
6375,6.1372
,
6437.5,1.6476
,
6500,8.1137
,
6562.5,1.7928
,
6625,6.3421
,
6687.5,7.872
,
6750,9.0922
,
6812.5,1.5209
,
6875,1.7748
,
6937.5,2.0667
,
7000,8.7835
,
7062.5,7.1732
,
7125,7.7391
,
7187.5,11.796
,
7250,2.6328
,
7312.5,1.1602
,
7375,0.4244
,
7437.5,9.4285
,
7500,7.7402
,
7562.5,6.936
,
7625,2.792
,
7687.5,4.7572
,
7750,6.2036
,
7812.5,6.1793
,
7875,3.1104
,
7937.5,5.0642
,
airflow(m/s),21.34
,
,
,
0,10123.2696
,
62.5,9625.3488
,
125,11640.8642
,
187.5,9468.971
,
250,1159.8066
,
312.5,3288.6952
,
375,907.9183
,
437.5,320.3459
,
500,524.965
,
562.5,773.9992
,
625,533.3466
,
687.5,489.2234
,
750,350.0575
,
812.5,90.2443
,
875,49.8731
,
937.5,74.5233
,
1000,77.3679
,
1062.5,122.9854
,
1125,159.3349
,
1187.5,83.4458
,
1250,36.5246
,
1312.5,58.4267
,
1375,38.4531
,
1437.5,26.1379
,
1500,43.1055
,
1562.5,36.6458
,
1625,15.1135
,
1687.5,18.8806
,
1750,20.9305
,
1812.5,11.5504
,
1875,21.0902
,
1937.5,10.6136
,
2000,17.6177
,
2062.5,18.0122
,
2125,11.1254
,
2187.5,6.0053
,
2250,20.4581
,
2312.5,13.0055
,
2375,6.858
,
2437.5,14.5978
,
2500,9.4223
,
2562.5,4.8723
,
2625,13.4549
,
2687.5,12.0621
,
2750,7.9182
,
2812.5,16.5111
,
2875,3.0435
,
2937.5,12.3428
,
3000,16.7675
,
3062.5,8.1879
,
3125,12.618
,
3187.5,5.1931
,
3250,11.7969
,
3312.5,9.1771
,
3375,8.2583
,
3437.5,7.2757
,
3500,11.2147
,
3562.5,7.3342
,
3625,8.7568
,
3687.5,10.4259
,
3750,10.5669
,
3812.5,15.3818
,
3875,7.0359
,
3937.5,7.8474
,
4000,8.4968
,
4062.5,6.5215
,
4125,12.2037
,
4187.5,6.2044
,
4250,6.382
,
4312.5,10.1208
,
4375,7.7494
,
4437.5,5.3017
,
4500,9.7259
,
4562.5,4.3621
,
4625,8.2018
,
4687.5,9.5665
,
4750,9.8042
,
4812.5,2.6824
,
4875,9.9903
,
4937.5,1.9666
,
5000,8.2924
,
5062.5,5.011
,
5125,4.5705
,
5187.5,9.7386
,
5250,11.213
,
5312.5,10.5984
,
5375,5.2574
,
5437.5,8.4873
,
5500,6.259
,
5562.5,9.7507
,
5625,4.3479
,
5687.5,4.6046
,
5750,12.3856
,
5812.5,6.0179
,
5875,6.3848
,
5937.5,11.5117
,
6000,11.8889
,
6062.5,7.7732
,
6125,8.4626
,
6187.5,1.709
,
6250,11.2438
,
6312.5,3.9767
,
6375,7.1746
,
6437.5,5.2302
,
6500,5.6419
,
6562.5,9.7317
,
6625,6.9319
,
6687.5,4.5704
,
6750,10.1494
,
6812.5,0.5736
,
6875,7.3178
,
6937.5,6.4351
,
7000,4.0144
,
7062.5,7.1
,
7125,7.4078
,
7187.5,2.4768
,
7250,4.3932
,
7312.5,7.8535
,
7375,2.7169
,
7437.5,7.4485
,
7500,3.7496
,
7562.5,9.8092
,
7625,7.2664
,
7687.5,2.8623
,
7750,9.3001
,
7812.5,1.8322
,
7875,5.8615
,
7937.5,7.1498
,
airflow(m/s),20.56
,
,
,
0,31408.5681
,
62.5,18378.0742
,
125,8134.2107
,
187.5,5686.2284
,
250,4335.3053
,
312.5,2858.52
,
375,260.2025
,
437.5,3219.7388
,
500,4260.4712
,
562.5,3228.6195
,
625,1179.6433
,
687.5,422.0243
,
750,861.8307
,
812.5,505.8507
,
875,262.0943
,
937.5,47.5099
,
1000,103.7799
,
1062.5,98.0839
,
1125,173.547
,
1187.5,71.2127
,
1250,77.636
,
1312.5,65.9813
,
1375,50.2384
,
1437.5,123.8715
,
1500,42.5141
,
1562.5,76.8657
,
1625,22.4832
,
1687.5,42.4176
,
1750,24.3523
,
1812.5,21.4388
,
1875,36.8733
,
1937.5,18.4472
,
2000,28.2768
,
2062.5,25.3408
,
2125,15.7208
,
2187.5,26.6881
,
2250,18.8337
,
2312.5,22.8359
,
2375,13.6463
,
2437.5,28.6554
,
2500,12.4059
,
2562.5,16.9256
,
2625,27.077
,
2687.5,13.2451
,
2750,25.2583
,
2812.5,17.3821
,
2875,18.9324
,
2937.5,16.981
,
3000,12.4832
,
3062.5,20.7701
,
3125,11.7381
,
3187.5,20.0189
,
3250,18.2348
,
3312.5,16.8635
,
3375,11.478
,
3437.5,16.3941
,
3500,18.6653
,
3562.5,13.2908
,
3625,15.5351
,
3687.5,12.001
,
3750,16.7277
,
3812.5,9.9171
,
3875,18.8835
,
3937.5,9.0131
,
4000,15.8604
,
4062.5,18.9709
,
4125,7.1906
,
4187.5,11.6932
,
4250,15.1572
,
4312.5,16.5401
,
4375,11.8973
,
4437.5,16.5103
,
4500,8.2737
,
4562.5,13.0195
,
4625,11.8927
,
4687.5,10.1808
,
4750,11.3946
,
4812.5,16.0985
,
4875,8.53
,
4937.5,16.1955
,
5000,10.4508
,
5062.5,11.4483
,
5125,8.5739
,
5187.5,12.6112
,
5250,11.3259
,
5312.5,13.6001
,
5375,4.7417
,
5437.5,14.6573
,
5500,6.8588
,
5562.5,16.5923
,
5625,10.8009
,
5687.5,8.1175
,
5750,12.7936
,
5812.5,18.166
,
5875,3.1926
,
5937.5,10.061
,
6000,12.4794
,
6062.5,9.6409
,
6125,13.6064
,
6187.5,12.8993
,
6250,6.8846
,
6312.5,13.2373
,
6375,9.6076
,
6437.5,13.0031
,
6500,9.5174
,
6562.5,8.7909
,
6625,14.9928
,
6687.5,6.2631
,
6750,13.1564
,
6812.5,8.8427
,
6875,12.9324
,
6937.5,2.8522
,
7000,16.6166
,
7062.5,5.7727
,
7125,7.9715
,
7187.5,12.3866
,
7250,8.6464
,
7312.5,9.4435
,
7375,17.0866
,
7437.5,7.2174
,
7500,17.0525
,
7562.5,8.4901
,
7625,4.4328
,
7687.5,17.1639
,
7750,7.1125
,
7812.5,11.9774
,
7875,7.9836
,
7937.5,7.1914
,
airflow(m/s),20.56
,
,
,
0,12808.4016
,
62.5,6619.3513
,
125,1342.6833
,
187.5,951.8387
,
250,372.3004
,
312.5,328.6826
,
375,39.1637
,
437.5,149.0023
,
500,57.3779
,
562.5,60.8751
,
625,67.5331
,
687.5,28.4088
,
750,10.9701
,
812.5,14.0814
,
875,31.3976
,
937.5,16.0304
,
1000,42.2769
,
1062.5,15.8756
,
1125,32.2341
,
1187.5,9.2078
,
1250,22.7212
,
1312.5,11.0892
,
1375,18.4634
,
1437.5,13.0348
,
1500,17.7959
,
1562.5,15.4957
,
1625,10.8427
,
1687.5,6.0229
,
1750,8.4417
,
1812.5,19.2271
,
1875,12.8532
,
1937.5,6.9177
,
2000,13.99
,
2062.5,13.4715
,
2125,3.1772
,
2187.5,12.3043
,
2250,10.5974
,
2312.5,14.4765
,
2375,11.9153
,
2437.5,15.5542
,
2500,3.197
,
2562.5,11.5558
,
2625,12.5965
,
2687.5,10.2245
,
2750,15.8058
,
2812.5,4.084
,
2875,6.3676
,
2937.5,16.5028
,
3000,2.3917
,
3062.5,5.5325
,
3125,10.0603
,
3187.5,3.8512
,
3250,11.9672
,
3312.5,4.6166
,
3375,6.2751
,
3437.5,9.6219
,
3500,5.0579
,
3562.5,7.6795
,
3625,3.158
,
3687.5,12.0532
,
3750,1.1547
,
3812.5,12.2807
,
3875,1.0087
,
3937.5,14.3318
,
4000,6.2644
,
4062.5,15.1572
,
4125,5.9154
,
4187.5,9.4108
,
4250,2.5743
,
4312.5,9.5919
,
4375,2.0247
,
4437.5,7.1263
,
4500,4.0961
,
4562.5,10.1455
,
4625,4.9452
,
4687.5,8.9056
,
4750,0.7719
,
4812.5,7.8984
,
4875,7.1328
,
4937.5,9.039
,
5000,7.1929
,
5062.5,5.5403
,
5125,5.5155
,
5187.5,1.1575
,
5250,7.0293
,
5312.5,5.4877
,
5375,7.1452
,
5437.5,1.9785
,
5500,4.0522
,
5562.5,5.4028
,
5625,5.5205
,
5687.5,11.4827
,
5750,4.6983
,
5812.5,4.5069
,
5875,3.3746
,
5937.5,4.5058
,
6000,6.2234
,
6062.5,10.2657
,
6125,6.089
,
6187.5,8.8497
,
6250,11.7
,
6312.5,4.2692
,
6375,2.3472
,
6437.5,6.964
,
6500,8.8558
,
6562.5,8.342
,
6625,0.533
,
6687.5,5.9959
,
6750,4.3589
,
6812.5,6.285
,
6875,4.4991
,
6937.5,3.7712
,
7000,9.1924
,
7062.5,1.608
,
7125,4.799
,
7187.5,9.4677
,
7250,7.5544
,
7312.5,3.6654
,
7375,6.7675
,
7437.5,13.6713
,
7500,8.0125
,
7562.5,8.0327
,
7625,4.1151
,
7687.5,1.6801
,
7750,11.4538
,
7812.5,4.6151
,
7875,7.3923
,
7937.5,6.0949
,
airflow(m/s),20.3
,
,
,
0,18674.285
,
62.5,7348.1211
,
125,2286.4243
,
187.5,1941.4611
,
250,475.639
,
312.5,554.6684
,
375,208.7461
,
437.5,84.8995
,
500,29.5275
,
562.5,11.718
,
625,92.6656
,
687.5,64.2142
,
750,22.4949
,
812.5,59.1194
,
875,11.5797
,
937.5,39.7699
,
1000,25.7052
,
1062.5,25.3962
,
1125,11.3713
,
1187.5,27.7391
,
1250,26.8038
,
1312.5,15.7027
,
1375,24.1346
,
1437.5,18.3669
,
1500,18.946
,
1562.5,20.2505
,
1625,14.9177
,
1687.5,19.3357
,
1750,9.2343
,
1812.5,16.0541
,
1875,14.6521
,
1937.5,10.4753
,
2000,12.904
,
2062.5,12.4018
,
2125,10.6468
,
2187.5,24.1356
,
2250,12.6175
,
2312.5,7.633
,
2375,12.7103
,
2437.5,13.1961
,
2500,8.0442
,
2562.5,13.3314
,
2625,15.3621
,
2687.5,21.3309
,
2750,11.0149
,
2812.5,10.9109
,
2875,10.5342
,
2937.5,7.8192
,
3000,7.8184
,
3062.5,10.4527
,
3125,9.33
,
3187.5,8.8007
,
3250,10.4665
,
3312.5,8.1913
,
3375,14.884
,
3437.5,2.5229
,
3500,10.2599
,
3562.5,8.3006
,
3625,13.916
,
3687.5,4.5059
,
3750,14.2927
,
3812.5,9.998
,
3875,8.2482
,
3937.5,7.4524
,
4000,7.6659
,
4062.5,4.1322
,
4125,9.1278
,
4187.5,11.9105
,
4250,3.5869
,
4312.5,11.9284
,
4375,8.3648
,
4437.5,6.3328
,
4500,5.6336
,
4562.5,6.6374
,
4625,9.2984
,
4687.5,6.9111
,
4750,10.1136
,
4812.5,1.5945
,
4875,11.2289
,
4937.5,7.2174
,
5000,7.2963
,
5062.5,5.7983
,
5125,1.4516
,
5187.5,16.124
,
5250,7.4628
,
5312.5,12.3715
,
5375,6.06
,
5437.5,3.2619
,
5500,9.2016
,
5562.5,3.2935
,
5625,9.0612
,
5687.5,5.8086
,
5750,1.2425
,
5812.5,11.4454
,
5875,2.2368
,
5937.5,10.3006
,
6000,5.3574
,
6062.5,8.9233
,
6125,3.7093
,
6187.5,6.6021
,
6250,11.2674
,
6312.5,4.098
,
6375,5.1107
,
6437.5,8.7565
,
6500,6.9153
,
6562.5,5.3384
,
6625,8.2489
,
6687.5,5.2874
,
6750,4.7154
,
6812.5,9.9763
,
6875,1.195
,
6937.5,9.4732
,
7000,4.4944
,
7062.5,11.7874
,
7125,2.363
,
7187.5,8.142
,
7250,1.5689
,
7312.5,6.474
,
7375,12.016
,
7437.5,5.9689
,
7500,11.0572
,
7562.5,7.6905
,
7625,7.0166
,
7687.5,2.4671
,
7750,7.9327
,
7812.5,3.7732
,
7875,6.4308
,
7937.5,4.6146
,
airflow(m/s),20.3
,
,
,
0,19675.0553
,
62.5,9753.587
,
125,2043.7456
,
187.5,602.0168
,
250,554.4243
,
312.5,108.8939
,
375,74.1647
,
437.5,93.1003
,
500,61.151
,
562.5,74.6807
,
625,38.1239
,
687.5,44.5432
,
750,8.1632
,
812.5,44.9158
,
875,26.057
,
937.5,16.6104
,
1000,19.097
,
1062.5,19.6959
,
1125,25.0285
,
1187.5,18.617
,
1250,15.3417
,
1312.5,5.8043
,
1375,21.1301
,
1437.5,21.3738
,
1500,2.7843
,
1562.5,17.7995
,
1625,15.5575
,
1687.5,12.0897
,
1750,12.0831
,
1812.5,9.8312
,
1875,12.5324
,
1937.5,11.8119
,
2000,1.9207
,
2062.5,15.7002
,
2125,7.8825
,
2187.5,19.2529
,
2250,3.4179
,
2312.5,15.9528
,
2375,3.4154
,
2437.5,17.4958
,
2500,8.5612
,
2562.5,7.991
,
2625,11.9884
,
2687.5,15.0572
,
2750,2.4811
,
2812.5,10.9734
,
2875,8.0972
,
2937.5,2.3951
,
3000,13.0168
,
3062.5,9.651
,
3125,7.7131
,
3187.5,2.1322
,
3250,6.9032
,
3312.5,9.0416
,
3375,5.886
,
3437.5,8.2954
,
3500,4.3081
,
3562.5,11.527
,
3625,5.1415
,
3687.5,1.9283
,
3750,10.8282
,
3812.5,2.3986
,
3875,14.8533
,
3937.5,4.1606
,
4000,5.1094
,
4062.5,3.9354
,
4125,5.3222
,
4187.5,5.2475
,
4250,4.2233
,
4312.5,11.2289
,
4375,0.9764
,
4437.5,8.3671
,
4500,6.5663
,
4562.5,4.0347
,
4625,5.7908
,
4687.5,8.6726
,
4750,4.8713
,
4812.5,5.5783
,
4875,4.4377
,
4937.5,0.4732
,
5000,9.8833
,
5062.5,4.1618
,
5125,6.9937
,
5187.5,5.3131
,
5250,8.3312
,
5312.5,3.6145
,
5375,7.0049
,
5437.5,4.8332
,
5500,3.7594
,
5562.5,6.1556
,
5625,10.6949
,
5687.5,8.7811
,
5750,1.9444
,
5812.5,5.7971
,
5875,5.0923
,
5937.5,4.1501
,
6000,7.7592
,
6062.5,2.7199
,
6125,6.8216
,
6187.5,5.1428
,
6250,12.9999
,
6312.5,4.2916
,
6375,6.866
,
6437.5,1.4225
,
6500,4.2896
,
6562.5,18.8764
,
6625,7.5341
,
6687.5,6.4291
,
6750,4.2976
,
6812.5,6.681
,
6875,8.468
,
6937.5,8.9362
,
7000,3.1739
,
7062.5,6.6791
,
7125,3.3355
,
7187.5,2.8497
,
7250,9.6354
,
7312.5,2.0615
,
7375,2.8626
,
7437.5,7.3083
,
7500,5.5194
,
7562.5,3.7358
,
7625,2.0191
,
7687.5,10.4242
,
7750,3.3475
,
7812.5,4.766
,
7875,5.6246
,
7937.5,4.1341
,
airflow(m/s),20.56
,
,
,
0,33139.2234
,
62.5,15294.668
,
125,3487.7534
,
187.5,2043.2808
,
250,890.0022
,
312.5,418.4711
,
375,90.6805
,
437.5,150.5806
,
500,52.2577
,
562.5,50.2878
,
625,70.2602
,
687.5,11.291
,
750,73.2284
,
812.5,42.0824
,
875,34.3433
,
937.5,46.5425
,
1000,24.6479
,
1062.5,30.275
,
1125,30.2041
,
1187.5,27.7276
,
1250,23.6221
,
1312.5,29.398
,
1375,22.0845
,
1437.5,17.9375
,
1500,28.3452
,
1562.5,28.6249
,
1625,15.8392
,
1687.5,16.9963
,
1750,19.0248
,
1812.5,20.9235
,
1875,14.7237
,
1937.5,20.7617
,
2000,10.9244
,
2062.5,19.0897
,
2125,18.1149
,
2187.5,16.0973
,
2250,15.8913
,
2312.5,16.7998
,
2375,8.7663
,
2437.5,17.8335
,
2500,12.7338
,
2562.5,19.096
,
2625,5.7277
,
2687.5,15.549
,
2750,8.2317
,
2812.5,15.025
,
2875,13.1608
,
2937.5,11.6273
,
3000,11.9699
,
3062.5,7.9636
,
3125,12.5987
,
3187.5,12.0598
,
3250,14.8278
,
3312.5,15.308
,
3375,3.3775
,
3437.5,21.3396
,
3500,4.9231
,
3562.5,9.9842
,
3625,10.0227
,
3687.5,12.7986
,
3750,7.8194
,
3812.5,8.9208
,
3875,11.9993
,
3937.5,11.9756
,
4000,3.8478
,
4062.5,14.42
,
4125,6.7946
,
4187.5,10.8758
,
4250,8.1327
,
4312.5,1.444
,
4375,14.7834
,
4437.5,6.6312
,
4500,10.6517
,
4562.5,9.5776
,
4625,6.3362
,
4687.5,8.7708
,
4750,9.367
,
4812.5,11.2651
,
4875,10.537
,
4937.5,11.7114
,
5000,3.9861
,
5062.5,8.9356
,
5125,9.1103
,
5187.5,8.5655
,
5250,7.8439
,
5312.5,8.3632
,
5375,7.4427
,
5437.5,5.5443
,
5500,12.1034
,
5562.5,4.4896
,
5625,12.0262
,
5687.5,4.5928
,
5750,13.2753
,
5812.5,2.24
,
5875,12.2804
,
5937.5,13.2812
,
6000,5.9156
,
6062.5,3.9134
,
6125,15.0743
,
6187.5,6.8324
,
6250,7.8941
,
6312.5,8.4489
,
6375,6.5681
,
6437.5,5.1155
,
6500,8.4685
,
6562.5,8.8874
,
6625,9.1381
,
6687.5,4.8761
,
6750,7.3669
,
6812.5,10.603
,
6875,2.4948
,
6937.5,8.6987
,
7000,4.3942
,
7062.5,5.2365
,
7125,12.596
,
7187.5,4.7899
,
7250,4.8772
,
7312.5,8.9044
,
7375,9.4415
,
7437.5,4.3253
,
7500,7.5922
,
7562.5,9.318
,
7625,7.4667
,
7687.5,2.0394
,
7750,14.2624
,
7812.5,4.8074
,
7875,5.2361
,
7937.5,5.6248
,
airflow(m/s),20.56
,
,
,
0,11182.0314
,
62.5,10760.5324
,
125,2018.4913
,
187.5,2133.2599
,
250,795.0953
,
312.5,490.0604
,
375,203.7888
,
437.5,79.2077
,
500,68.1708
,
562.5,56.6748
,
625,56.8981
,
687.5,42.1107
,
750,17.3333
,
812.5,41.7946
,
875,33.9151
,
937.5,19.6894
,
1000,22.2469
,
1062.5,33.2041
,
1125,23.4479
,
1187.5,16.4193
,
1250,20.1582
,
1312.5,19.1317
,
1375,14.5844
,
1437.5,25.6967
,
1500,25.165
,
1562.5,19.2142
,
1625,17.9424
,
1687.5,22.1016
,
1750,6.0935
,
1812.5,15.5506
,
1875,18.4996
,
1937.5,11.415
,
2000,19.8256
,
2062.5,11.6107
,
2125,8.4424
,
2187.5,14.803
,
2250,7.2669
,
2312.5,11.6925
,
2375,9.4794
,
2437.5,12.4885
,
2500,12.3077
,
2562.5,6.2795
,
2625,18.0586
,
2687.5,12.178
,
2750,9.7465
,
2812.5,13.1772
,
2875,10.6856
,
2937.5,2.5587
,
3000,16.773
,
3062.5,0.8515
,
3125,8.9163
,
3187.5,11.9946
,
3250,9.8203
,
3312.5,9.1292
,
3375,9.7519
,
3437.5,9.9913
,
3500,5.6912
,
3562.5,7.4844
,
3625,6.875
,
3687.5,6.8564
,
3750,8.1186
,
3812.5,9.9447
,
3875,4.3895
,
3937.5,8.0098
,
4000,8.9181
,
4062.5,9.502
,
4125,8.2332
,
4187.5,6.5209
,
4250,6.3797
,
4312.5,8.6301
,
4375,7.6507
,
4437.5,6.3647
,
4500,9.4601
,
4562.5,10.4867
,
4625,1.9625
,
4687.5,6.1123
,
4750,8.8749
,
4812.5,9.3261
,
4875,5.4954
,
4937.5,4.5985
,
5000,8.5173
,
5062.5,9.0406
,
5125,2.9501
,
5187.5,10.9713
,
5250,1.9679
,
5312.5,8.942
,
5375,14.8751
,
5437.5,5.5838
,
5500,7.2234
,
5562.5,4.9912
,
5625,8.2631
,
5687.5,6.9167
,
5750,8.8833
,
5812.5,1.3177
,
5875,16.1821
,
5937.5,4.3843
,
6000,9.6389
,
6062.5,7.3965
,
6125,0.6309
,
6187.5,5.208
,
6250,7.5644
,
6312.5,3.1409
,
6375,7.4941
,
6437.5,3.8556
,
6500,9.5394
,
6562.5,2.8429
,
6625,5.3885
,
6687.5,10.0387
,
6750,0.4845
,
6812.5,6.9289
,
6875,6.8951
,
6937.5,1.842
,
7000,8.307
,
7062.5,3.4772
,
7125,12.0477
,
7187.5,4.7233
,
7250,11.0101
,
7312.5,13.2018
,
7375,3.0411
,
7437.5,5.4315
,
7500,5.2836
,
7562.5,4.4567
,
7625,6.1969
,
7687.5,6.9221
,
7750,3.2283
,
7812.5,4.5371
,
7875,4.1758
,
7937.5,7.2612
,
airflow(m/s),21.08
,
,
,
0,34554.0692
,
62.5,14540.6905
,
125,2250.1516
,
187.5,2144.8527
,
250,2450.8421
,
312.5,1681.9658
,
375,1248.0466
,
437.5,858.9015
,
500,679.7916
,
562.5,300.6771
,
625,163.2806
,
687.5,147.7242
,
750,83.3963
,
812.5,115.8214
,
875,59.6929
,
937.5,56.8849
,
1000,69.7975
,
1062.5,6.8962
,
1125,25.9595
,
1187.5,49.6
,
1250,7.8206
,
1312.5,32.7392
,
1375,17.0019
,
1437.5,32.9281
,
1500,17.778
,
1562.5,20.9907
,
1625,19.769
,
1687.5,21.2907
,
1750,14.8712
,
1812.5,23.4617
,
1875,12.4707
,
1937.5,16.7893
,
2000,27.1982
,
2062.5,5.0407
,
2125,21.2141
,
2187.5,10.8924
,
2250,21.9141
,
2312.5,10.5207
,
2375,22.3931
,
2437.5,7.9013
,
2500,11.7826
,
2562.5,10.6492
,
2625,21.2251
,
2687.5,6.8191
,
2750,18.2595
,
2812.5,6.0653
,
2875,17.835
,
2937.5,3.8043
,
3000,17.5544
,
3062.5,11.0815
,
3125,11.7376
,
3187.5,7.4001
,
3250,9.8822
,
3312.5,15.2764
,
3375,9.0422
,
3437.5,9.6647
,
3500,14.9355
,
3562.5,3.8302
,
3625,11.1062
,
3687.5,12.2607
,
3750,9.4083
,
3812.5,10.307
,
3875,12.414
,
3937.5,4.8045
,
4000,18.2413
,
4062.5,6.244
,
4125,11.9188
,
4187.5,2.5022
,
4250,14.2651
,
4312.5,11.0391
,
4375,3.7202
,
4437.5,8.0464
,
4500,17.3492
,
4562.5,2.4155
,
4625,5.0877
,
4687.5,15.7633
,
4750,2.3579
,
4812.5,14.1564
,
4875,7.1285
,
4937.5,4.7906
,
5000,14.4393
,
5062.5,3.2042
,
5125,13.0545
,
5187.5,10.7149
,
5250,5.82
,
5312.5,11.7968
,
5375,4.4696
,
5437.5,8.9429
,
5500,9.7886
,
5562.5,6.3081
,
5625,9.1765
,
5687.5,3.8493
,
5750,11.6472
,
5812.5,2.8019
,
5875,18.7117
,
5937.5,4.8475
,
6000,5.2394
,
6062.5,9.221
,
6125,3.0013
,
6187.5,11.2052
,
6250,8.4033
,
6312.5,13.385
,
6375,5.4959
,
6437.5,5.4264
,
6500,9.2119
,
6562.5,4.8337
,
6625,7.4913
,
6687.5,8.4103
,
6750,6.6841
,
6812.5,5.7291
,
6875,7.1873
,
6937.5,3.1029
,
7000,10.6667
,
7062.5,8.4363
,
7125,5.8113
,
7187.5,8.3206
,
7250,8.312
,
7312.5,4.9405
,
7375,7.6216
,
7437.5,5.8433
,
7500,6.0726
,
7562.5,4.8081
,
7625,13.1135
,
7687.5,5.5039
,
7750,12.0753
,
7812.5,14.0075
,
7875,4.3496
,
7937.5,6.4786
,
airflow(m/s),20.04
,
,
,
0,2276.1519
,
62.5,3705.2911
,
125,717.0042
,
187.5,2637.1849
,
250,1083.1874
,
312.5,128.9939
,
375,397.8412
,
437.5,139.4829
,
500,94.6073
,
562.5,27.057
,
625,51.7168
,
687.5,52.307
,
750,14.2932
,
812.5,33.9406
,
875,31.9704
,
937.5,25.9422
,
1000,14.2636
,
1062.5,22.1272
,
1125,10.4446
,
1187.5,14.023
,
1250,16.235
,
1312.5,22.1114
,
1375,8.5883
,
1437.5,12.3979
,
1500,20.1591
,
1562.5,7.7597
,
1625,5.2653
,
1687.5,7.4465
,
1750,11.4925
,
1812.5,7.4971
,
1875,7.2023
,
1937.5,7.0817
,
2000,7.8982
,
2062.5,4.5887
,
2125,2.6267
,
2187.5,14.5641
,
2250,9.5589
,
2312.5,10.3137
,
2375,2.6067
,
2437.5,2.6693
,
2500,3.2052
,
2562.5,14.4518
,
2625,7.6359
,
2687.5,4.8587
,
2750,1.4702
,
2812.5,3.296
,
2875,15.6039
,
2937.5,8.8459
,
3000,7.0855
,
3062.5,5.0553
,
3125,14.2584
,
3187.5,5.6427
,
3250,8.9417
,
3312.5,2.8412
,
3375,3.1613
,
3437.5,3.3703
,
3500,11.8712
,
3562.5,2.908
,
3625,1.2598
,
3687.5,5.6162
,
3750,2.5101
,
3812.5,1.9213
,
3875,5.1817
,
3937.5,3.8171
,
4000,4.052
,
4062.5,4.337
,
4125,7.0002
,
4187.5,7.8114
,
4250,12.09
,
4312.5,3.5641
,
4375,1.0345
,
4437.5,7.6381
,
4500,1.2571
,
4562.5,2.71
,
4625,1.6476
,
4687.5,3.4658
,
4750,2.5157
,
4812.5,2.4286
,
4875,6.7294
,
4937.5,3.6024
,
5000,3.4946
,
5062.5,4.6769
,
5125,0.975
,
5187.5,7.3022
,
5250,6.2874
,
5312.5,9.0548
,
5375,4.1666
,
5437.5,8.6269
,
5500,8.7604
,
5562.5,7.5366
,
5625,6.0249
,
5687.5,5.9113
,
5750,2.0936
,
5812.5,5.9519
,
5875,4.6399
,
5937.5,7.3409
,
6000,6.6032
,
6062.5,5.3075
,
6125,9.4292
,
6187.5,3.5944
,
6250,3.7904
,
6312.5,4.7024
,
6375,2.8631
,
6437.5,6.6705
,
6500,3.8412
,
6562.5,4.7219
,
6625,4.1356
,
6687.5,5.1924
,
6750,4.2654
,
6812.5,1.7752
,
6875,4.7213
,
6937.5,3.5118
,
7000,2.4023
,
7062.5,7.1332
,
7125,1.9077
,
7187.5,2.7489
,
7250,1.3868
,
7312.5,6.3184
,
7375,1.1248
,
7437.5,2.0431
,
7500,2.7311
,
7562.5,4.8517
,
7625,3.508
,
7687.5,6.6831
,
7750,11.3632
,
7812.5,5.1606
,
7875,3.5253
,
7937.5,2.5856
,
airflow(m/s),20.82
,
,
,
0,33081.3478
,
62.5,16961.7364
,
125,3472.7748
,
187.5,1763.6107
,
250,406.6683
,
312.5,197.0155
,
375,429.2701
,
437.5,265.1939
,
500,244.4925
,
562.5,194.5486
,
625,63.6178
,
687.5,67.6571
,
750,79.1306
,
812.5,37.1968
,
875,67.1802
,
937.5,31.7875
,
1000,49.6067
,
1062.5,29.1545
,
1125,34.5746
,
1187.5,24.2324
,
1250,22.0138
,
1312.5,27.6325
,
1375,21.2358
,
1437.5,27.0621
,
1500,15.8828
,
1562.5,16.778
,
1625,19.3673
,
1687.5,25.2429
,
1750,14.2055
,
1812.5,22.6021
,
1875,12.1752
,
1937.5,17.3061
,
2000,20.0149
,
2062.5,9.5795
,
2125,17.8427
,
2187.5,16.9279
,
2250,12.7802
,
2312.5,8.9227
,
2375,19.1037
,
2437.5,13.3845
,
2500,12.0158
,
2562.5,18.301
,
2625,5.1229
,
2687.5,15.6475
,
2750,10.4737
,
2812.5,12.5761
,
2875,15.1268
,
2937.5,11.7276
,
3000,13.9745
,
3062.5,8.451
,
3125,14.5828
,
3187.5,17.655
,
3250,9.3314
,
3312.5,6.8624
,
3375,15.6972
,
3437.5,12.9804
,
3500,5.9284
,
3562.5,15.8208
,
3625,11.921
,
3687.5,6.1504
,
3750,10.2839
,
3812.5,8.6814
,
3875,8.9971
,
3937.5,9.8684
,
4000,9.6917
,
4062.5,2.2754
,
4125,11.0077
,
4187.5,10.9685
,
4250,9.8572
,
4312.5,8.6347
,
4375,6.3857
,
4437.5,6.7125
,
4500,8.6454
,
4562.5,7.1716
,
4625,9.1555
,
4687.5,5.5533
,
4750,11.5029
,
4812.5,5.2107
,
4875,13.0325
,
4937.5,5.7352
,
5000,14.8533
,
5062.5,10.315
,
5125,16.0178
,
5187.5,5.5196
,
5250,3.079
,
5312.5,12.3781
,
5375,3.6674
,
5437.5,15.2614
,
5500,3.0125
,
5562.5,10.3444
,
5625,5.7656
,
5687.5,9.5917
,
5750,5.3571
,
5812.5,6.4657
,
5875,4.538
,
5937.5,10.2134
,
6000,6.9236
,
6062.5,6.6186
,
6125,4.6899
,
6187.5,7.0878
,
6250,10.5985
,
6312.5,2.9941
,
6375,7.2493
,
6437.5,5.3325
,
6500,8.4592
,
6562.5,1.2389
,
6625,11.0039
,
6687.5,5.2952
,
6750,5.041
,
6812.5,6.3375
,
6875,2.6622
,
6937.5,12.6976
,
7000,2.5984
,
7062.5,4.4964
,
7125,13.3189
,
7187.5,7.0449
,
7250,4.4051
,
7312.5,8.217
,
7375,5.5367
,
7437.5,10.997
,
7500,9.0581
,
7562.5,4.4385
,
7625,14.9213
,
7687.5,3.1703
,
7750,6.6531
,
7812.5,6.2755
,
7875,5.6301
,
7937.5,7.9812
,
airflow(m/s),20.3
,
,
,
0,6823.0149
,
62.5,4775.5829
,
125,1336.1426
,
187.5,694.8494
,
250,284.7394
,
312.5,99.0426
,
375,31.4224
,
437.5,96.3456
,
500,17.1686
,
562.5,9.0167
,
625,11.856
,
687.5,27.829
,
750,11.9371
,
812.5,24.1632
,
875,3.2996
,
937.5,16.5488
,
1000,11.4621
,
1062.5,1.1405
,
1125,8.3266
,
1187.5,8.9088
,
1250,4.0587
,
1312.5,16.0447
,
1375,5.7438
,
1437.5,12.024
,
1500,7.1269
,
1562.5,2.2945
,
1625,8.6284
,
1687.5,2.5209
,
1750,8.7702
,
1812.5,6.7123
,
1875,6.6946
,
1937.5,10.3049
,
2000,7.2076
,
2062.5,6.8758
,
2125,3.4054
,
2187.5,7.2168
,
2250,9.2
,
2312.5,6.3027
,
2375,9.9858
,
2437.5,4.9107
,
2500,10.3063
,
2562.5,6.3965
,
2625,8.992
,
2687.5,16.1116
,
2750,8.5644
,
2812.5,10.4818
,
2875,2.8344
,
2937.5,7.2531
,
3000,7.8462
,
3062.5,4.2175
,
3125,2.1766
,
3187.5,6.0853
,
3250,6.0921
,
3312.5,6.7328
,
3375,8.9134
,
3437.5,9.3145
,
3500,5.7949
,
3562.5,9.9472
,
3625,2.9722
,
3687.5,9.5153
,
3750,3.8398
,
3812.5,7.9239
,
3875,1.007
,
3937.5,3.103
,
4000,2.8466
,
4062.5,8.2078
,
4125,2.7502
,
4187.5,7.6869
,
4250,1.5503
,
4312.5,4.3957
,
4375,5.0787
,
4437.5,6.8678
,
4500,4.0472
,
4562.5,5.8184
,
4625,6.7967
,
4687.5,5.1549
,
4750,0.7551
,
4812.5,3.0473
,
4875,8.5527
,
4937.5,2.6813
,
5000,7.3807
,
5062.5,12.5802
,
5125,6.6851
,
5187.5,8.3862
,
5250,2.1622
,
5312.5,6.7773
,
5375,2.6007
,
5437.5,5.2569
,
5500,10.3798
,
5562.5,5.6789
,
5625,6.2837
,
5687.5,2.8457
,
5750,0.7408
,
5812.5,8.5674
,
5875,5.549
,
5937.5,3.1187
,
6000,5.4692
,
6062.5,4.2116
,
6125,4.4596
,
6187.5,5.9264
,
6250,1.9931
,
6312.5,4.3427
,
6375,5.5734
,
6437.5,9.1049
,
6500,14.7449
,
6562.5,10.9537
,
6625,4.3819
,
6687.5,4.5296
,
6750,3.3989
,
6812.5,8.7198
,
6875,9.1947
,
6937.5,1.5483
,
7000,2.2117
,
7062.5,1.794
,
7125,7.0498
,
7187.5,2.0917
,
7250,1.6789
,
7312.5,9.6477
,
7375,4.9927
,
7437.5,2.2152
,
7500,5.3136
,
7562.5,6.9229
,
7625,7.1577
,
7687.5,7.8606
,
7750,4.696
,
7812.5,8.1749
,
7875,9.6117
,
7937.5,1.5418
,
airflow(m/s),20.3
,
,
,
0,4433.5692
,
62.5,8102.2798
,
125,5021.8669
,
187.5,1804.1506
,
250,962.4274
,
312.5,803.1504
,
375,101.7858
,
437.5,179.4283
,
500,166.0727
,
562.5,183.4965
,
625,92.3846
,
687.5,72.0506
,
750,58.2665
,
812.5,23.5061
,
875,69.5105
,
937.5,42.0835
,
1000,53.7273
,
1062.5,22.6074
,
1125,33.7083
,
1187.5,30.3241
,
1250,32.8313
,
1312.5,15.8709
,
1375,28.1629
,
1437.5,24.6786
,
1500,33.4234
,
1562.5,7.7915
,
1625,29.751
,
1687.5,29.3974
,
1750,17.184
,
1812.5,11.8928
,
1875,26.7596
,
1937.5,10.6793
,
2000,22.3204
,
2062.5,16.5813
,
2125,12.7942
,
2187.5,24.4465
,
2250,13.4612
,
2312.5,14.4963
,
2375,12.486
,
2437.5,19.3836
,
2500,7.0259
,
2562.5,17.6439
,
2625,7.8004
,
2687.5,21.4793
,
2750,11.8402
,
2812.5,15.9505
,
2875,8.0293
,
2937.5,19.0561
,
3000,9.9967
,
3062.5,11.5415
,
3125,11.9878
,
3187.5,14.7554
,
3250,13.2834
,
3312.5,11.4454
,
3375,13.346
,
3437.5,10.1576
,
3500,12.2853
,
3562.5,10.9156
,
3625,15.0401
,
3687.5,13.8742
,
3750,9.0527
,
3812.5,10.7262
,
3875,13.5692
,
3937.5,4.3384
,
4000,12.3974
,
4062.5,12.0514
,
4125,4.8661
,
4187.5,15.4395
,
4250,11.3381
,
4312.5,4.1627
,
4375,14.1732
,
4437.5,6.544
,
4500,11.7611
,
4562.5,10.6303
,
4625,5.5266
,
4687.5,13.4646
,
4750,3.1218
,
4812.5,11.1297
,
4875,5.0852
,
4937.5,13.3214
,
5000,8.0249
,
5062.5,12.2109
,
5125,3.699
,
5187.5,10.4791
,
5250,12.2135
,
5312.5,8.6417
,
5375,8.7731
,
5437.5,8.5292
,
5500,11.6009
,
5562.5,4.3477
,
5625,8.5273
,
5687.5,6.7568
,
5750,9.2952
,
5812.5,7.6929
,
5875,5.9508
,
5937.5,11.0846
,
6000,7.7491
,
6062.5,18.7415
,
6125,9.8236
,
6187.5,5.2117
,
6250,6.2282
,
6312.5,12.1499
,
6375,5.7389
,
6437.5,6.1232
,
6500,7.9448
,
6562.5,8.8139
,
6625,5.5866
,
6687.5,12.16
,
6750,3.6699
,
6812.5,7.4376
,
6875,6.0795
,
6937.5,8.6985
,
7000,6.9376
,
7062.5,4.8536
,
7125,5.9759
,
7187.5,13.5193
,
7250,5.1161
,
7312.5,5.9946
,
7375,5.7683
,
7437.5,11.2347
,
7500,6.7016
,
7562.5,14.8063
,
7625,3.9967
,
7687.5,6.5737
,
7750,10.8907
,
7812.5,9.8198
,
7875,3.9236
,
7937.5,13.7773
,
airflow(m/s),21.08
,
,
,
0,14958.5593
,
62.5,7245.5576
,
125,1379.9012
,
187.5,695.2989
,
250,499.9942
,
312.5,256.7865
,
375,35.9922
,
437.5,112.0025
,
500,37.405
,
562.5,77.7056
,
625,94.6439
,
687.5,48.9398
,
750,67.3829
,
812.5,62.2257
,
875,47.8189
,
937.5,36.6084
,
1000,56.0454
,
1062.5,36.1814
,
1125,32.8665
,
1187.5,43.36
,
1250,30.8882
,
1312.5,29.1775
,
1375,32.6991
,
1437.5,40.6088
,
1500,23.4771
,
1562.5,30.2449
,
1625,21.8287
,
1687.5,32.9203
,
1750,15.6329
,
1812.5,28.6182
,
1875,26.9596
,
1937.5,15.0068
,
2000,25.483
,
2062.5,19.4844
,
2125,16.3325
,
2187.5,26.7249
,
2250,14.117
,
2312.5,24.3392
,
2375,17.2702
,
2437.5,15.8906
,
2500,17.0583
,
2562.5,22.9952
,
2625,11.8098
,
2687.5,16.9825
,
2750,21.1934
,
2812.5,9.0604
,
2875,19.9471
,
2937.5,15.5562
,
3000,19.7859
,
3062.5,16.0507
,
3125,19.334
,
3187.5,13.3481
,
3250,20.4836
,
3312.5,7.2355
,
3375,14.8
,
3437.5,12.3272
,
3500,12.6126
,
3562.5,12.1006
,
3625,13.4881
,
3687.5,13.6089
,
3750,12.1363
,
3812.5,16.1414
,
3875,10.9373
,
3937.5,9.8724
,
4000,12.0483
,
4062.5,12.2955
,
4125,16.6689
,
4187.5,8.1483
,
4250,13.1257
,
4312.5,11.202
,
4375,14.1521
,
4437.5,3.7783
,
4500,18.2094
,
4562.5,13.149
,
4625,5.5256
,
4687.5,15.716
,
4750,5.1957
,
4812.5,11.1021
,
4875,11.9753
,
4937.5,15.7759
,
5000,6.9492
,
5062.5,8.5511
,
5125,15.5565
,
5187.5,8.5513
,
5250,10.9602
,
5312.5,5.3583
,
5375,15.7063
,
5437.5,6.519
,
5500,12.6479
,
5562.5,11.0083
,
5625,12.1552
,
5687.5,10.5166
,
5750,10.9661
,
5812.5,8.4293
,
5875,11.4397
,
5937.5,14.9979
,
6000,11.4271
,
6062.5,10.2575
,
6125,6.6589
,
6187.5,9.5638
,
6250,10.0924
,
6312.5,13.8064
,
6375,9.018
,
6437.5,10.2524
,
6500,5.4177
,
6562.5,14.9438
,
6625,3.5088
,
6687.5,13.528
,
6750,10.9548
,
6812.5,11.9002
,
6875,8.0301
,
6937.5,10.3105
,
7000,10.0256
,
7062.5,9.0182
,
7125,14.6042
,
7187.5,12.4788
,
7250,9.9723
,
7312.5,9.2749
,
7375,11.1654
,
7437.5,3.9304
,
7500,13.3424
,
7562.5,4.8918
,
7625,7.4785
,
7687.5,9.3078
,
7750,11.4588
,
7812.5,11.3189
,
7875,2.0401
,
7937.5,19.8559
,
airflow(m/s),24.42
,
,
,
0,21699.7269
,
62.5,7409.1337
,
125,1926.245
,
187.5,4208.6145
,
250,4212.7604
,
312.5,1222.6587
,
375,2078.6825
,
437.5,2734.773
,
500,1527.276
,
562.5,667.3291
,
625,521.6298
,
687.5,282.0003
,
750,387.0894
,
812.5,295.2224
,
875,89.5109
,
937.5,371.5948
,
1000,108.1659
,
1062.5,256.893
,
1125,42.429
,
1187.5,147.7418
,
1250,61.9346
,
1312.5,153.391
,
1375,44.3374
,
1437.5,127.1301
,
1500,47.66
,
1562.5,97.3684
,
1625,61.4018
,
1687.5,73.7267
,
1750,63.6614
,
1812.5,68.1224
,
1875,57.4427
,
1937.5,64.5792
,
2000,59.7791
,
2062.5,57.1624
,
2125,51.4164
,
2187.5,60.4909
,
2250,49.8591
,
2312.5,55.6118
,
2375,45.3988
,
2437.5,48.2569
,
2500,45.0644
,
2562.5,53.412
,
2625,44.7627
,
2687.5,34.8602
,
2750,53.7856
,
2812.5,41.596
,
2875,41.1622
,
2937.5,46.9329
,
3000,41.7872
,
3062.5,36.9279
,
3125,36.1578
,
3187.5,38.9976
,
3250,40.8834
,
3312.5,36.4138
,
3375,33.4876
,
3437.5,42.3201
,
3500,30.7083
,
3562.5,38.735
,
3625,31.1658
,
3687.5,30.7734
,
3750,31.5991
,
3812.5,37.5678
,
3875,35.8032
,
3937.5,26.4689
,
4000,36.2715
,
4062.5,29.4181
,
4125,31.7062
,
4187.5,27.861
,
4250,32.6594
,
4312.5,30.133
,
4375,27.884
,
4437.5,30.8491
,
4500,28.4329
,
4562.5,29.1498
,
4625,27.2591
,
4687.5,24.9504
,
4750,32.7395
,
4812.5,26.1292
,
4875,25.6112
,
4937.5,26.4039
,
5000,31.4191
,
5062.5,26.0933
,
5125,24.3235
,
5187.5,27.2922
,
5250,33.1022
,
5312.5,17.3062
,
5375,28.8106
,
5437.5,28.3063
,
5500,26.4988
,
5562.5,21.8493
,
5625,26.294
,
5687.5,27.8455
,
5750,22.4761
,
5812.5,22.2267
,
5875,30.2136
,
5937.5,22.3759
,
6000,27.9017
,
6062.5,19.4521
,
6125,28.5841
,
6187.5,20.9697
,
6250,27.1266
,
6312.5,27.1927
,
6375,19.6951
,
6437.5,22.952
,
6500,26.6084
,
6562.5,20.3878
,
6625,27.5067
,
6687.5,23.0184
,
6750,18.9464
,
6812.5,27.606
,
6875,21.9436
,
6937.5,21.549
,
7000,25.1874
,
7062.5,23.6028
,
7125,27.3478
,
7187.5,19.5529
,
7250,22.416
,
7312.5,20.104
,
7375,25.7573
,
7437.5,24.444
,
7500,19.3782
,
7562.5,30.8292
,
7625,17.4035
,
7687.5,23.469
,
7750,21.7969
,
7812.5,22.1817
,
7875,26.3947
,
7937.5,21.9179
,
airflow(m/s),20.04
,
,
,
0,2692.5172
,
62.5,1104.079
,
125,1510.6406
,
187.5,666.7368
,
250,132.5321
,
312.5,102.8493
,
375,44.4443
,
437.5,116.0348
,
500,37.4641
,
562.5,92.8335
,
625,13.1084
,
687.5,80.385
,
750,45.3325
,
812.5,33.1384
,
875,44.0333
,
937.5,43.5303
,
1000,14.407
,
1062.5,50.7586
,
1125,23.1804
,
1187.5,25.8762
,
1250,22.8223
,
1312.5,21.4197
,
1375,48.2275
,
1437.5,21.2667
,
1500,31.9469
,
1562.5,19.2619
,
1625,20.1546
,
1687.5,21.9134
,
1750,20.0763
,
1812.5,14.3683
,
1875,22.649
,
1937.5,10.4964
,
2000,20.498
,
2062.5,16.4225
,
2125,13.822
,
2187.5,21.3351
,
2250,12.6618
,
2312.5,17.5879
,
2375,11.3409
,
2437.5,19.7255
,
2500,12.6644
,
2562.5,9.2574
,
2625,16.464
,
2687.5,15.3838
,
2750,12.3135
,
2812.5,11.8693
,
2875,14.1556
,
2937.5,7.973
,
3000,14.7651
,
3062.5,19.1457
,
3125,4.2335
,
3187.5,16.7492
,
3250,11.9056
,
3312.5,12.5755
,
3375,8.1236
,
3437.5,15.4705
,
3500,8.8457
,
3562.5,13.9503
,
3625,17.3694
,
3687.5,4.6918
,
3750,13.8146
,
3812.5,5.7442
,
3875,11.1696
,
3937.5,7.8683
,
4000,11.6558
,
4062.5,7.2411
,
4125,11.7286
,
4187.5,8.7208
,
4250,6.9434
,
4312.5,8.7572
,
4375,11.3936
,
4437.5,6.1178
,
4500,11.0235
,
4562.5,8.0818
,
4625,9.975
,
4687.5,5.9602
,
4750,11.0447
,
4812.5,6.1529
,
4875,6.3937
,
4937.5,9.732
,
5000,9.1673
,
5062.5,12.1851
,
5125,6.1714
,
5187.5,10.8584
,
5250,9.1945
,
5312.5,15.9313
,
5375,2.5112
,
5437.5,9.3177
,
5500,11.0946
,
5562.5,4.2165
,
5625,10.7233
,
5687.5,11.5235
,
5750,6.2639
,
5812.5,5.776
,
5875,17.6701
,
5937.5,2.8346
,
6000,12.1976
,
6062.5,9.2614
,
6125,2.6931
,
6187.5,15.6774
,
6250,10.2558
,
6312.5,5.5405
,
6375,11.619
,
6437.5,9.8341
,
6500,5.2426
,
6562.5,7.082
,
6625,6.8986
,
6687.5,14.9977
,
6750,2.7105
,
6812.5,5.1598
,
6875,4.2795
,
6937.5,17.1941
,
7000,4.5503
,
7062.5,7.8248
,
7125,13.4859
,
7187.5,10.674
,
7250,11.9816
,
7312.5,6.1196
,
7375,15.9739
,
7437.5,4.5843
,
7500,6.2627
,
7562.5,12.0629
,
7625,3.4394
,
7687.5,7.4141
,
7750,5.9163
,
7812.5,5.6896
,
7875,15.8518
,
7937.5,4.2464
,
airflow(m/s),20.82
,
,
,
0,10214.7415
,
62.5,5884.3054
,
125,2412.871
,
187.5,575.2714
,
250,298.3457
,
312.5,240.1994
,
375,71.9405
,
437.5,140.6832
,
500,92.9805
,
562.5,101.6003
,
625,56.2465
,
687.5,80.5901
,
750,60.5638
,
812.5,44.7849
,
875,73.6076
,
937.5,39.4739
,
1000,62.1518
,
1062.5,36.2997
,
1125,49.7897
,
1187.5,46.8375
,
1250,34.6721
,
1312.5,39.3891
,
1375,37.5591
,
1437.5,28.2561
,
1500,39.1819
,
1562.5,28.043
,
1625,31.3991
,
1687.5,26.232
,
1750,37.2173
,
1812.5,15.0165
,
1875,36.8662
,
1937.5,22.1255
,
2000,21.2387
,
2062.5,31.4991
,
2125,13.5218
,
2187.5,30.439
,
2250,19.6998
,
2312.5,22.4572
,
2375,14.9413
,
2437.5,34.7006
,
2500,13.7714
,
2562.5,10.5888
,
2625,34.0681
,
2687.5,13.8171
,
2750,22.2273
,
2812.5,20.4223
,
2875,15.3782
,
2937.5,20.492
,
3000,20.4153
,
3062.5,10.6854
,
3125,20.2943
,
3187.5,22.8774
,
3250,7.0135
,
3312.5,24.008
,
3375,12.2189
,
3437.5,16.2856
,
3500,24.1074
,
3562.5,11.5669
,
3625,15.0211
,
3687.5,11.3073
,
3750,20.3812
,
3812.5,10.1907
,
3875,14.4285
,
3937.5,16.0096
,
4000,10.9886
,
4062.5,18.4952
,
4125,12.4447
,
4187.5,12.3132
,
4250,14.3919
,
4312.5,9.7497
,
4375,18.7738
,
4437.5,11.958
,
4500,13.4485
,
4562.5,9.758
,
4625,18.5383
,
4687.5,10.5125
,
4750,20.7372
,
4812.5,8.6237
,
4875,14.0742
,
4937.5,12.2339
,
5000,12.7848
,
5062.5,8.2475
,
5125,17.6144
,
5187.5,7.1072
,
5250,11.5023
,
5312.5,11.9088
,
5375,14.1433
,
5437.5,8.0723
,
5500,14.9317
,
5562.5,10.5639
,
5625,15.2467
,
5687.5,5.7774
,
5750,11.8389
,
5812.5,11.2976
,
5875,11.2756
,
5937.5,14.3725
,
6000,5.1673
,
6062.5,13.3915
,
6125,14.0187
,
6187.5,7.8972
,
6250,13.4737
,
6312.5,10.6353
,
6375,9.0608
,
6437.5,8.8854
,
6500,11.9985
,
6562.5,7.1928
,
6625,14.8875
,
6687.5,10.112
,
6750,13.8218
,
6812.5,9.2073
,
6875,13.271
,
6937.5,3.5386
,
7000,13.0992
,
7062.5,6.6089
,
7125,13.1018
,
7187.5,8.7822
,
7250,8.2516
,
7312.5,12.9268
,
7375,13.3319
,
7437.5,3.3449
,
7500,16.466
,
7562.5,1.0935
,
7625,17.8154
,
7687.5,6.973
,
7750,11.7052
,
7812.5,7.8302
,
7875,7.3494
,
7937.5,10.856
,
airflow(m/s),21.08
,
,
,
0,17723.9156
,
62.5,9299.4443
,
125,978.6967
,
187.5,2632.1883
,
250,549.2646
,
312.5,1347.3969
,
375,266.6951
,
437.5,353.4684
,
500,246.9185
,
562.5,21.8128
,
625,135.3089
,
687.5,117.7984
,
750,68.002
,
812.5,68.6687
,
875,87.6321
,
937.5,51.3963
,
1000,41.8283
,
1062.5,17.1389
,
1125,14.0861
,
1187.5,10.5827
,
1250,21.5499
,
1312.5,20.1499
,
1375,26.5489
,
1437.5,22.862
,
1500,9.1281
,
1562.5,5.4961
,
1625,17.1932
,
1687.5,11.9859
,
1750,24.2862
,
1812.5,1.4829
,
1875,9.1108
,
1937.5,19.2793
,
2000,7.3882
,
2062.5,12.9857
,
2125,12.5576
,
2187.5,12.6474
,
2250,13.2053
,
2312.5,8.0773
,
2375,13.2957
,
2437.5,6.1138
,
2500,14.417
,
2562.5,5.4105
,
2625,12.0988
,
2687.5,7.2661
,
2750,10.2753
,
2812.5,10.5719
,
2875,7.9351
,
2937.5,9.4069
,
3000,5.5388
,
3062.5,11.2015
,
3125,6.7899
,
3187.5,6.4283
,
3250,6.1049
,
3312.5,12.2461
,
3375,4.0847
,
3437.5,7.8262
,
3500,10.7586
,
3562.5,6.7024
,
3625,23.2162
,
3687.5,8.1995
,
3750,5.4819
,
3812.5,13.5178
,
3875,1.8562
,
3937.5,9.354
,
4000,3.1287
,
4062.5,10.1486
,
4125,8.6643
,
4187.5,1.3155
,
4250,10.7483
,
4312.5,3.8687
,
4375,7.1327
,
4437.5,7.3315
,
4500,5.4599
,
4562.5,9.418
,
4625,1.3707
,
4687.5,7.115
,
4750,2.8562
,
4812.5,3.5472
,
4875,7.5361
,
4937.5,8.4562
,
5000,0.9362
,
5062.5,9.4061
,
5125,4.3065
,
5187.5,8.8342
,
5250,4.6715
,
5312.5,15.0393
,
5375,7.4759
,
5437.5,1.9396
,
5500,13.8837
,
5562.5,7.7135
,
5625,4.305
,
5687.5,1.7824
,
5750,10.0888
,
5812.5,8.7374
,
5875,7.6123
,
5937.5,1.2879
,
6000,9.6029
,
6062.5,3.3503
,
6125,5.1142
,
6187.5,4.609
,
6250,9.9284
,
6312.5,5.7122
,
6375,17.1277
,
6437.5,2.7167
,
6500,1.576
,
6562.5,9.1631
,
6625,1.7957
,
6687.5,9.5473
,
6750,3.2414
,
6812.5,12.2157
,
6875,4.1276
,
6937.5,10.2927
,
7000,12.2486
,
7062.5,7.8757
,
7125,6.2796
,
7187.5,6.5626
,
7250,6.5407
,
7312.5,5.8012
,
7375,10.4818
,
7437.5,2.8308
,
7500,2.1666
,
7562.5,8.7096
,
7625,0.6102
,
7687.5,6.7027
,
7750,2.1988
,
7812.5,4.5747
,
7875,3.8449
,
7937.5,9.3687
,
airflow(m/s),20.56
,
,
,
0,54649.3723
,
62.5,33072.2299
,
125,10399.3043
,
187.5,3378.3332
,
250,1738.9146
,
312.5,1900.2634
,
375,1182.0998
,
437.5,885.7698
,
500,697.8565
,
562.5,572.4547
,
625,174.0379
,
687.5,215.318
,
750,143.8282
,
812.5,305.9362
,
875,55.6013
,
937.5,35.0884
,
1000,96.5096
,
1062.5,63.3456
,
1125,66.4137
,
1187.5,53.6636
,
1250,39.9199
,
1312.5,55.2812
,
1375,54.2669
,
1437.5,33.5522
,
1500,42.554
,
1562.5,48.0021
,
1625,36.8804
,
1687.5,35.1617
,
1750,40.6537
,
1812.5,33.2968
,
1875,35.9087
,
1937.5,28.3157
,
2000,36.4984
,
2062.5,30.3552
,
2125,34.4472
,
2187.5,29.4006
,
2250,26.0862
,
2312.5,28.2779
,
2375,27.1982
,
2437.5,33.3874
,
2500,24.7569
,
2562.5,29.1011
,
2625,26.1495
,
2687.5,26.1994
,
2750,24.4045
,
2812.5,25.9245
,
2875,22.9816
,
2937.5,21.488
,
3000,22.1679
,
3062.5,25.8362
,
3125,24.58
,
3187.5,15.5162
,
3250,24.2337
,
3312.5,17.2409
,
3375,22.4471
,
3437.5,22.9801
,
3500,15.6265
,
3562.5,19.4519
,
3625,17.6976
,
3687.5,20.812
,
3750,23.8152
,
3812.5,15.8317
,
3875,17.6473
,
3937.5,16.9709
,
4000,18.1561
,
4062.5,17.8616
,
4125,17.6229
,
4187.5,17.0915
,
4250,12.3083
,
4312.5,23.2111
,
4375,17.8369
,
4437.5,17.0252
,
4500,22.4969
,
4562.5,10.0759
,
4625,18.72
,
4687.5,20.1272
,
4750,3.9893
,
4812.5,21.1891
,
4875,16.3412
,
4937.5,12.883
,
5000,16.2803
,
5062.5,15.0487
,
5125,10.9653
,
5187.5,20.6844
,
5250,13.4739
,
5312.5,16.1977
,
5375,13.2349
,
5437.5,15.0395
,
5500,17.5674
,
5562.5,14.1859
,
5625,12.8715
,
5687.5,14.8797
,
5750,9.8715
,
5812.5,16.3151
,
5875,12.5127
,
5937.5,13.6325
,
6000,13.8369
,
6062.5,15.3734
,
6125,9.8536
,
6187.5,18.89
,
6250,19.3667
,
6312.5,6.058
,
6375,17.0755
,
6437.5,8.7404
,
6500,15.5045
,
6562.5,11.8381
,
6625,10.7636
,
6687.5,16.9946
,
6750,9.64
,
6812.5,17.3805
,
6875,13.3521
,
6937.5,8.0871
,
7000,18.1273
,
7062.5,12.9349
,
7125,14.8433
,
7187.5,12.8578
,
7250,14.443
,
7312.5,7.8898
,
7375,12.7111
,
7437.5,15.6087
,
7500,13.0044
,
7562.5,15.5364
,
7625,8.8699
,
7687.5,16.4884
,
7750,12.5145
,
7812.5,8.5514
,
7875,18.8659
,
7937.5,7.9616
,
airflow(m/s),20.56
,
,
,
0,8235.8843
,
62.5,3503.7702
,
125,521.5124
,
187.5,285.4829
,
250,769.8259
,
312.5,545.1992
,
375,223.806
,
437.5,82.3701
,
500,24.6171
,
562.5,66.5643
,
625,28.6074
,
687.5,30.6214
,
750,32.1623
,
812.5,19.4619
,
875,11.3714
,
937.5,13.9143
,
1000,21.1668
,
1062.5,6.9581
,
1125,23.9543
,
1187.5,12.6611
,
1250,14.3693
,
1312.5,17.471
,
1375,7.6641
,
1437.5,17.6371
,
1500,7.3629
,
1562.5,7.1876
,
1625,18.6756
,
1687.5,8.3944
,
1750,4.3323
,
1812.5,18.1181
,
1875,2.345
,
1937.5,3.9902
,
2000,10.1094
,
2062.5,11.1165
,
2125,4.9501
,
2187.5,15.6322
,
2250,4.1545
,
2312.5,14.9625
,
2375,10.7387
,
2437.5,7.787
,
2500,4.3692
,
2562.5,16.9117
,
2625,10.6338
,
2687.5,13.9669
,
2750,5.2268
,
2812.5,10.9667
,
2875,9.7419
,
2937.5,10.5565
,
3000,4.3749
,
3062.5,12.3727
,
3125,4.4532
,
3187.5,3.173
,
3250,7.5359
,
3312.5,3.0936
,
3375,6.4349
,
3437.5,2.6752
,
3500,6.3426
,
3562.5,10.0858
,
3625,5.0283
,
3687.5,4.7384
,
3750,6.4676
,
3812.5,2.481
,
3875,9.6377
,
3937.5,2.0226
,
4000,2.9003
,
4062.5,10.3319
,
4125,1.5284
,
4187.5,5.4146
,
4250,0.3414
,
4312.5,3.1486
,
4375,8.1532
,
4437.5,5.7806
,
4500,10.9127
,
4562.5,6.7601
,
4625,6.5524
,
4687.5,1.6682
,
4750,3.3494
,
4812.5,8.7839
,
4875,5.0831
,
4937.5,7.1373
,
5000,2.9249
,
5062.5,7.0629
,
5125,2.3221
,
5187.5,4.0443
,
5250,7.3431
,
5312.5,10.0444
,
5375,7.1286
,
5437.5,7.409
,
5500,6.1719
,
5562.5,2.8387
,
5625,2.1204
,
5687.5,4.05
,
5750,7.6132
,
5812.5,1.399
,
5875,4.5828
,
5937.5,5.6612
,
6000,8.0314
,
6062.5,7.1776
,
6125,1.441
,
6187.5,11.1115
,
6250,4.2545
,
6312.5,5.6804
,
6375,5.6136
,
6437.5,4.6716
,
6500,3.2256
,
6562.5,4.3626
,
6625,4.3156
,
6687.5,5.1503
,
6750,2.0512
,
6812.5,8.1314
,
6875,9.2488
,
6937.5,3.479
,
7000,5.0937
,
7062.5,5.4046
,
7125,12.2337
,
7187.5,3.2804
,
7250,1.3868
,
7312.5,1.6493
,
7375,5.3855
,
7437.5,2.0054
,
7500,9.5029
,
7562.5,3.0919
,
7625,1.4862
,
7687.5,6.7696
,
7750,3.0351
,
7812.5,5.1892
,
7875,9.2469
,
7937.5,5.1148
,
airflow(m/s),21.34
,
,
,
0,14867.0514
,
62.5,6075.6418
,
125,2795.5141
,
187.5,1211.7816
,
250,1187.7219
,
312.5,222.8781
,
375,167.4303
,
437.5,107.3265
,
500,144.2826
,
562.5,71.4604
,
625,60.5245
,
687.5,19.6516
,
750,36.8375
,
812.5,14.2729
,
875,11.6026
,
937.5,22.9181
,
1000,22.3346
,
1062.5,21.7795
,
1125,9.9881
,
1187.5,7.6084
,
1250,12.5828
,
1312.5,11.1619
,
1375,9.0092
,
1437.5,12.7048
,
1500,5.8642
,
1562.5,3.5825
,
1625,8.5108
,
1687.5,12.7576
,
1750,12.8528
,
1812.5,7.1741
,
1875,17.9667
,
1937.5,4.6879
,
2000,5.974
,
2062.5,15.0241
,
2125,6.1745
,
2187.5,3.8949
,
2250,7.5703
,
2312.5,4.4583
,
2375,14.4784
,
2437.5,3.9799
,
2500,8.628
,
2562.5,12.8097
,
2625,10.7946
,
2687.5,4.5677
,
2750,5.0864
,
2812.5,7.8246
,
2875,8.0484
,
2937.5,4.9318
,
3000,5.8888
,
3062.5,2.3715
,
3125,9.7626
,
3187.5,6.4683
,
3250,1.916
,
3312.5,8.623
,
3375,3.1321
,
3437.5,2.1271
,
3500,8.0023
,
3562.5,12.8753
,
3625,7.1844
,
3687.5,4.2563
,
3750,14.0885
,
3812.5,4.8259
,
3875,8.0272
,
3937.5,9.5215
,
4000,8.185
,
4062.5,6.0029
,
4125,4.401
,
4187.5,9.8224
,
4250,3.6077
,
4312.5,2.0145
,
4375,7.277
,
4437.5,1.4032
,
4500,6.5016
,
4562.5,4.2122
,
4625,2.3659
,
4687.5,5.4783
,
4750,7.6464
,
4812.5,1.838
,
4875,10.2477
,
4937.5,11.4165
,
5000,9.3774
,
5062.5,7.0459
,
5125,6.6766
,
5187.5,2.8912
,
5250,2.4524
,
5312.5,5.4234
,
5375,6.8791
,
5437.5,7.5169
,
5500,10.4791
,
5562.5,5.3301
,
5625,5.4277
,
5687.5,5.2032
,
5750,2.2478
,
5812.5,11.6335
,
5875,10.6195
,
5937.5,12.8634
,
6000,6.6623
,
6062.5,3.9432
,
6125,9.3038
,
6187.5,7.472
,
6250,6.8696
,
6312.5,3.1054
,
6375,7.4785
,
6437.5,7.5202
,
6500,9.7045
,
6562.5,3.0937
,
6625,4.5056
,
6687.5,5.6927
,
6750,10.8015
,
6812.5,4.5176
,
6875,5.0269
,
6937.5,1.5638
,
7000,0.8228
,
7062.5,4.8566
,
7125,2.665
,
7187.5,3.969
,
7250,5.7162
,
7312.5,4.8253
,
7375,6.5584
,
7437.5,3.367
,
7500,3.4863
,
7562.5,8.7307
,
7625,3.8477
,
7687.5,6.7916
,
7750,4.7724
,
7812.5,7.0624
,
7875,5.6192
,
7937.5,2.7137
,
airflow(m/s),20.82
,
,
,
0,8753.2695
,
62.5,3541.7306
,
125,2140.8677
,
187.5,487.206
,
250,246.9395
,
312.5,97.7241
,
375,113.0083
,
437.5,58.8948
,
500,20.0128
,
562.5,106.4633
,
625,51.7102
,
687.5,50.7494
,
750,50.9445
,
812.5,40.9355
,
875,43.446
,
937.5,56.4748
,
1000,33.7635
,
1062.5,25.4604
,
1125,39.3783
,
1187.5,28.6211
,
1250,34.5233
,
1312.5,23.3608
,
1375,36.5617
,
1437.5,20.164
,
1500,27.232
,
1562.5,29.0544
,
1625,27.5272
,
1687.5,17.3053
,
1750,29.6885
,
1812.5,20.7789
,
1875,16.4872
,
1937.5,24.9088
,
2000,15.2545
,
2062.5,24.3962
,
2125,15.8427
,
2187.5,21.8829
,
2250,15.0056
,
2312.5,23.8013
,
2375,13.7041
,
2437.5,19.641
,
2500,17.5446
,
2562.5,16.8518
,
2625,16.2077
,
2687.5,16.1726
,
2750,12.6562
,
2812.5,18.9072
,
2875,11.1831
,
2937.5,9.1819
,
3000,22.3158
,
3062.5,12.2535
,
3125,10.1965
,
3187.5,13.7597
,
3250,9.032
,
3312.5,16.0123
,
3375,17.1832
,
3437.5,9.3541
,
3500,9.9011
,
3562.5,14.189
,
3625,10.1757
,
3687.5,14.2562
,
3750,8.1203
,
3812.5,15.7857
,
3875,12.6862
,
3937.5,8.0225
,
4000,13.6628
,
4062.5,12.3466
,
4125,17.3667
,
4187.5,5.4155
,
4250,10.9028
,
4312.5,13.7338
,
4375,6.914
,
4437.5,11.0822
,
4500,10.0041
,
4562.5,7.4258
,
4625,13.717
,
4687.5,11.0546
,
4750,15.1643
,
4812.5,5.5656
,
4875,11.5231
,
4937.5,10.0737
,
5000,9.4612
,
5062.5,7.5571
,
5125,9.6069
,
5187.5,10.1604
,
5250,9.7576
,
5312.5,10.8328
,
5375,11.7057
,
5437.5,2.56
,
5500,10.3688
,
5562.5,10.4144
,
5625,6.8365
,
5687.5,9.1714
,
5750,9.2134
,
5812.5,8.8484
,
5875,7.4981
,
5937.5,3.1953
,
6000,18.0223
,
6062.5,1.8307
,
6125,15.5594
,
6187.5,3.0634
,
6250,14.5979
,
6312.5,4.1613
,
6375,15.3351
,
6437.5,7.1755
,
6500,5.2681
,
6562.5,12.371
,
6625,11.9851
,
6687.5,11.9551
,
6750,1.5037
,
6812.5,11.2271
,
6875,8.0287
,
6937.5,8.1851
,
7000,11.3977
,
7062.5,9.9155
,
7125,9.1166
,
7187.5,4.9149
,
7250,15.1681
,
7312.5,6.2844
,
7375,8.0512
,
7437.5,4.8783
,
7500,11.2
,
7562.5,5.6987
,
7625,7.5115
,
7687.5,9.6979
,
7750,8.46
,
7812.5,8.9596
,
7875,9.6522
,
7937.5,9.8686
,
airflow(m/s),21.34
,
,
,
0,31886.6897
,
62.5,13327.6149
,
125,2953.8791
,
187.5,1517.0095
,
250,1091.7713
,
312.5,451.5018
,
375,205.5442
,
437.5,187.6734
,
500,60.4136
,
562.5,81.3215
,
625,20.9304
,
687.5,60.0881
,
750,27.3809
,
812.5,50.4529
,
875,18.8997
,
937.5,28.0401
,
1000,24.9412
,
1062.5,25.2409
,
1125,17.3417
,
1187.5,33.0032
,
1250,10.3677
,
1312.5,27.9546
,
1375,5.6615
,
1437.5,37.9175
,
1500,6.3195
,
1562.5,22.4803
,
1625,11.9157
,
1687.5,23.388
,
1750,13.8331
,
1812.5,10.7135
,
1875,17.51
,
1937.5,12.3331
,
2000,17.3965
,
2062.5,13.0799
,
2125,11.2748
,
2187.5,15.9232
,
2250,12.5991
,
2312.5,10.9422
,
2375,9.0056
,
2437.5,15.0874
,
2500,11.914
,
2562.5,3.2904
,
2625,23.256
,
2687.5,5.9769
,
2750,13.385
,
2812.5,2.7193
,
2875,12.7372
,
2937.5,9.4575
,
3000,7.2063
,
3062.5,14.8059
,
3125,11.0958
,
3187.5,9.4574
,
3250,4.6749
,
3312.5,13.9203
,
3375,9.213
,
3437.5,7.7969
,
3500,7.4259
,
3562.5,6.0813
,
3625,16.998
,
3687.5,1.9571
,
3750,13.2146
,
3812.5,7.4044
,
3875,10.6972
,
3937.5,9.3329
,
4000,8.419
,
4062.5,11.7864
,
4125,6.6101
,
4187.5,5.4424
,
4250,6.971
,
4312.5,11.1135
,
4375,5.4543
,
4437.5,10.6927
,
4500,6.7668
,
4562.5,4.8252
,
4625,11.221
,
4687.5,2.5416
,
4750,9.5256
,
4812.5,5.9196
,
4875,6.8352
,
4937.5,9.6455
,
5000,9.1004
,
5062.5,0.9995
,
5125,9.3989
,
5187.5,5.2365
,
5250,6.3765
,
5312.5,5.2902
,
5375,9.1656
,
5437.5,6.8185
,
5500,2.9301
,
5562.5,11.2164
,
5625,2.8308
,
5687.5,10.2281
,
5750,4.4066
,
5812.5,6.5389
,
5875,7.8058
,
5937.5,3.385
,
6000,7.7873
,
6062.5,7.2831
,
6125,7.188
,
6187.5,6.9002
,
6250,8.2314
,
6312.5,3.0909
,
6375,5.7996
,
6437.5,8.5876
,
6500,9.4077
,
6562.5,4.3683
,
6625,9.7456
,
6687.5,12.4255
,
6750,2.2994
,
6812.5,13.2932
,
6875,6.8318
,
6937.5,3.0627
,
7000,6.9267
,
7062.5,5.1917
,
7125,4.1422
,
7187.5,5.8459
,
7250,5.916
,
7312.5,10.6589
,
7375,2.4991
,
7437.5,5.0977
,
7500,9.627
,
7562.5,2.6329
,
7625,7.9266
,
7687.5,5.6441
,
7750,4.2315
,
7812.5,3.8896
,
7875,7.7081
,
7937.5,6.5058
,
airflow(m/s),21.61
,
,
,
0,15819.2725
,
62.5,6968.9105
,
125,1917.4697
,
187.5,2896.3767
,
250,1587.086
,
312.5,548.2542
,
375,499.1242
,
437.5,270.3293
,
500,122.5978
,
562.5,176.7055
,
625,61.9302
,
687.5,94.258
,
750,32.8185
,
812.5,71.6189
,
875,53.7376
,
937.5,47.6056
,
1000,57.6849
,
1062.5,48.5329
,
1125,51.0725
,
1187.5,47.1313
,
1250,49.4422
,
1312.5,29.7629
,
1375,33.2755
,
1437.5,45.5382
,
1500,30.6987
,
1562.5,21.842
,
1625,42.8162
,
1687.5,29.2076
,
1750,27.3056
,
1812.5,29.6707
,
1875,32.1339
,
1937.5,26.2606
,
2000,24.2176
,
2062.5,25.087
,
2125,31.7253
,
2187.5,18.7854
,
2250,25.331
,
2312.5,18.3071
,
2375,25.8873
,
2437.5,14.2521
,
2500,26.8001
,
2562.5,26.1074
,
2625,20.6219
,
2687.5,14.9138
,
2750,30.5982
,
2812.5,13.3689
,
2875,20.2997
,
2937.5,20.108
,
3000,13.1439
,
3062.5,23.4513
,
3125,13.3417
,
3187.5,18.4598
,
3250,20.8265
,
3312.5,12.5895
,
3375,17.755
,
3437.5,15.2081
,
3500,22.0383
,
3562.5,8.8573
,
3625,20.5606
,
3687.5,21.2142
,
3750,11.5364
,
3812.5,15.8861
,
3875,15.699
,
3937.5,13.6044
,
4000,14.8088
,
4062.5,22.2144
,
4125,5.4287
,
4187.5,24.3002
,
4250,8.3792
,
4312.5,12.6933
,
4375,7.7686
,
4437.5,26.7693
,
4500,3.4135
,
4562.5,17.1955
,
4625,14.3659
,
4687.5,11.4782
,
4750,16.9947
,
4812.5,11.1194
,
4875,12.4269
,
4937.5,12.7243
,
5000,14.3051
,
5062.5,7.5343
,
5125,14.1694
,
5187.5,12.7204
,
5250,7.7327
,
5312.5,14.6021
,
5375,11.1719
,
5437.5,18.713
,
5500,10.6384
,
5562.5,8.7231
,
5625,15.3397
,
5687.5,10.9205
,
5750,10.0087
,
5812.5,15.9806
,
5875,6.6842
,
5937.5,14.9487
,
6000,7.5558
,
6062.5,11.3836
,
6125,10.6122
,
6187.5,8.1113
,
6250,9.7083
,
6312.5,12.762
,
6375,13.2214
,
6437.5,4.9555
,
6500,18.409
,
6562.5,7.6524
,
6625,12.1508
,
6687.5,2.6025
,
6750,18.2971
,
6812.5,8.4564
,
6875,16.9797
,
6937.5,12.6833
,
7000,11.5499
,
7062.5,5.9008
,
7125,15.6581
,
7187.5,6.7188
,
7250,14.0204
,
7312.5,5.235
,
7375,16.0074
,
7437.5,7.2703
,
7500,13.0919
,
7562.5,2.8475
,
7625,17.2595
,
7687.5,9.0833
,
7750,11.101
,
7812.5,11.944
,
7875,4.5864
,
7937.5,16.6125
,
airflow(m/s),20.04
,
,
,
0,10922.0652
,
62.5,3839.377
,
125,4636.3771
,
187.5,1346.404
,
250,521.1553
,
312.5,559.295
,
375,317.9477
,
437.5,820.4957
,
500,778.6935
,
562.5,345.6335
,
625,289.7415
,
687.5,424.1211
,
750,270.6789
,
812.5,148.3259
,
875,175.8289
,
937.5,125.8664
,
1000,24.7968
,
1062.5,34.4866
,
1125,68.5636
,
1187.5,54.2516
,
1250,40.5219
,
1312.5,31.214
,
1375,23.6684
,
1437.5,53.9699
,
1500,16.3184
,
1562.5,23.938
,
1625,19.9444
,
1687.5,42.8559
,
1750,10.3207
,
1812.5,30.5734
,
1875,19.9607
,
1937.5,23.8244
,
2000,17.3911
,
2062.5,24.9628
,
2125,15.2462
,
2187.5,13.4118
,
2250,33.331
,
2312.5,9.206
,
2375,17.9007
,
2437.5,18.1411
,
2500,18.2687
,
2562.5,21.8123
,
2625,13.0747
,
2687.5,19.9822
,
2750,15.4736
,
2812.5,13.8247
,
2875,17.2217
,
2937.5,9.9156
,
3000,12.6347
,
3062.5,21.2861
,
3125,13.7084
,
3187.5,5.7651
,
3250,14.5809
,
3312.5,15.1673
,
3375,15.2912
,
3437.5,9.9173
,
3500,12.4122
,
3562.5,14.9129
,
3625,10.4027
,
3687.5,9.2521
,
3750,11.0993
,
3812.5,13.2129
,
3875,10.6492
,
3937.5,14.2635
,
4000,6.0569
,
4062.5,20.9283
,
4125,5.9706
,
4187.5,11.0252
,
4250,13.5984
,
4312.5,13.3369
,
4375,7.051
,
4437.5,12.7905
,
4500,15.0788
,
4562.5,5.6183
,
4625,13.0103
,
4687.5,13.3467
,
4750,4.9899
,
4812.5,12.1193
,
4875,9.3264
,
4937.5,9.1554
,
5000,8.829
,
5062.5,7.1268
,
5125,12.809
,
5187.5,10.4261
,
5250,7.6498
,
5312.5,16.1865
,
5375,7.2486
,
5437.5,11.8728
,
5500,5.6764
,
5562.5,11.6665
,
5625,8.9169
,
5687.5,7.1067
,
5750,10.1258
,
5812.5,9.704
,
5875,2.5201
,
5937.5,11.6801
,
6000,11.912
,
6062.5,9.6709
,
6125,9.3513
,
6187.5,3.2772
,
6250,12.9437
,
6312.5,5.5417
,
6375,12.9549
,
6437.5,8.7006
,
6500,8.1812
,
6562.5,9.0369
,
6625,6.8443
,
6687.5,6.0262
,
6750,6.2916
,
6812.5,10.5316
,
6875,8.5181
,
6937.5,15.204
,
7000,3.3705
,
7062.5,10.5756
,
7125,8.763
,
7187.5,10.175
,
7250,6.8944
,
7312.5,6.9871
,
7375,11.1914
,
7437.5,10.993
,
7500,2.8778
,
7562.5,11.8005
,
7625,8.2703
,
7687.5,9.6282
,
7750,1.5877
,
7812.5,14.5894
,
7875,6.1478
,
7937.5,6.8699
,
airflow(m/s),21.34