0,10563.668
,
62.5,5116.6869
,
125,598.0152
,
187.5,200.7218
,
250,36.2197
,
312.5,77.1484
,
375,46.6603
,
437.5,34.7574
,
500,49.0543
,
562.5,58.1349
,
625,49.6569
,
687.5,33.0254
,
750,31.1894
,
812.5,25.1761
,
875,13.5309
,
937.5,20.9642
,
1000,25.7506
,
1062.5,20.1024
,
1125,10.0067
,
1187.5,16.4308
,
1250,26.8722
,
1312.5,24.1045
,
1375,30.6097
,
1437.5,27.5767
,
1500,32.5342
,
1562.5,34.4254
,
1625,32.9012
,
1687.5,17.0613
,
1750,6.1802
,
1812.5,1.2623
,
1875,10.0126
,
1937.5,7.4346
,
2000,20.7873
,
2062.5,12.5239
,
2125,11.1593
,
2187.5,5.8182
,
2250,6.53
,
2312.5,8.4607
,
2375,2.2752
,
2437.5,7.1393
,
2500,5.0335
,
2562.5,4.4512
,
2625,0.953
,
2687.5,8.3605
,
2750,13.5856
,
2812.5,12.0963
,
2875,9.9258
,
2937.5,17.594
,
3000,20.1064
,
3062.5,18.3886
,
3125,21.4932
,
3187.5,22.9635
,
3250,11.5405
,
3312.5,11.2569
,
3375,10.504
,
3437.5,8.5451
,
3500,11.4731
,
3562.5,9.0704
,
3625,3.4864
,
3687.5,2.7019
,
3750,4.492
,
3812.5,7.5583
,
3875,9.7939
,
3937.5,6.5153
,
4000,2.0879
,
4062.5,3.6882
,
4125,4.8429
,
4187.5,5.9987
,
4250,13.165
,
4312.5,8.7578
,
4375,3.8879
,
4437.5,13.3389
,
4500,14.9625
,
4562.5,13.682
,
4625,9.0566
,
4687.5,3.2979
,
4750,4.7221
,
4812.5,5.7211
,
4875,8.6685
,
4937.5,10.7591
,
5000,19.7747
,
5062.5,17.0177
,
5125,10.515
,
5187.5,17.5784
,
5250,11.9148
,
5312.5,9.6118
,
5375,7.0521
,
5437.5,2.4216
,
5500,3.8721
,
5562.5,8.3848
,
5625,13.632
,
5687.5,13.0345
,
5750,17.5751
,
5812.5,15.9036
,
5875,13.6333
,
5937.5,2.2533
,
6000,9.3977
,
6062.5,10.0395
,
6125,8.2625
,
6187.5,2.0539
,
6250,6.7077
,
6312.5,2.4626
,
6375,4.2367
,
6437.5,1.8935
,
6500,3.5058
,
6562.5,6.069
,
6625,8.4647
,
6687.5,7.9665
,
6750,1.0736
,
6812.5,6.4207
,
6875,3.7983
,
6937.5,2.703
,
7000,6.3716
,
7062.5,4.6029
,
7125,5.432
,
7187.5,6.7222
,
7250,9.8399
,
7312.5,11.1421
,
7375,5.3658
,
7437.5,8.0614
,
7500,16.1151
,
7562.5,11.1005
,
7625,6.7158
,
7687.5,4.4051
,
7750,6.9969
,
7812.5,3.7711
,
7875,7.2026
,
7937.5,10.5681
,
airflow(m/s),19.79
,
,
,
0,16568.7083
,
62.5,5587.302
,
125,3611.6647
,
187.5,1577.4685
,
250,663.4314
,
312.5,275.5941
,
375,87.302
,
437.5,95.9835
,
500,81.1457
,
562.5,70.6435
,
625,61.3878
,
687.5,20.0297
,
750,108.1008
,
812.5,21.7083
,
875,41.6562
,
937.5,55.652
,
1000,28.048
,
1062.5,60.9361
,
1125,25.6761
,
1187.5,47.0827
,
1250,32.5987
,
1312.5,20.0645
,
1375,36.6978
,
1437.5,29.9354
,
1500,19.8906
,
1562.5,31.2549
,
1625,21.4335
,
1687.5,17.9539
,
1750,30.6342
,
1812.5,20.1859
,
1875,25.0396
,
1937.5,23.009
,
2000,13.2852
,
2062.5,23.806
,
2125,21.5025
,
2187.5,20.5071
,
2250,15.8084
,
2312.5,21.6854
,
2375,18.1764
,
2437.5,15.8337
,
2500,12.3189
,
2562.5,25.4824
,
2625,4.4878
,
2687.5,24.6508
,
2750,15.4524
,
2812.5,10.2219
,
2875,18.8823
,
2937.5,17.1791
,
3000,13.7542
,
3062.5,11.0198
,
3125,18.1515
,
3187.5,10.5439
,
3250,12.1581
,
3312.5,12.4056
,
3375,17.6903
,
3437.5,8.4991
,
3500,15.2342
,
3562.5,10.9598
,
3625,12.3215
,
3687.5,17.9033
,
3750,9.5544
,
3812.5,16.4042
,
3875,9.7088
,
3937.5,16.2642
,
4000,11.8899
,
4062.5,7.8615
,
4125,16.8456
,
4187.5,11.5633
,
4250,15.1037
,
4312.5,10.6498
,
4375,15.2461
,
4437.5,3.9088
,
4500,17.0999
,
4562.5,9.3129
,
4625,10.9465
,
4687.5,8.7876
,
4750,6.6868
,
4812.5,15.3935
,
4875,10.1886
,
4937.5,9.5107
,
5000,7.3928
,
5062.5,12.2794
,
5125,8.772
,
5187.5,10.2299
,
5250,7.1068
,
5312.5,7.5075
,
5375,11.2302
,
5437.5,4.6815
,
5500,14.4608
,
5562.5,8.0967
,
5625,7.2326
,
5687.5,11.6079
,
5750,4.7744
,
5812.5,17.5922
,
5875,8.7901
,
5937.5,11.6881
,
6000,7.682
,
6062.5,9.4391
,
6125,13.3421
,
6187.5,10.2849
,
6250,6.6438
,
6312.5,13.4661
,
6375,4.3027
,
6437.5,11.3632
,
6500,5.1395
,
6562.5,12.0809
,
6625,9.5098
,
6687.5,7.8145
,
6750,6.2408
,
6812.5,17.2522
,
6875,3.9861
,
6937.5,11.8892
,
7000,8.2843
,
7062.5,11.1953
,
7125,4.6936
,
7187.5,16.8497
,
7250,4.7676
,
7312.5,13.2189
,
7375,9.8104
,
7437.5,5.0576
,
7500,13.8709
,
7562.5,12.9957
,
7625,5.1189
,
7687.5,6.643
,
7750,5.2268
,
7812.5,18.7715
,
7875,4.3747
,
7937.5,7.5965
,
airflow(m/s),19.54
,
,
,
0,1479.4764
,
62.5,1737.2953
,
125,406.9591
,
187.5,380.4232
,
250,154.6028
,
312.5,124.5506
,
375,51.7569
,
437.5,20.0577
,
500,53.9927
,
562.5,56.9135
,
625,27.662
,
687.5,38.1881
,
750,45.3044
,
812.5,22.0856
,
875,43.6719
,
937.5,12.1995
,
1000,37.1386
,
1062.5,14.5985
,
1125,14.7397
,
1187.5,12.4099
,
1250,28.8069
,
1312.5,8.6592
,
1375,15.4027
,
1437.5,1.5021
,
1500,21.4393
,
1562.5,13.1338
,
1625,17.8847
,
1687.5,1.1171
,
1750,19.011
,
1812.5,11.1403
,
1875,9.3318
,
1937.5,11.3822
,
2000,8.4435
,
2062.5,13.8687
,
2125,6.9927
,
2187.5,10.4133
,
2250,6.0089
,
2312.5,7.1866
,
2375,14.3191
,
2437.5,13.0916
,
2500,2.8445
,
2562.5,22.1791
,
2625,7.1095
,
2687.5,7.7269
,
2750,5.4284
,
2812.5,9.3811
,
2875,8.5317
,
2937.5,9.0903
,
3000,8.4888
,
3062.5,7.1556
,
3125,6.9528
,
3187.5,4.3554
,
3250,7.6115
,
3312.5,2.3084
,
3375,7.8012
,
3437.5,4.8112
,
3500,9.6085
,
3562.5,5.4347
,
3625,2.1608
,
3687.5,5.3831
,
3750,7.6672
,
3812.5,5.6663
,
3875,4.5203
,
3937.5,6.7653
,
4000,11.8259
,
4062.5,5.9651
,
4125,9.7534
,
4187.5,8.3313
,
4250,4.1654
,
4312.5,9.9829
,
4375,2.1924
,
4437.5,8.5161
,
4500,3.5418
,
4562.5,8.5065
,
4625,7.4063
,
4687.5,6.6672
,
4750,14.6378
,
4812.5,3.6947
,
4875,2.8983
,
4937.5,6.8641
,
5000,6.4459
,
5062.5,3.598
,
5125,8.0597
,
5187.5,2.704
,
5250,4.5376
,
5312.5,7.2018
,
5375,2.1044
,
5437.5,4.3294
,
5500,4.4185
,
5562.5,10.4167
,
5625,3.6643
,
5687.5,9.0541
,
5750,3.4155
,
5812.5,4.4502
,
5875,10.8029
,
5937.5,4.4266
,
6000,10.3134
,
6062.5,4.6854
,
6125,6.5764
,
6187.5,4.2179
,
6250,6.4606
,
6312.5,8.437
,
6375,1.2329
,
6437.5,2.966
,
6500,2.9038
,
6562.5,6.7616
,
6625,5.5176
,
6687.5,5.7812
,
6750,5.0302
,
6812.5,5.1939
,
6875,9.5761
,
6937.5,3.3385
,
7000,5.0458
,
7062.5,1.3298
,
7125,9.4714
,
7187.5,5.8015
,
7250,4.6598
,
7312.5,6.0115
,
7375,5.4576
,
7437.5,7.0715
,
7500,6.426
,
7562.5,6.0818
,
7625,6.0156
,
7687.5,8.8596
,
7750,15.1732
,
7812.5,7.0813
,
7875,1.4821
,
7937.5,5.9072
,
airflow(m/s),20.04
,
,
,
0,16158.5285
,
62.5,6867.4433
,
125,233.4715
,
187.5,185.9823
,
250,152.0463
,
312.5,57.0091
,
375,96.5034
,
437.5,99.5051
,
500,21.2333
,
562.5,34.1567
,
625,64.8899
,
687.5,35.9987
,
750,27.7043
,
812.5,5.8487
,
875,7.5115
,
937.5,22.3191
,
1000,24.2109
,
1062.5,19.1912
,
1125,19.6941
,
1187.5,6.1725
,
1250,2.5791
,
1312.5,5.0733
,
1375,13.0503
,
1437.5,4.2764
,
1500,11.1644
,
1562.5,5.3141
,
1625,11.6106
,
1687.5,2.3005
,
1750,2.3511
,
1812.5,10.0988
,
1875,7.9194
,
1937.5,10.1731
,
2000,1.4126
,
2062.5,9.5657
,
2125,8.6752
,
2187.5,9.2664
,
2250,4.0528
,
2312.5,3.5858
,
2375,5.333
,
2437.5,7.1041
,
2500,7.3512
,
2562.5,5.9777
,
2625,9.0105
,
2687.5,10.4688
,
2750,8.6634
,
2812.5,5.3031
,
2875,3.0151
,
2937.5,1.3193
,
3000,11.4476
,
3062.5,12.9083
,
3125,2.9599
,
3187.5,11.5724
,
3250,8.3948
,
3312.5,5.3532
,
3375,5.4187
,
3437.5,7.01
,
3500,6.7369
,
3562.5,9.279
,
3625,3.962
,
3687.5,2.2964
,
3750,4.8205
,
3812.5,0.8936
,
3875,6.2807
,
3937.5,9.55
,
4000,11.0572
,
4062.5,2.8711
,
4125,3.3647
,
4187.5,10.671
,
4250,1.1532
,
4312.5,4.3277
,
4375,2.4229
,
4437.5,6.3902
,
4500,6.883
,
4562.5,9.6865
,
4625,5.0028
,
4687.5,8.1945
,
4750,12.5628
,
4812.5,9.6836
,
4875,2.3955
,
4937.5,5.8685
,
5000,4.7883
,
5062.5,9.7756
,
5125,5.579
,
5187.5,8.5101
,
5250,4.3936
,
5312.5,5.9883
,
5375,4.0214
,
5437.5,9.585
,
5500,3.3348
,
5562.5,2.7822
,
5625,0.2329
,
5687.5,3.9595
,
5750,1.7298
,
5812.5,3.4105
,
5875,8.58
,
5937.5,8.044
,
6000,3.2151
,
6062.5,7.5266
,
6125,9.3509
,
6187.5,2.6242
,
6250,5.0081
,
6312.5,6.7132
,
6375,2.6234
,
6437.5,2.0931
,
6500,3.6735
,
6562.5,5.3042
,
6625,3.6035
,
6687.5,4.6559
,
6750,3.7758
,
6812.5,3.7768
,
6875,6.2833
,
6937.5,2.107
,
7000,9.4825
,
7062.5,8.8432
,
7125,6.8104
,
7187.5,5.4358
,
7250,3.1473
,
7312.5,9.5699
,
7375,10.1376
,
7437.5,7.8678
,
7500,4.8331
,
7562.5,7.7871
,
7625,7.3449
,
7687.5,3.4108
,
7750,1.8924
,
7812.5,0.4129
,
7875,3.6818
,
7937.5,2.3507
,
airflow(m/s),19.29
,
,
,
0,4612.546
,
62.5,2208.4735
,
125,457.4857
,
187.5,55.762
,
250,107.6109
,
312.5,120.7225
,
375,30.7452
,
437.5,96.4958
,
500,18.5492
,
562.5,43.0471
,
625,36.1199
,
687.5,76.4289
,
750,27.2051
,
812.5,51.034
,
875,8.823
,
937.5,36.414
,
1000,22.6448
,
1062.5,27.9022
,
1125,28.5371
,
1187.5,3.3471
,
1250,34.052
,
1312.5,26.0757
,
1375,11.9513
,
1437.5,26.3014
,
1500,23.4633
,
1562.5,20.4587
,
1625,19.1501
,
1687.5,10.6885
,
1750,13.0263
,
1812.5,18.8331
,
1875,8.2946
,
1937.5,17.708
,
2000,4.9846
,
2062.5,20.514
,
2125,16.8309
,
2187.5,17.5681
,
2250,7.7172
,
2312.5,10.5503
,
2375,9.9973
,
2437.5,17.2385
,
2500,12.2019
,
2562.5,14.6199
,
2625,16.5756
,
2687.5,6.043
,
2750,11.2253
,
2812.5,17.0773
,
2875,6.5776
,
2937.5,8.3519
,
3000,7.6684
,
3062.5,14.1109
,
3125,11.6676
,
3187.5,2.8198
,
3250,8.8122
,
3312.5,8.7334
,
3375,7.9134
,
3437.5,11.4649
,
3500,8.4967
,
3562.5,3.282
,
3625,9.6828
,
3687.5,14.9999
,
3750,5.8337
,
3812.5,8.9619
,
3875,4.8183
,
3937.5,9.0937
,
4000,5.5996
,
4062.5,2.5553
,
4125,4.9055
,
4187.5,13.0051
,
4250,2.83
,
4312.5,6.9326
,
4375,11.5705
,
4437.5,2.7089
,
4500,11.6334
,
4562.5,1.4312
,
4625,11.6282
,
4687.5,10.9278
,
4750,4.7488
,
4812.5,8.9447
,
4875,7.0956
,
4937.5,4.5724
,
5000,8.6484
,
5062.5,8.3395
,
5125,4.0548
,
5187.5,12.2871
,
5250,7.9432
,
5312.5,9.2507
,
5375,6.3522
,
5437.5,12.7708
,
5500,12.3951
,
5562.5,11.8971
,
5625,11.1455
,
5687.5,2.9402
,
5750,6.6049
,
5812.5,4.2909
,
5875,8.5712
,
5937.5,2.335
,
6000,10.0278
,
6062.5,11.794
,
6125,5.2419
,
6187.5,5.5121
,
6250,3.8961
,
6312.5,3.1212
,
6375,5.7066
,
6437.5,6.5471
,
6500,12.8105
,
6562.5,7.1864
,
6625,5.5808
,
6687.5,8.2359
,
6750,6.2428
,
6812.5,3.6948
,
6875,8.4297
,
6937.5,1.1228
,
7000,1.7272
,
7062.5,12.7343
,
7125,2.1599
,
7187.5,6.1574
,
7250,7.8053
,
7312.5,4.0422
,
7375,7.3236
,
7437.5,11.6571
,
7500,2.4177
,
7562.5,4.9521
,
7625,13.9329
,
7687.5,4.0949
,
7750,11.5798
,
7812.5,2.8907
,
7875,10.3688
,
7937.5,1.9176
,
airflow(m/s),20.04
,
,
,
0,6313.6591
,
62.5,3130.8316
,
125,431.0754
,
187.5,401.9189
,
250,59.7486
,
312.5,118.545
,
375,67.9695
,
437.5,101.8492
,
500,8.8655
,
562.5,55.7466
,
625,29.2329
,
687.5,30.969
,
750,30.703
,
812.5,5.5978
,
875,30.7088
,
937.5,12.5223
,
1000,35.0517
,
1062.5,19.4879
,
1125,5.8858
,
1187.5,25.1396
,
1250,11.8242
,
1312.5,13.923
,
1375,7.8444
,
1437.5,17.0947
,
1500,8.8476
,
1562.5,21.643
,
1625,12.8331
,
1687.5,8.3643
,
1750,5.227
,
1812.5,16.2764
,
1875,4.6628
,
1937.5,5.5988
,
2000,8.2519
,
2062.5,12.5382
,
2125,3.0639
,
2187.5,11.6485
,
2250,4.4945
,
2312.5,8.1853
,
2375,6.1506
,
2437.5,7.3268
,
2500,10.5435
,
2562.5,18.2956
,
2625,4.8808
,
2687.5,5.0766
,
2750,6.2879
,
2812.5,15.0632
,
2875,6.4512
,
2937.5,8.2954
,
3000,9.3459
,
3062.5,7.1166
,
3125,10.0481
,
3187.5,3.353
,
3250,12.3873
,
3312.5,3.5653
,
3375,9.5163
,
3437.5,5.9119
,
3500,6.0855
,
3562.5,4.0379
,
3625,7.5571
,
3687.5,7.9387
,
3750,12.2348
,
3812.5,6.6057
,
3875,5.9072
,
3937.5,6.1958
,
4000,2.2665
,
4062.5,2.5434
,
4125,9.7425
,
4187.5,5.7156
,
4250,3.9412
,
4312.5,8.1963
,
4375,3.1645
,
4437.5,5.8087
,
4500,4.7026
,
4562.5,9.6093
,
4625,4.4519
,
4687.5,1.2956
,
4750,11.4275
,
4812.5,1.2314
,
4875,2.2315
,
4937.5,2.5882
,
5000,4.141
,
5062.5,2.6448
,
5125,4.7662
,
5187.5,3.6658
,
5250,2.9615
,
5312.5,6.9645
,
5375,5.3823
,
5437.5,11.6238
,
5500,5.6343
,
5562.5,2.3462
,
5625,6.4218
,
5687.5,3.5725
,
5750,8.7281
,
5812.5,0.7275
,
5875,9.537
,
5937.5,4.6187
,
6000,7.3818
,
6062.5,5.8429
,
6125,4.7627
,
6187.5,5.204
,
6250,1.1258
,
6312.5,4.7757
,
6375,5.0617
,
6437.5,5.3642
,
6500,9.3273
,
6562.5,8.8321
,
6625,0.9193
,
6687.5,3.0933
,
6750,5.2983
,
6812.5,2.8371
,
6875,3.0719
,
6937.5,4.373
,
7000,7.2077
,
7062.5,0.7388
,
7125,3.4982
,
7187.5,4.1778
,
7250,4.2327
,
7312.5,4.2219
,
7375,2.2273
,
7437.5,6.6692
,
7500,2.7666
,
7562.5,6.6973
,
7625,11.2073
,
7687.5,9.1999
,
7750,9.1078
,
7812.5,8.4246
,
7875,2.1844
,
7937.5,4.747
,
airflow(m/s),19.29
,
,
,
0,4043.0353
,
62.5,2489.4648
,
125,705.8809
,
187.5,124.1577
,
250,77.6325
,
312.5,72.6982
,
375,73.7363
,
437.5,82.0693
,
500,60.916
,
562.5,38.1127
,
625,32.599
,
687.5,2.4095
,
750,21.8599
,
812.5,8.84
,
875,10.3706
,
937.5,6.8929
,
1000,11.9857
,
1062.5,12.4676
,
1125,8.467
,
1187.5,23.9054
,
1250,24.9661
,
1312.5,10.8777
,
1375,2.5144
,
1437.5,8.6263
,
1500,1.263
,
1562.5,10.6661
,
1625,7.898
,
1687.5,5.7386
,
1750,2.8375
,
1812.5,2.4486
,
1875,1.4835
,
1937.5,3.5998
,
2000,2.3189
,
2062.5,3.7858
,
2125,4.8675
,
2187.5,1.7472
,
2250,6.1707
,
2312.5,10.575
,
2375,15.9619
,
2437.5,11.3334
,
2500,5.8319
,
2562.5,4.8161
,
2625,8.0982
,
2687.5,11.582
,
2750,1.5304
,
2812.5,7.3308
,
2875,5.9118
,
2937.5,5.8263
,
3000,5.3393
,
3062.5,0.9589
,
3125,3.2982
,
3187.5,4.5632
,
3250,5.9422
,
3312.5,12.4304
,
3375,12.2618
,
3437.5,4.1205
,
3500,13.9436
,
3562.5,8.7185
,
3625,3.0683
,
3687.5,6.3631
,
3750,7.0947
,
3812.5,4.8208
,
3875,4.4171
,
3937.5,3.0597
,
4000,1.7004
,
4062.5,4.9829
,
4125,3.077
,
4187.5,2.5543
,
4250,10.5502
,
4312.5,11.977
,
4375,7.969
,
4437.5,6.0905
,
4500,3.9017
,
4562.5,0.8326
,
4625,4.3284
,
4687.5,4.6814
,
4750,3.8269
,
4812.5,7.1325
,
4875,5.1264
,
4937.5,3.4989
,
5000,4.4526
,
5062.5,3.5757
,
5125,1.6838
,
5187.5,3.8367
,
5250,4.9756
,
5312.5,10.0614
,
5375,8.4328
,
5437.5,2.9967
,
5500,5.769
,
5562.5,6.797
,
5625,5.909
,
5687.5,7.9507
,
5750,6.5966
,
5812.5,0.7299
,
5875,0.8735
,
5937.5,1.736
,
6000,1.7751
,
6062.5,1.602
,
6125,3.4242
,
6187.5,1.5026
,
6250,1.7662
,
6312.5,3.1934
,
6375,4.8764
,
6437.5,2.3303
,
6500,8.8674
,
6562.5,9.895
,
6625,5.2472
,
6687.5,5.8403
,
6750,2.8224
,
6812.5,2.5297
,
6875,3.4628
,
6937.5,4.3913
,
7000,9.4083
,
7062.5,6.8977
,
7125,8.08
,
7187.5,10.8859
,
7250,6.6283
,
7312.5,4.4003
,
7375,5.9056
,
7437.5,5.6884
,
7500,4.1826
,
7562.5,5.8526
,
7625,4.6649
,
7687.5,3.2278
,
7750,3.9662
,
7812.5,1.8728
,
7875,0.673
,
7937.5,4.705
,
airflow(m/s),20.3
,
,
,
0,10134.5511
,
62.5,5447.0519
,
125,797.5471
,
187.5,97.9596
,
250,71.9096
,
312.5,92.2086
,
375,15.4145
,
437.5,45.0077
,
500,36.4786
,
562.5,28.4241
,
625,66.3645
,
687.5,28.7749
,
750,53.1459
,
812.5,15.4988
,
875,16.9719
,
937.5,25.6096
,
1000,8.4438
,
1062.5,23.5228
,
1125,2.6155
,
1187.5,17.5487
,
1250,10.412
,
1312.5,3.0036
,
1375,19.3794
,
1437.5,5.2435
,
1500,14.1238
,
1562.5,2.0942
,
1625,14.0099
,
1687.5,15.7134
,
1750,7.8085
,
1812.5,4.484
,
1875,5.4527
,
1937.5,12.1885
,
2000,3.5404
,
2062.5,17.4176
,
2125,8.9675
,
2187.5,11.4043
,
2250,6.3576
,
2312.5,4.145
,
2375,16.4618
,
2437.5,6.6109
,
2500,9.4267
,
2562.5,2.3134
,
2625,11.2247
,
2687.5,2.0213
,
2750,11.4379
,
2812.5,3.2303
,
2875,4.0007
,
2937.5,5.5912
,
3000,3.393
,
3062.5,8.902
,
3125,4.2886
,
3187.5,1.4269
,
3250,9.1704
,
3312.5,6.0257
,
3375,7.8539
,
3437.5,6.5166
,
3500,10.2316
,
3562.5,7.5564
,
3625,4.493
,
3687.5,10.5068
,
3750,9.9384
,
3812.5,8.4129
,
3875,5.0242
,
3937.5,3.7472
,
4000,12.3897
,
4062.5,5.6741
,
4125,10.2762
,
4187.5,6.1957
,
4250,2.2183
,
4312.5,1.3399
,
4375,7.6945
,
4437.5,8.7975
,
4500,6.8187
,
4562.5,6.1066
,
4625,4.4716
,
4687.5,3.2558
,
4750,10.472
,
4812.5,5.659
,
4875,3.6239
,
4937.5,5.6506
,
5000,6.5867
,
5062.5,5.1507
,
5125,0.7403
,
5187.5,8.1593
,
5250,11.1131
,
5312.5,8.1341
,
5375,6.9434
,
5437.5,8.5076
,
5500,3.2786
,
5562.5,5.3179
,
5625,3.8829
,
5687.5,10.6897
,
5750,7.398
,
5812.5,5.2595
,
5875,8.2291
,
5937.5,5.7692
,
6000,2.072
,
6062.5,7.4228
,
6125,13.4769
,
6187.5,14.0939
,
6250,12.4329
,
6312.5,3.5018
,
6375,6.6785
,
6437.5,0.9757
,
6500,3.5064
,
6562.5,9.9177
,
6625,3.2923
,
6687.5,5.1466
,
6750,2.2457
,
6812.5,4.6481
,
6875,4.3593
,
6937.5,4.5044
,
7000,10.9073
,
7062.5,3.7602
,
7125,9.7112
,
7187.5,18.3122
,
7250,8.5567
,
7312.5,10.0536
,
7375,3.3166
,
7437.5,2.3092
,
7500,7.6158
,
7562.5,0.7261
,
7625,5.9271
,
7687.5,10.5852
,
7750,3.3972
,
7812.5,2.2152
,
7875,6.7104
,
7937.5,1.5743
,
airflow(m/s),20.04
,
,
,
0,5891.3855
,
62.5,2686.3218
,
125,481.039
,
187.5,251.2049
,
250,55.298
,
312.5,148.8581
,
375,133.582
,
437.5,25.2606
,
500,25.7984
,
562.5,49.5622
,
625,61.3342
,
687.5,32.6014
,
750,39.217
,
812.5,7.4105
,
875,26.3798
,
937.5,41.4306
,
1000,11.4074
,
1062.5,43.0854
,
1125,18.5899
,
1187.5,7.6594
,
1250,12.2527
,
1312.5,34.3456
,
1375,34.5731
,
1437.5,24.0376
,
1500,17.9448
,
1562.5,14.73
,
1625,14.3415
,
1687.5,11.0274
,
1750,10.5084
,
1812.5,10.6547
,
1875,15.1223
,
1937.5,43.1843
,
2000,19.0685
,
2062.5,12.5545
,
2125,5.4229
,
2187.5,5.6295
,
2250,6.6448
,
2312.5,13.2321
,
2375,37.5199
,
2437.5,133.313
,
2500,78.4595
,
2562.5,17.4133
,
2625,41.8788
,
2687.5,22.628
,
2750,73.8245
,
2812.5,28.6108
,
2875,23.0483
,
2937.5,32.5975
,
3000,30.0655
,
3062.5,12.6549
,
3125,12.4838
,
3187.5,26.7562
,
3250,18.0242
,
3312.5,46.1318
,
3375,34.0377
,
3437.5,11.8424
,
3500,17.7015
,
3562.5,12.1824
,
3625,53.1054
,
3687.5,74.7968
,
3750,38.6754
,
3812.5,5.9587
,
3875,15.4901
,
3937.5,13.403
,
4000,9.6262
,
4062.5,4.0333
,
4125,6.8279
,
4187.5,1.2877
,
4250,9.6428
,
4312.5,4.1915
,
4375,8.8445
,
4437.5,14.5891
,
4500,21.3847
,
4562.5,24.7811
,
4625,9.1761
,
4687.5,3.6108
,
4750,3.975
,
4812.5,2.9068
,
4875,11.6688
,
4937.5,12.3673
,
5000,5.8168
,
5062.5,7.8533
,
5125,4.2537
,
5187.5,12.2628
,
5250,21.03
,
5312.5,16.9096
,
5375,3.7567
,
5437.5,6.1409
,
5500,5.5237
,
5562.5,3.2812
,
5625,3.1449
,
5687.5,4.9185
,
5750,3.6935
,
5812.5,4.2438
,
5875,2.2766
,
5937.5,4.2692
,
6000,4.9829
,
6062.5,5.2219
,
6125,1.3758
,
6187.5,12.9188
,
6250,21.5089
,
6312.5,13.0228
,
6375,8.4431
,
6437.5,3.283
,
6500,2.2711
,
6562.5,7.3723
,
6625,7.6673
,
6687.5,8.6406
,
6750,5.913
,
6812.5,3.921
,
6875,7.4619
,
6937.5,5.5452
,
7000,4.4946
,
7062.5,1.298
,
7125,8.8745
,
7187.5,1.8326
,
7250,4.1906
,
7312.5,2.5142
,
7375,8.5501
,
7437.5,11.0757
,
7500,14.0043
,
7562.5,7.6394
,
7625,8.488
,
7687.5,6.5536
,
7750,6.2692
,
7812.5,0.494
,
7875,3.2172
,
7937.5,4.3753
,
airflow(m/s),19.29
,
,
,
0,4740.3881
,
62.5,1409.9853
,
125,400.0789
,
187.5,70.7099
,
250,50.6898
,
312.5,69.0086
,
375,35.2387
,
437.5,40.4673
,
500,33.8352
,
562.5,37.8265
,
625,58.7671
,
687.5,32.1419
,
750,23.598
,
812.5,18.9742
,
875,21.6069
,
937.5,18.7674
,
1000,16.1877
,
1062.5,8.3085
,
1125,4.0285
,
1187.5,17.9229
,
1250,24.336
,
1312.5,14.8211
,
1375,1.7594
,
1437.5,4.7084
,
1500,2.667
,
1562.5,3.2734
,
1625,9.1304
,
1687.5,8.2328
,
1750,9.229
,
1812.5,7.5467
,
1875,8.7317
,
1937.5,6.1396
,
2000,2.7578
,
2062.5,10.3696
,
2125,11.9248
,
2187.5,5.6327
,
2250,7.0149
,
2312.5,15.0194
,
2375,9.4111
,
2437.5,7.3039
,
2500,5.3781
,
2562.5,9.978
,
2625,6.0622
,
2687.5,6.2915
,
2750,5.6304
,
2812.5,1.5221
,
2875,1.4573
,
2937.5,5.8639
,
3000,9.1068
,
3062.5,2.6679
,
3125,4.1736
,
3187.5,8.4147
,
3250,11.768
,
3312.5,7.401
,
3375,2.9146
,
3437.5,3.6261
,
3500,8.5149
,
3562.5,8.7675
,
3625,6.4751
,
3687.5,5.7604
,
3750,3.7889
,
3812.5,1.6536
,
3875,1.0499
,
3937.5,4.7391
,
4000,4.3416
,
4062.5,5.1252
,
4125,7.5077
,
4187.5,9.763
,
4250,5.1731
,
4312.5,4.2632
,
4375,9.9308
,
4437.5,9.7424
,
4500,1.7598
,
4562.5,2.4164
,
4625,2.5344
,
4687.5,5.3326
,
4750,2.3131
,
4812.5,7.003
,
4875,4.8316
,
4937.5,4.88
,
5000,4.1406
,
5062.5,3.832
,
5125,1.994
,
5187.5,3.0785
,
5250,3.972
,
5312.5,6.822
,
5375,6.5352
,
5437.5,3.8629
,
5500,4.4621
,
5562.5,3.7429
,
5625,12.0263
,
5687.5,10.9743
,
5750,1.6944
,
5812.5,2.9624
,
5875,4.5739
,
5937.5,8.173
,
6000,6.7582
,
6062.5,4.8299
,
6125,8.3371
,
6187.5,9.7449
,
6250,5.1484
,
6312.5,3.998
,
6375,7.6843
,
6437.5,3.5269
,
6500,2.3717
,
6562.5,5.9774
,
6625,4.9932
,
6687.5,6.9206
,
6750,7.6415
,
6812.5,2.8228
,
6875,5.3269
,
6937.5,11.0661
,
7000,7.2037
,
7062.5,1.3567
,
7125,5.8264
,
7187.5,4.4852
,
7250,3.4228
,
7312.5,1.962
,
7375,1.517
,
7437.5,5.0262
,
7500,0.4884
,
7562.5,6.3468
,
7625,3.1593
,
7687.5,2.6674
,
7750,2.331
,
7812.5,2.8569
,
7875,3.0844
,
7937.5,7.7082
,
airflow(m/s),19.29
,
,
,
0,3695.2195
,
62.5,1914.8008
,
125,547.6899
,
187.5,64.5839
,
250,180.9553
,
312.5,228.0144
,
375,174.7582
,
437.5,112.8223
,
500,71.7977
,
562.5,8.3499
,
625,20.8215
,
687.5,27.1346
,
750,14.7495
,
812.5,20.4852
,
875,9.9832
,
937.5,2.0835
,
1000,23.7864
,
1062.5,24.5464
,
1125,3.6463
,
1187.5,8.2525
,
1250,9.1032
,
1312.5,5.1236
,
1375,20.8093
,
1437.5,20.6434
,
1500,16.6004
,
1562.5,9.3858
,
1625,1.5373
,
1687.5,9.4549
,
1750,5.9748
,
1812.5,5.1682
,
1875,5.9864
,
1937.5,2.6656
,
2000,10.7076
,
2062.5,14.28
,
2125,4.8294
,
2187.5,8.6538
,
2250,5.9642
,
2312.5,10.0586
,
2375,1.4191
,
2437.5,10.8793
,
2500,11.3719
,
2562.5,6.2176
,
2625,7.3526
,
2687.5,4.1075
,
2750,8.6179
,
2812.5,11.9073
,
2875,6.7696
,
2937.5,3.0014
,
3000,6.7148
,
3062.5,6.5286
,
3125,7.7746
,
3187.5,8.8398
,
3250,4.9249
,
3312.5,1.2952
,
3375,9.5411
,
3437.5,9.6535
,
3500,8.2948
,
3562.5,0.7033
,
3625,5.6688
,
3687.5,6.3375
,
3750,2.8272
,
3812.5,8.5235
,
3875,4.7529
,
3937.5,5.9599
,
4000,0.9373
,
4062.5,1.7756
,
4125,6.945
,
4187.5,5.2416
,
4250,2.7123
,
4312.5,9.6772
,
4375,4.8739
,
4437.5,8.1406
,
4500,4.5096
,
4562.5,11.6246
,
4625,7.5494
,
4687.5,8.4922
,
4750,5.0871
,
4812.5,3.9094
,
4875,1.07
,
4937.5,8.7445
,
5000,7.5239
,
5062.5,5.9429
,
5125,2.6136
,
5187.5,2.7828
,
5250,4.8351
,
5312.5,9.758
,
5375,5.9123
,
5437.5,1.9978
,
5500,3.5277
,
5562.5,5.3577
,
5625,3.9226
,
5687.5,1.7489
,
5750,4.3562
,
5812.5,7.2768
,
5875,9.2247
,
5937.5,3.1595
,
6000,7.5396
,
6062.5,7.9184
,
6125,7.52
,
6187.5,4.421
,
6250,4.5897
,
6312.5,3.3946
,
6375,0.6697
,
6437.5,2.0433
,
6500,3.5711
,
6562.5,6.5612
,
6625,1.6124
,
6687.5,12.5088
,
6750,6.8981
,
6812.5,4.7141
,
6875,2.9828
,
6937.5,8.5955
,
7000,4.7689
,
7062.5,2.4141
,
7125,5.486
,
7187.5,1.2271
,
7250,7.6897
,
7312.5,5.7082
,
7375,6.0237
,
7437.5,6.337
,
7500,3.5079
,
7562.5,7.2914
,
7625,5.8238
,
7687.5,3.9897
,
7750,2.6754
,
7812.5,3.877
,
7875,8.867
,
7937.5,4.0273
,
airflow(m/s),20.3
,
,
,
0,3703.659
,
62.5,2651.312
,
125,1027.9829
,
187.5,139.4437
,
250,46.9917
,
312.5,36.4753
,
375,24.8278
,
437.5,48.9741
,
500,16.3687
,
562.5,31.3487
,
625,60.9644
,
687.5,13.1746
,
750,31.7544
,
812.5,3.1679
,
875,8.6394
,
937.5,20.6868
,
1000,13.11
,
1062.5,2.4734
,
1125,19.445
,
1187.5,7.1947
,
1250,11.2761
,
1312.5,17.4392
,
1375,15.362
,
1437.5,24.651
,
1500,13.8255
,
1562.5,7.1603
,
1625,15.3427
,
1687.5,8.449
,
1750,4.9021
,
1812.5,10.141
,
1875,6.5579
,
1937.5,10.2961
,
2000,1.4791
,
2062.5,10.6567
,
2125,11.7608
,
2187.5,17.0972
,
2250,5.6194
,
2312.5,6.8337
,
2375,8.658
,
2437.5,9.2885
,
2500,9.5976
,
2562.5,4.7318
,
2625,5.7394
,
2687.5,7.8552
,
2750,8.181
,
2812.5,4.8007
,
2875,13.4196
,
2937.5,3.0106
,
3000,8.9922
,
3062.5,15.1181
,
3125,5.1799
,
3187.5,6.894
,
3250,4.2691
,
3312.5,2.9084
,
3375,8.3245
,
3437.5,5.3514
,
3500,9.1031
,
3562.5,5.1698
,
3625,3.2614
,
3687.5,4.2313
,
3750,4.6492
,
3812.5,3.9729
,
3875,6.7401
,
3937.5,2.5369
,
4000,3.6539
,
4062.5,4.0434
,
4125,8.356
,
4187.5,5.318
,
4250,10.9256
,
4312.5,9.3546
,
4375,9.195
,
4437.5,6.3679
,
4500,6.1726
,
4562.5,3.6275
,
4625,5.6918
,
4687.5,3.6422
,
4750,0.334
,
4812.5,5.1038
,
4875,3.1583
,
4937.5,4.762
,
5000,8.6544
,
5062.5,7.0207
,
5125,5.714
,
5187.5,2.7681
,
5250,6.4533
,
5312.5,2.3589
,
5375,4.3301
,
5437.5,3.9675
,
5500,7.4741
,
5562.5,15.0591
,
5625,7.4013
,
5687.5,10.4426
,
5750,1.1271
,
5812.5,0.8313
,
5875,3.7817
,
5937.5,1.7289
,
6000,3.3269
,
6062.5,1.5684
,
6125,5.1731
,
6187.5,6.7836
,
6250,2.3443
,
6312.5,2.7204
,
6375,0.8022
,
6437.5,7.5766
,
6500,2.0108
,
6562.5,6.0764
,
6625,5.5829
,
6687.5,4.3648
,
6750,5.8794
,
6812.5,1.2188
,
6875,1.6347
,
6937.5,6.7154
,
7000,4.275
,
7062.5,2.0424
,
7125,8.5535
,
7187.5,8.0272
,
7250,8.8386
,
7312.5,2.2296
,
7375,7.5076
,
7437.5,3.3116
,
7500,8.3756
,
7562.5,8.3676
,
7625,9.0203
,
7687.5,3.0392
,
7750,2.467
,
7812.5,2.0641
,
7875,4.779
,
7937.5,2.4612
,
airflow(m/s),20.04
,
,
,
0,4571.7603
,
62.5,2695.1352
,
125,355.7411
,
187.5,492.8845
,
250,130.4878
,
312.5,70.4353
,
375,78.6883
,
437.5,61.2365
,
500,42.5257
,
562.5,36.2637
,
625,47.4976
,
687.5,45.174
,
750,46.4623
,
812.5,25.8967
,
875,7.6922
,
937.5,25.9815
,
1000,13.2276
,
1062.5,24.1643
,
1125,27.7073
,
1187.5,6.7733
,
1250,13.282
,
1312.5,18.7377
,
1375,18.4916
,
1437.5,18.1628
,
1500,6.2293
,
1562.5,9.621
,
1625,10.8749
,
1687.5,1.7182
,
1750,4.9876
,
1812.5,8.737
,
1875,3.9477
,
1937.5,11.5715
,
2000,14.5387
,
2062.5,4.714
,
2125,1.2005
,
2187.5,9.4125
,
2250,14.4439
,
2312.5,14.5688
,
2375,11.2314
,
2437.5,9.5584
,
2500,5.7764
,
2562.5,4.5439
,
2625,3.8861
,
2687.5,10.4166
,
2750,9.4367
,
2812.5,3.646
,
2875,5.9748
,
2937.5,6.16
,
3000,2.5527
,
3062.5,3.0144
,
3125,5.0989
,
3187.5,4.916
,
3250,6.0041
,
3312.5,2.5684
,
3375,6.9312
,
3437.5,5.4224
,
3500,2.7255
,
3562.5,3.7705
,
3625,2.2354
,
3687.5,3.2687
,
3750,7.0285
,
3812.5,8.3226
,
3875,10.6246
,
3937.5,9.4797
,
4000,4.0879
,
4062.5,4.4931
,
4125,7.1888
,
4187.5,9.2155
,
4250,5.3091
,
4312.5,4.331
,
4375,5.6656
,
4437.5,1.6741
,
4500,1.4812
,
4562.5,9.0088
,
4625,5.482
,
4687.5,3.9963
,
4750,5.336
,
4812.5,2.9921
,
4875,3.3586
,
4937.5,3.1628
,
5000,1.4515
,
5062.5,3.6321
,
5125,2.2633
,
5187.5,5.102
,
5250,4.195
,
5312.5,3.1195
,
5375,6.2933
,
5437.5,7.0997
,
5500,2.5408
,
5562.5,5.9395
,
5625,3.3146
,
5687.5,2.1119
,
5750,3.6578
,
5812.5,1.8285
,
5875,2.4333
,
5937.5,4.1619
,
6000,4.95
,
6062.5,2.0478
,
6125,4.3182
,
6187.5,5.5287
,
6250,5.9272
,
6312.5,7.7892
,
6375,8.8178
,
6437.5,3.8908
,
6500,1.0902
,
6562.5,4.19
,
6625,0.5716
,
6687.5,2.5139
,
6750,5.2571
,
6812.5,1.0703
,
6875,1.7586
,
6937.5,4.0017
,
7000,6.4135
,
7062.5,2.6601
,
7125,4.1697
,
7187.5,4.6495
,
7250,1.557
,
7312.5,5.8493
,
7375,0.9412
,
7437.5,3.4501
,
7500,6.148
,
7562.5,6.6376
,
7625,4.6611
,
7687.5,7.5715
,
7750,5.5024
,
7812.5,0.2791
,
7875,2.9278
,
7937.5,2.8694
,
airflow(m/s),20.04
,
,
,
0,2406.554
,
62.5,1675.2222
,
125,878.0084
,
187.5,404.2029
,
250,422.3379
,
312.5,267.7292
,
375,161.3669
,
437.5,132.4936
,
500,23.5737
,
562.5,51.9567
,
625,31.0455
,
687.5,18.6561
,
750,21.8307
,
812.5,24.513
,
875,46.3907
,
937.5,29.7116
,
1000,53.8524
,
1062.5,46.8939
,
1125,23.5022
,
1187.5,42.28
,
1250,49.425
,
1312.5,26.0458
,
1375,33.1028
,
1437.5,29.7516
,
1500,27.2381
,
1562.5,30.9486
,
1625,41.27
,
1687.5,49.0037
,
1750,35.5911
,
1812.5,31.6587
,
1875,22.146
,
1937.5,9.8399
,
2000,16.0085
,
2062.5,14.1763
,
2125,9.2817
,
2187.5,6.8027
,
2250,27.5554
,
2312.5,12.2259
,
2375,11.6489
,
2437.5,5.5051
,
2500,19.1684
,
2562.5,10.2555
,
2625,12.0073
,
2687.5,10.7804
,
2750,6.3845
,
2812.5,7.4838
,
2875,25.0128
,
2937.5,12.3685
,
3000,33.955
,
3062.5,27.1098
,
3125,36.6692
,
3187.5,30.2349
,
3250,23.2563
,
3312.5,33.0345
,
3375,11.8079
,
3437.5,15.8427
,
3500,20.2023
,
3562.5,9.5741
,
3625,9.3276
,
3687.5,12.9298
,
3750,6.7613
,
3812.5,6.3728
,
3875,8.0862
,
3937.5,11.3666
,
4000,17.9821
,
4062.5,14.994
,
4125,9.494
,
4187.5,16.393
,
4250,14.674
,
4312.5,13.992
,
4375,18.8383
,
4437.5,4.5997
,
4500,15.1704
,
4562.5,6.2656
,
4625,24.7155
,
4687.5,18.7526
,
4750,20.837
,
4812.5,24.6215
,
4875,22.6517
,
4937.5,23.8435
,
5000,28.1852
,
5062.5,23.9597
,
5125,18.9501
,
5187.5,24.3182
,
5250,25.4238
,
5312.5,29.5277
,
5375,29.1507
,
5437.5,27.6292
,
5500,21.0692
,
5562.5,12.7449
,
5625,12.4257
,
5687.5,23.1649
,
5750,27.1986
,
5812.5,28.9792
,
5875,38.1501
,
5937.5,30.2957
,
6000,31.2907
,
6062.5,27.9694
,
6125,13.1141
,
6187.5,13.2909
,
6250,9.4802
,
6312.5,2.9867
,
6375,6
,
6437.5,8.3015
,
6500,14.1834
,
6562.5,11.2765
,
6625,15.4406
,
6687.5,9.4534
,
6750,9.2225
,
6812.5,11.0077
,
6875,5.5006
,
6937.5,2.7629
,
7000,2.1135
,
7062.5,2.6812
,
7125,6.1263
,
7187.5,9.0329
,
7250,17.3206
,
7312.5,14.2308
,
7375,18.9155
,
7437.5,19.4808
,
7500,13.9603
,
7562.5,12.3357
,
7625,20.7031
,
7687.5,29.2919
,
7750,27.032
,
7812.5,26.996
,
7875,21.6919
,
7937.5,22.8409
,
airflow(m/s),19.54
,
,
,
0,8234.7484
,
62.5,4130.6793
,
125,158.0284
,
187.5,140.2498
,
250,151.0673
,
312.5,85.3666
,
375,51.9837
,
437.5,78.4351
,
500,13.9683
,
562.5,84.0824
,
625,56.2376
,
687.5,52.259
,
750,29.1765
,
812.5,25.7677
,
875,21.1419
,
937.5,17.3343
,
1000,12.9421
,
1062.5,12.078
,
1125,12.2466
,
1187.5,30.4413
,
1250,20.2009
,
1312.5,17.1087
,
1375,17.8343
,
1437.5,3.7003
,
1500,27.4307
,
1562.5,10.3499
,
1625,20.3495
,
1687.5,9.7092
,
1750,16.3299
,
1812.5,7.7204
,
1875,10.713
,
1937.5,24.5259
,
2000,9.469
,
2062.5,6.9227
,
2125,6.2433
,
2187.5,7.2417
,
2250,15.3936
,
2312.5,1.2962
,
2375,6.9254
,
2437.5,13.319
,
2500,4.174
,
2562.5,17.4849
,
2625,7.6996
,
2687.5,19.0026
,
2750,31.7429
,
2812.5,13.8769
,
2875,11.3695
,
2937.5,6.3738
,
3000,4.8317
,
3062.5,5.4684
,
3125,11.4276
,
3187.5,10.3934
,
3250,14.0322
,
3312.5,5.9113
,
3375,9.2216
,
3437.5,12.525
,
3500,2.8441
,
3562.5,15.1284
,
3625,8.2305
,
3687.5,18.3054
,
3750,2.1022
,
3812.5,7.0997
,
3875,3.1716
,
3937.5,12.2822
,
4000,4.9239
,
4062.5,11.1741
,
4125,4.5288
,
4187.5,10.6848
,
4250,0.5427
,
4312.5,4.3024
,
4375,1.9421
,
4437.5,20.8369
,
4500,7.4362
,
4562.5,12.536
,
4625,6.8516
,
4687.5,6.9333
,
4750,6.6916
,
4812.5,8.5633
,
4875,2.5841
,
4937.5,10.7352
,
5000,2.4785
,
5062.5,9.6025
,
5125,7.4532
,
5187.5,1.3062
,
5250,1.7188
,
5312.5,5.2193
,
5375,9.089
,
5437.5,7.8097
,
5500,3.4018
,
5562.5,2.8837
,
5625,12.8424
,
5687.5,7.4874
,
5750,12.1019
,
5812.5,4.142
,
5875,5.1266
,
5937.5,7.6567
,
6000,7.0783
,
6062.5,9.2267
,
6125,4.2783
,
6187.5,5.0034
,
6250,12.9342
,
6312.5,4.9834
,
6375,7.432
,
6437.5,3.2389
,
6500,13.6184
,
6562.5,4.1529
,
6625,7.4155
,
6687.5,2.5643
,
6750,6.837
,
6812.5,5.6967
,
6875,4.2668
,
6937.5,1.6152
,
7000,3.9754
,
7062.5,3.3931
,
7125,4.0377
,
7187.5,7.8898
,
7250,9.0504
,
7312.5,6.7512
,
7375,13.1477
,
7437.5,3.9522
,
7500,6.8707
,
7562.5,4.0808
,
7625,3.865
,
7687.5,9.4336
,
7750,6.428
,
7812.5,3.3207
,
7875,4.6565
,
7937.5,3.6192
,
airflow(m/s),19.29
,
,
,
0,9596.6733
,
62.5,4124.7182
,
125,342.392
,
187.5,67.2796
,
250,175.539
,
312.5,93.3398
,
375,58.801
,
437.5,51.4586
,
500,41.2009
,
562.5,23.1709
,
625,49.4126
,
687.5,36.7378
,
750,54.1874
,
812.5,18.0543
,
875,12.426
,
937.5,9.9014
,
1000,19.4652
,
1062.5,23.8059
,
1125,15.7069
,
1187.5,16.3586
,
1250,7.1219
,
1312.5,11.5502
,
1375,26.2936
,
1437.5,14.1308
,
1500,15.9502
,
1562.5,12.3214
,
1625,10.5
,
1687.5,7.8312
,
1750,8.735
,
1812.5,5.9835
,
1875,3.8663
,
1937.5,0.351
,
2000,10.4324
,
2062.5,7.6695
,
2125,14.712
,
2187.5,12.996
,
2250,7.3572
,
2312.5,5.9364
,
2375,3.8717
,
2437.5,7.1547
,
2500,4.674
,
2562.5,8.4342
,
2625,3.7249
,
2687.5,7.5642
,
2750,3.3017
,
2812.5,4.9641
,
2875,5.7055
,
2937.5,8.2268
,
3000,6.0499
,
3062.5,6.1644
,
3125,5.7172
,
3187.5,10.6033
,
3250,9.6879
,
3312.5,3.0141
,
3375,6.6013
,
3437.5,6.3857
,
3500,13.4126
,
3562.5,5.9711
,
3625,3.2405
,
3687.5,8.0998
,
3750,10.4536
,
3812.5,0.317
,
3875,5.8915
,
3937.5,2.0155
,
4000,4.0757
,
4062.5,8.7314
,
4125,5.7555
,
4187.5,2.3488
,
4250,7.5825
,
4312.5,7.7141
,
4375,7.4481
,
4437.5,3.5883
,
4500,5.7184
,
4562.5,5.798
,
4625,6.6512
,
4687.5,5.6395
,
4750,2.6974
,
4812.5,2.9244
,
4875,4.7914
,
4937.5,8.2618
,
5000,2.9064
,
5062.5,4.6984
,
5125,6.9896
,
5187.5,4.461
,
5250,3.6281
,
5312.5,2.3693
,
5375,3.8587
,
5437.5,4.8175
,
5500,5.5128
,
5562.5,2.7021
,
5625,2.9868
,
5687.5,5.5909
,
5750,6.8934
,
5812.5,3.4539
,
5875,4.3529
,
5937.5,5.3637
,
6000,4.7903
,
6062.5,8.5971
,
6125,11.5534
,
6187.5,2.8075
,
6250,6.1928
,
6312.5,11.4459
,
6375,9.4093
,
6437.5,5.5718
,
6500,5.7812
,
6562.5,4.2205
,
6625,6.2426
,
6687.5,4.3425
,
6750,2.8045
,
6812.5,3.5777
,
6875,8.1388
,
6937.5,7.224
,
7000,7.7558
,
7062.5,3.3877
,
7125,3.0443
,
7187.5,1.7202
,
7250,1.14
,
7312.5,4.7761
,
7375,9.3025
,
7437.5,4.2703
,
7500,13.4145
,
7562.5,6.6552
,
7625,5.664
,
7687.5,2.1871
,
7750,3.1678
,
7812.5,3.2537
,
7875,2.9761
,
7937.5,4.9496
,
airflow(m/s),20.56
,
,
,
0,4096.1816
,
62.5,3672.9567
,
125,797.3893
,
187.5,110.173
,
250,93.2321
,
312.5,103.5596
,
375,38.9903
,
437.5,22.8828
,
500,38.7939
,
562.5,51.9124
,
625,12.1579
,
687.5,3.1789
,
750,62.9195
,
812.5,19.1303
,
875,10.8285
,
937.5,39.27
,
1000,22.3654
,
1062.5,22.4072
,
1125,17.9574
,
1187.5,3.8628
,
1250,25.8686
,
1312.5,9.4493
,
1375,20.4977
,
1437.5,7.312
,
1500,19.9684
,
1562.5,12.9188
,
1625,7.3194
,
1687.5,16.1171
,
1750,11.2405
,
1812.5,9.9363
,
1875,15.6524
,
1937.5,7.9133
,
2000,14.6443
,
2062.5,16.8837
,
2125,9.3495
,
2187.5,14.0388
,
2250,12.3702
,
2312.5,7.9363
,
2375,3.2011
,
2437.5,14.1689
,
2500,9.8478
,
2562.5,7.3166
,
2625,18.3195
,
2687.5,8.12
,
2750,14.4375
,
2812.5,7.1027
,
2875,3.5916
,
2937.5,12.7385
,
3000,7.4128
,
3062.5,7.7211
,
3125,6.8119
,
3187.5,3.873
,
3250,8.8406
,
3312.5,7.2232
,
3375,8.3248
,
3437.5,2.0587
,
3500,9.2259
,
3562.5,9.087
,
3625,2.9616
,
3687.5,11.6573
,
3750,6.7236
,
3812.5,4.3538
,
3875,9.2127
,
3937.5,4.7199
,
4000,11.1689
,
4062.5,3.2991
,
4125,5.1313
,
4187.5,11.5029
,
4250,6.5515
,
4312.5,7.9034
,
4375,3.4345
,
4437.5,3.6316
,
4500,7.0437
,
4562.5,3.1748
,
4625,0.8068
,
4687.5,11.217
,
4750,3.2844
,
4812.5,8.1909
,
4875,6.0943
,
4937.5,10.2143
,
5000,2.7266
,
5062.5,6.605
,
5125,8.2695
,
5187.5,2.5413
,
5250,9.7618
,
5312.5,4.499
,
5375,7.445
,
5437.5,1.1509
,
5500,4.3605
,
5562.5,9.574
,
5625,2.9676
,
5687.5,10.4378
,
5750,3.1393
,
5812.5,4.0251
,
5875,9.9382
,
5937.5,3.4381
,
6000,3.4563
,
6062.5,8.2815
,
6125,9.9601
,
6187.5,4.9275
,
6250,6.3992
,
6312.5,8.9516
,
6375,3.3656
,
6437.5,4.7774
,
6500,5.1413
,
6562.5,7.9546
,
6625,2.7233
,
6687.5,11.2039
,
6750,6.5014
,
6812.5,3.2903
,
6875,3.7722
,
6937.5,14.6217
,
7000,7.0329
,
7062.5,7.3724
,
7125,1.6067
,
7187.5,6.874
,
7250,2.9531
,
7312.5,4.2724
,
7375,5.389
,
7437.5,4.49
,
7500,8.1035
,
7562.5,7.1379
,
7625,8.1758
,
7687.5,3.74
,
7750,3.9832
,
7812.5,0.6406
,
7875,7.9821
,
7937.5,5.5119
,
airflow(m/s),19.79
,
,
,
0,14.3865
,
62.5,1924.3661
,
125,731.5503
,
187.5,289.074
,
250,95.2686
,
312.5,18.6547
,
375,95.765
,
437.5,18.8619
,
500,58.1203
,
562.5,19.2036
,
625,49.9904
,
687.5,26.5065
,
750,38.6009
,
812.5,35.1108
,
875,7.6082
,
937.5,29.0621
,
1000,18.5062
,
1062.5,18.2997
,
1125,29.0677
,
1187.5,5.8994
,
1250,22.9935
,
1312.5,9.8521
,
1375,24.837
,
1437.5,20.9252
,
1500,7.229
,
1562.5,21.7821
,
1625,10.4708
,
1687.5,9.5665
,
1750,10.2093
,
1812.5,13.5812
,
1875,6.4544
,
1937.5,14.5776
,
2000,8.8535
,
2062.5,18.8203
,
2125,14.1287
,
2187.5,33.1131
,
2250,4.4082
,
2312.5,10.5887
,
2375,11.4118
,
2437.5,7.9717
,
2500,8.4489
,
2562.5,22.3085
,
2625,9.7643
,
2687.5,11.4096
,
2750,5.8585
,
2812.5,8.4218
,
2875,5.2423
,
2937.5,12.905
,
3000,12.0104
,
3062.5,8.7526
,
3125,17.9159
,
3187.5,4.7229
,
3250,6.3113
,
3312.5,12.8175
,
3375,6.8492
,
3437.5,10.1997
,
3500,5.8637
,
3562.5,9.3338
,
3625,9.7361
,
3687.5,3.4951
,
3750,7.4488
,
3812.5,8.87
,
3875,7.6627
,
3937.5,6.1277
,
4000,7.0265
,
4062.5,4.0399
,
4125,4.125
,
4187.5,8.4256
,
4250,4.2247
,
4312.5,11.1316
,
4375,9.5117
,
4437.5,3.0083
,
4500,4.3085
,
4562.5,6.1658
,
4625,8.239
,
4687.5,4.4845
,
4750,9.0816
,
4812.5,3.854
,
4875,8.0896
,
4937.5,1.3685
,
5000,9.1028
,
5062.5,1.8766
,
5125,5.9719
,
5187.5,3.4344
,
5250,7.171
,
5312.5,2.4576
,
5375,8.5084
,
5437.5,3.7763
,
5500,2.882
,
5562.5,10.5378
,
5625,2.3191
,
5687.5,2.8669
,
5750,1.8097
,
5812.5,8.9725
,
5875,3.0656
,
5937.5,3.8767
,
6000,5.1392
,
6062.5,3.0906
,
6125,12.9924
,
6187.5,0.8468
,
6250,2.172
,
6312.5,10.7465
,
6375,5.5301
,
6437.5,7.3913
,
6500,4.5062
,
6562.5,4.9895
,
6625,9.346
,
6687.5,3.8366
,
6750,14.4401
,
6812.5,4.8439
,
6875,7.9195
,
6937.5,5.8744
,
7000,2.6939
,
7062.5,6.5254
,
7125,9.7748
,
7187.5,6.7571
,
7250,7.6008
,
7312.5,9.0968
,
7375,6.8102
,
7437.5,5.4795
,
7500,10.0288
,
7562.5,5.5608
,
7625,10.4915
,
7687.5,3.2806
,
7750,3.2068
,
7812.5,5.7589
,
7875,2.1801
,
7937.5,5.0725
,
airflow(m/s),19.29
,
,
,
0,6215.4032
,
62.5,2869.8147
,
125,580.6422
,
187.5,296.532
,
250,80.9967
,
312.5,24.8163
,
375,48.1865
,
437.5,20.6878
,
500,11.18
,
562.5,25.9795
,
625,49.0364
,
687.5,40.8588
,
750,14.3373
,
812.5,15.9779
,
875,4.8702
,
937.5,19.9428
,
1000,15.237
,
1062.5,17.1386
,
1125,5.4065
,
1187.5,13.2671
,
1250,27.5897
,
1312.5,14.3365
,
1375,8.9998
,
1437.5,5.926
,
1500,7.8212
,
1562.5,4.0934
,
1625,10.7152
,
1687.5,15.7318
,
1750,11.874
,
1812.5,3.0653
,
1875,2.0547
,
1937.5,6.9389
,
2000,10.8797
,
2062.5,9.2944
,
2125,3.0045
,
2187.5,5.7992
,
2250,7.8526
,
2312.5,11.2881
,
2375,20.5422
,
2437.5,25.0905
,
2500,8.5697
,
2562.5,3.1355
,
2625,3.4509
,
2687.5,27.3162
,
2750,62.5871
,
2812.5,19.9854
,
2875,17.712
,
2937.5,10.5069
,
3000,15.7279
,
3062.5,14.594
,
3125,13.3485
,
3187.5,17.1516
,
3250,11.8808
,
3312.5,4.089
,
3375,11.5764
,
3437.5,7.3923
,
3500,3.6793
,
3562.5,12.5174
,
3625,11.3588
,
3687.5,6.8652
,
3750,9.5731
,
3812.5,3.6737
,
3875,7.2981
,
3937.5,4.6788
,
4000,4.1058
,
4062.5,1.2326
,
4125,3.2071
,
4187.5,11.3012
,
4250,10.2737
,
4312.5,4.424
,
4375,6.6773
,
4437.5,10.8621
,
4500,12.0096
,
4562.5,14.5823
,
4625,15.8599
,
4687.5,7.6496
,
4750,3.869
,
4812.5,2.0888
,
4875,3.2101
,
4937.5,1.939
,
5000,0.5773
,
5062.5,1.2542
,
5125,1.7672
,
5187.5,6.5517
,
5250,8.0972
,
5312.5,5.8107
,
5375,5.4882
,
5437.5,6.3197
,
5500,1.0003
,
5562.5,2.0038
,
5625,2.7686
,
5687.5,5.9349
,
5750,8.8196
,
5812.5,8.366
,
5875,11.5205
,
5937.5,6.9662
,
6000,1.7055
,
6062.5,11.6198
,
6125,7.7549
,
6187.5,2.4964
,
6250,5.0999
,
6312.5,2.0931
,
6375,2.4982
,
6437.5,11.9687
,
6500,6.8118
,
6562.5,3.7059
,
6625,1.0319
,
6687.5,6.6493
,
6750,5.5783
,
6812.5,5.2889
,
6875,4.0406
,
6937.5,4.4056
,
7000,6.2717
,
7062.5,7.0615
,
7125,6.5517
,
7187.5,4.8536
,
7250,11.3344
,
7312.5,6.9948
,
7375,4.4438
,
7437.5,2.5778
,
7500,2.6816
,
7562.5,2.3081
,
7625,9.4832
,
7687.5,3.9087
,
7750,4.189
,
7812.5,4.0368
,
7875,0.5971
,
7937.5,2.2777
,
airflow(m/s),20.04
,
,
,
0,3060.2811
,
62.5,1590.8132
,
125,158.9542
,
187.5,184.6912
,
250,166.5896
,
312.5,110.7123
,
375,37.5286
,
437.5,22.2613
,
500,22.458
,
562.5,72.8126
,
625,50.9037
,
687.5,28.3847
,
750,20.3056
,
812.5,14.8938
,
875,9.4363
,
937.5,13.171
,
1000,14.7522
,
1062.5,14.4409
,
1125,7.5697
,
1187.5,14.319
,
1250,15.4147
,
1312.5,10.3601
,
1375,12.8674
,
1437.5,21.8419
,
1500,13.4786
,
1562.5,1.8253
,
1625,10.6213
,
1687.5,5.2611
,
1750,4.1031
,
1812.5,4.8844
,
1875,7.486
,
1937.5,4.8005
,
2000,1.609
,
2062.5,3.0227
,
2125,9.9449
,
2187.5,16.7627
,
2250,4.3715
,
2312.5,13.3413
,
2375,19.0505
,
2437.5,11.3638
,
2500,6.0419
,
2562.5,6.4687
,
2625,5.5647
,
2687.5,3.2074
,
2750,10.2464
,
2812.5,7.0204
,
2875,2.7978
,
2937.5,5.4057
,
3000,7.0097
,
3062.5,5.9834
,
3125,9.5815
,
3187.5,4.1598
,
3250,3.2304
,
3312.5,2.165
,
3375,3.9655
,
3437.5,7.5081
,
3500,5.65
,
3562.5,4.2937
,
3625,2.4695
,
3687.5,6.0437
,
3750,4.2558
,
3812.5,3.2783
,
3875,6.2487
,
3937.5,10.4486
,
4000,4.5555
,
4062.5,2.8559
,
4125,8.3764
,
4187.5,6.8755
,
4250,7.6036
,
4312.5,5.8363
,
4375,7.9235
,
4437.5,4.2418
,
4500,8.8034
,
4562.5,4.99
,
4625,4.8303
,
4687.5,8.6688
,
4750,5.0132
,
4812.5,13.9676
,
4875,10.8526
,
4937.5,4.8809
,
5000,7.0082
,
5062.5,2.6951
,
5125,4.6994
,
5187.5,3.7213
,
5250,1.2956
,
5312.5,2.3259
,
5375,5.5328
,
5437.5,4.5305
,
5500,5.3529
,
5562.5,5.7295
,
5625,4.0386
,
5687.5,2.359
,
5750,1.827
,
5812.5,2.5479
,
5875,4.3721
,
5937.5,3.7226
,
6000,2.0109
,
6062.5,1.2999
,
6125,6.2969
,
6187.5,1.5425
,
6250,4.0959
,
6312.5,4.3471
,
6375,3.3417
,
6437.5,3.5996
,
6500,6.0412
,
6562.5,7.4076
,
6625,6.1855
,
6687.5,7.3397
,
6750,7.8981
,
6812.5,4.2048
,
6875,4.6477
,
6937.5,3.5075
,
7000,6.4966
,
7062.5,6.7891
,
7125,4.1126
,
7187.5,5.9994
,
7250,5.3155
,
7312.5,5.1005
,
7375,2.2425
,
7437.5,13.2931
,
7500,16.5881
,
7562.5,13.6994
,
7625,9.8978
,
7687.5,4.8439
,
7750,6.0486
,
7812.5,7.2226
,
7875,4.3266
,
7937.5,4.6946
,
airflow(m/s),19.79
,
,
,
0,16692.0358
,
62.5,8400.0518
,
125,840.642
,
187.5,221.0243
,
250,141.3939
,
312.5,56.465
,
375,60.541
,
437.5,72.8606
,
500,66.251
,
562.5,36.4719
,
625,33.7774
,
687.5,7.9229
,
750,9.6128
,
812.5,21.1735
,
875,3.1925
,
937.5,19.1343
,
1000,18.3178
,
1062.5,33.4392
,
1125,14.9527
,
1187.5,9.6775
,
1250,14.5346
,
1312.5,7.4662
,
1375,9.5892
,
1437.5,29.3943
,
1500,19.2776
,
1562.5,8.094
,
1625,6.973
,
1687.5,9.5479
,
1750,6.0903
,
1812.5,4.9712
,
1875,6.991
,
1937.5,10.1441
,
2000,2.6061
,
2062.5,6.3566
,
2125,7.5998
,
2187.5,8.6501
,
2250,7.4484
,
2312.5,10.6885
,
2375,5.6413
,
2437.5,8.9741
,
2500,1.2403
,
2562.5,8.1175
,
2625,8.8834
,
2687.5,13.861
,
2750,6.7755
,
2812.5,5.7013
,
2875,6.8528
,
2937.5,4.1491
,
3000,8.6398
,
3062.5,5.0573
,
3125,6.5984
,
3187.5,1.6914
,
3250,9.9836
,
3312.5,4.3104
,
3375,9.4496
,
3437.5,9.7569
,
3500,3.2932
,
3562.5,2.7314
,
3625,4.5544
,
3687.5,7.9786
,
3750,9.8791
,
3812.5,0.9397
,
3875,3.2601
,
3937.5,3.3137
,
4000,7.2136
,
4062.5,6.7413
,
4125,2.9361
,
4187.5,0.6954
,
4250,12.3217
,
4312.5,4.2049
,
4375,5.1072
,
4437.5,5.9611
,
4500,2.1433
,
4562.5,2.916
,
4625,4.5787
,
4687.5,2.6219
,
4750,4.5655
,
4812.5,3.5018
,
4875,2.9994
,
4937.5,2.1147
,
5000,4.9775
,
5062.5,5.4633
,
5125,6.529
,
5187.5,11.9327
,
5250,4.8935
,
5312.5,3.4814
,
5375,5.7247
,
5437.5,4.3849
,
5500,4.086
,
5562.5,1.2352
,
5625,2.7687
,
5687.5,5.5912
,
5750,3.4037
,
5812.5,3.3177
,
5875,0.8945
,
5937.5,4.6576
,
6000,2.4012
,
6062.5,7.0682
,
6125,4.5268
,
6187.5,4.4286
,
6250,2.5521
,
6312.5,5.9535
,
6375,7.2918
,
6437.5,14.6138
,
6500,6.8838
,
6562.5,3.8453
,
6625,5.7865
,
6687.5,5.0571
,
6750,0.8374
,
6812.5,3.5323
,
6875,4.5791
,
6937.5,10.0367
,
7000,3.6778
,
7062.5,4.0698
,
7125,3.131
,
7187.5,4.2819
,
7250,5.9532
,
7312.5,1.7712
,
7375,12.4446
,
7437.5,8.5874
,
7500,8.2096
,
7562.5,3.7094
,
7625,8.9806
,
7687.5,5.9378
,
7750,2.6298
,
7812.5,1.5713
,
7875,6.5326
,
7937.5,0.3303
,
airflow(m/s),19.29
,
,
,
0,8229.7217
,
62.5,4191.1274
,
125,292.837
,
187.5,118.6123
,
250,109.0097
,
312.5,69.6596
,
375,49.5851
,
437.5,31.7167
,
500,26.252
,
562.5,38.1049
,
625,49.1854
,
687.5,16.0898
,
750,14.5189
,
812.5,32.585
,
875,9.6778
,
937.5,27.7591
,
1000,14.3351
,
1062.5,15.211
,
1125,11.7523
,
1187.5,16.4592
,
1250,19.8983
,
1312.5,8.1149
,
1375,12.4488
,
1437.5,17.7981
,
1500,10.0362
,
1562.5,15.3593
,
1625,7.7427
,
1687.5,16.717
,
1750,12.8093
,
1812.5,1.6322
,
1875,12.2426
,
1937.5,9.0862
,
2000,7.0005
,
2062.5,15.4498
,
2125,10.0948
,
2187.5,15.0069
,
2250,13.2631
,
2312.5,3.2061
,
2375,8.814
,
2437.5,9.3741
,
2500,4.9802
,
2562.5,11.3908
,
2625,5.0086
,
2687.5,12.9359
,
2750,4.1451
,
2812.5,8.1809
,
2875,5.4773
,
2937.5,9.0741
,
3000,2
,
3062.5,10.8266
,
3125,5.2902
,
3187.5,1.6511
,
3250,12.7784
,
3312.5,4.2055
,
3375,10.1335
,
3437.5,7.1718
,
3500,5.7512
,
3562.5,2.5311
,
3625,6.6601
,
3687.5,2.1114
,
3750,8.793
,
3812.5,3.8928
,
3875,1.8373
,
3937.5,14.3292
,
4000,5.0805
,
4062.5,7.7914
,
4125,2.394
,
4187.5,7.7062
,
4250,8.8385
,
4312.5,8.8271
,
4375,14.1937
,
4437.5,6.0356
,
4500,5.0926
,
4562.5,6.1552
,
4625,3.6922
,
4687.5,10.588
,
4750,3.3736
,
4812.5,4.3662
,
4875,13.4721
,
4937.5,6.8135
,
5000,6.3758
,
5062.5,8.4028
,
5125,3.4949
,
5187.5,7.2701
,
5250,4.2215
,
5312.5,10.0973
,
5375,13.0998
,
5437.5,6.5722
,
5500,9.0142
,
5562.5,9.3914
,
5625,6.0722
,
5687.5,11.693
,
5750,11.3526
,
5812.5,2.3448
,
5875,7.3349
,
5937.5,3.0452
,
6000,6.7255
,
6062.5,2.7225
,
6125,3.4652
,
6187.5,2.3678
,
6250,2.9913
,
6312.5,6.3928
,
6375,9.5208
,
6437.5,4.59
,
6500,4.6225
,
6562.5,3.7553
,
6625,5.6715
,
6687.5,3.9701
,
6750,9.8721
,
6812.5,9.7593
,
6875,10.2698
,
6937.5,12.1375
,
7000,11.7755
,
7062.5,7.6188
,
7125,4.5296
,
7187.5,10.1671
,
7250,6.1057
,
7312.5,12.9579
,
7375,9.7621
,
7437.5,2.6566
,
7500,8.4405
,
7562.5,9.8366
,
7625,0.7935
,
7687.5,8.9106
,
7750,3.7488
,
7812.5,4.8255
,
7875,5.5263
,
7937.5,1.4352
,
airflow(m/s),19.54
,
,
,
0,4395.0407
,
62.5,2690.7841
,
125,626.1892
,
187.5,118.2504
,
250,73.7078
,
312.5,25.2134
,
375,11.8323
,
437.5,56.8618
,
500,9.7538
,
562.5,14.5027
,
625,38.3719
,
687.5,19.2341
,
750,16.7868
,
812.5,26.2127
,
875,30.2279
,
937.5,8.5744
,
1000,12.1879
,
1062.5,11.8078
,
1125,17.9522
,
1187.5,35.9284
,
1250,8.1967
,
1312.5,9.4096
,
1375,12.6671
,
1437.5,20.23
,
1500,27.8625
,
1562.5,8.5907
,
1625,12.152
,
1687.5,10.825
,
1750,9.3571
,
1812.5,28.2577
,
1875,15.6398
,
1937.5,3.72
,
2000,21.3692
,
2062.5,2.5163
,
2125,6.6005
,
2187.5,13.5456
,
2250,4.8216
,
2312.5,16.3973
,
2375,11.802
,
2437.5,5.1598
,
2500,15.0255
,
2562.5,13.9837
,
2625,19.586
,
2687.5,6.3303
,
2750,2.8872
,
2812.5,3.545
,
2875,3.4649
,
2937.5,9.2774
,
3000,21.9842
,
3062.5,15.6305
,
3125,13.6271
,
3187.5,5.5244
,
3250,13.836
,
3312.5,6.1932
,
3375,9.5279
,
3437.5,8.5338
,
3500,16.0781
,
3562.5,5.4872
,
3625,5.8869
,
3687.5,1.7877
,
3750,7.2144
,
3812.5,9.825
,
3875,7.2738
,
3937.5,4.216
,
4000,7.9013
,
4062.5,2.265
,
4125,6.2794
,
4187.5,6.1832
,
4250,6.6276
,
4312.5,13.4757
,
4375,8.9586
,
4437.5,12.5236
,
4500,7.9642
,
4562.5,4.8231
,
4625,1.4177
,
4687.5,2.6452
,
4750,7.9395
,
4812.5,17.6047
,
4875,14.6561
,
4937.5,2.7496
,
5000,13.692
,
5062.5,15.3214
,
5125,5.7865
,
5187.5,20.9108
,
5250,8.5327
,
5312.5,8.9912
,
5375,4.9598
,
5437.5,3.276
,
5500,9.8056
,
5562.5,5.2017
,
5625,5.4272
,
5687.5,0.5389
,
5750,11.8676
,
5812.5,9.2676
,
5875,2.4612
,
5937.5,9.4357
,
6000,2.5479
,
6062.5,6.6664
,
6125,13.8843
,
6187.5,5.8647
,
6250,3.9212
,
6312.5,5.3691
,
6375,7.5846
,
6437.5,7.758
,
6500,7.0209
,
6562.5,3.535
,
6625,5.8443
,
6687.5,5.4102
,
6750,4.7158
,
6812.5,6.6876
,
6875,15.9178
,
6937.5,13.6906
,
7000,1.5614
,
7062.5,4.1985
,
7125,6.2267
,
7187.5,4.8848
,
7250,8.5052
,
7312.5,13.4025
,
7375,11.4234
,
7437.5,7.8726
,
7500,6.4079
,
7562.5,3.8239
,
7625,7.5881
,
7687.5,6.555
,
7750,5.708
,
7812.5,3.5151
,
7875,2.5946
,
7937.5,3.5422
,
airflow(m/s),20.3
,
,
,
0,9111.851
,
62.5,3009.5808
,
125,749.3819
,
187.5,58.5316
,
250,159.4676
,
312.5,28.3725
,
375,105.4318
,
437.5,103.867
,
500,47.873
,
562.5,28.6325
,
625,35.5514
,
687.5,27.3441
,
750,27.4024
,
812.5,29.9962
,
875,6.3165
,
937.5,7.3676
,
1000,8.9416
,
1062.5,12.2723
,
1125,8.8553
,
1187.5,6.5764
,
1250,4.56
,
1312.5,8.1801
,
1375,1.1434
,
1437.5,11.4883
,
1500,2.6159
,
1562.5,7.8194
,
1625,7.724
,
1687.5,7.9815
,
1750,1.8992
,
1812.5,4.9398
,
1875,13.2597
,
1937.5,13.6356
,
2000,9.7598
,
2062.5,6.2399
,
2125,2.3263
,
2187.5,0.927
,
2250,10.0421
,
2312.5,6.1085
,
2375,0.9006
,
2437.5,9.2736
,
2500,5.9031
,
2562.5,8.84
,
2625,8.1262
,
2687.5,8.6351
,
2750,1.7301
,
2812.5,8.9896
,
2875,10.554
,
2937.5,7.5906
,
3000,6.5294
,
3062.5,4.0328
,
3125,4.2313
,
3187.5,8.3354
,
3250,8.5075
,
3312.5,5.4814
,
3375,3.2059
,
3437.5,6.267
,
3500,8.2075
,
3562.5,6.0553
,
3625,6.3637
,
3687.5,10.9579
,
3750,6.945
,
3812.5,5.5005
,
3875,6.1228
,
3937.5,3.8024
,
4000,4.7015
,
4062.5,4.3168
,
4125,5.5065
,
4187.5,6.9325
,
4250,4.5729
,
4312.5,2.6905
,
4375,5.709
,
4437.5,3.2777
,
4500,1.7733
,
4562.5,4.2994
,
4625,7.2399
,
4687.5,6.4758
,
4750,12.0006
,
4812.5,13.0829
,
4875,8.2127
,
4937.5,7.933
,
5000,1.3872
,
5062.5,2.8258
,
5125,6.2138
,
5187.5,3.1483
,
5250,5.6317
,
5312.5,1.1089
,
5375,2.2588
,
5437.5,4.7843
,
5500,9.546
,
5562.5,6.0625
,
5625,0.2618
,
5687.5,4.8408
,
5750,5.5699
,
5812.5,1.2801
,
5875,7.9398
,
5937.5,8.3016
,
6000,3.6824
,
6062.5,2.9952
,
6125,6.5762
,
6187.5,6.1372
,
6250,3.0448
,
6312.5,7.182
,
6375,9.1249
,
6437.5,4.9819
,
6500,4.4332
,
6562.5,2.9456
,
6625,3.2926
,
6687.5,3.9899
,
6750,2.8667
,
6812.5,0.5041
,
6875,5.244
,
6937.5,8.9259
,
7000,8.2847
,
7062.5,4.5694
,
7125,1.2838
,
7187.5,1.3624
,
7250,1.7685
,
7312.5,5.7467
,
7375,5.1959
,
7437.5,4.2467
,
7500,6.1233
,
7562.5,6.943
,
7625,5.6215
,
7687.5,7.8119
,
7750,1.0438
,
7812.5,5.0112
,
7875,3.522
,
7937.5,6.3363
,
airflow(m/s),20.04
,
,
,
0,64.3401
,
62.5,1609.942
,
125,238.2152
,
187.5,121.1549
,
250,83.3657
,
312.5,86.3901
,
375,25.9983
,
437.5,50.2658
,
500,2.1766
,
562.5,36.8904
,
625,13.5285
,
687.5,32.8549
,
750,52.4005
,
812.5,21.6281
,
875,5.6923
,
937.5,8.5711
,
1000,20.0405
,
1062.5,5.6017
,
1125,6.4019
,
1187.5,10.6398
,
1250,3.5447
,
1312.5,10.7526
,
1375,11.8819
,
1437.5,16.5149
,
1500,7.9052
,
1562.5,10.5242
,
1625,3.6968
,
1687.5,12.5735
,
1750,3.1151
,
1812.5,8.9806
,
1875,1.8757
,
1937.5,1.1397
,
2000,4.602
,
2062.5,6.5367
,
2125,7.1982
,
2187.5,3.7497
,
2250,11.0114
,
2312.5,8.2587
,
2375,8.3583
,
2437.5,9.6031
,
2500,5.7097
,
2562.5,6.9589
,
2625,6.1416
,
2687.5,3.7827
,
2750,9.2611
,
2812.5,1.9211
,
2875,3.5077
,
2937.5,8.2036
,
3000,1.916
,
3062.5,4.2003
,
3125,4.8939
,
3187.5,3.2228
,
3250,6.4953
,
3312.5,5.2531
,
3375,8.6281
,
3437.5,3.8281
,
3500,6.9282
,
3562.5,10.1076
,
3625,8.0578
,
3687.5,5.3617
,
3750,9.4143
,
3812.5,10.033
,
3875,6.9969
,
3937.5,2.6384
,
4000,7.3495
,
4062.5,2.7623
,
4125,4.0369
,
4187.5,5.2427
,
4250,6.1988
,
4312.5,8.2351
,
4375,1.6966
,
4437.5,4.7817
,
4500,7.5906
,
4562.5,7.8026
,
4625,8.7729
,
4687.5,5.4912
,
4750,9.2377
,
4812.5,1.8512
,
4875,10.9929
,
4937.5,8.331
,
5000,8.6225
,
5062.5,2.8009
,
5125,6.2878
,
5187.5,8.4199
,
5250,3.716
,
5312.5,2.3249
,
5375,3.6238
,
5437.5,4.6663
,
5500,3.7524
,
5562.5,4.6257
,
5625,2.3536
,
5687.5,9.1773
,
5750,9.9177
,
5812.5,2.61
,
5875,5.447
,
5937.5,10.5758
,
6000,7.1639
,
6062.5,10.6125
,
6125,8.2064
,
6187.5,7.8002
,
6250,4.3512
,
6312.5,2.1399
,
6375,5.2386
,
6437.5,4.4596
,
6500,5.4335
,
6562.5,4.6781
,
6625,4.5836
,
6687.5,7.8133
,
6750,4.9577
,
6812.5,2.198
,
6875,4.2038
,
6937.5,4.7959
,
7000,3.5333
,
7062.5,1.3994
,
7125,2.4244
,
7187.5,7.2677
,
7250,0.9555
,
7312.5,10.1007
,
7375,6.7104
,
7437.5,8.3766
,
7500,4.6243
,
7562.5,6.6032
,
7625,4.1652
,
7687.5,1.512
,
7750,7.3551
,
7812.5,2.2668
,
7875,3.6603
,
7937.5,5.6258
,
airflow(m/s),19.04
,
,
,
0,6555.7206
,
62.5,3299.3441
,
125,193.8577
,
187.5,454.8434
,
250,112.3704
,
312.5,130.522
,
375,75.5739
,
437.5,24.8544
,
500,70.4432
,
562.5,38.8711
,
625,39.4364
,
687.5,4.0571
,
750,19.279
,
812.5,1.82
,
875,18.3172
,
937.5,15.4101
,
1000,22.2435
,
1062.5,16.017
,
1125,1.742
,
1187.5,6.3754
,
1250,12.5376
,
1312.5,19.6147
,
1375,26.6924
,
1437.5,7.8807
,
1500,2.2251
,
1562.5,3.2261
,
1625,2.9502
,
1687.5,1.3108
,
1750,8.6212
,
1812.5,2.6786
,
1875,3.7121
,
1937.5,7.7052
,
2000,8.0453
,
2062.5,8.2987
,
2125,0.7945
,
2187.5,5.6342
,
2250,3.7638
,
2312.5,7.1507
,
2375,4.9217
,
2437.5,1.6774
,
2500,1.0847
,
2562.5,5.7935
,
2625,8.2238
,
2687.5,11.489
,
2750,9.3497
,
2812.5,6.3442
,
2875,6.1707
,
2937.5,2.7859
,
3000,8.7904
,
3062.5,13.74
,
3125,8.4943
,
3187.5,2.1302
,
3250,10.4751
,
3312.5,5.339
,
3375,2.2104
,
3437.5,8.7962
,
3500,10.236
,
3562.5,9.633
,
3625,14.6468
,
3687.5,2.3718
,
3750,5.2101
,
3812.5,3.9365
,
3875,3.3993
,
3937.5,2.7531
,
4000,8.3375
,
4062.5,2.1867
,
4125,2.7119
,
4187.5,6.0157
,
4250,0.9865
,
4312.5,5.8242
,
4375,1.1701
,
4437.5,5.6797
,
4500,10.2115
,
4562.5,5.2245
,
4625,6.6781
,
4687.5,8.4576
,
4750,3.7218
,
4812.5,8.2286
,
4875,4.783
,
4937.5,5.0907
,
5000,10.8761
,
5062.5,5.563
,
5125,2.32
,
5187.5,7.0863
,
5250,7.9577
,
5312.5,4.6499
,
5375,5.5217
,
5437.5,4.7342
,
5500,4.2039
,
5562.5,3.8932
,
5625,4.0813
,
5687.5,3.5104
,
5750,3.6726
,
5812.5,1.9352
,
5875,0.596
,
5937.5,5.7705
,
6000,7.0571
,
6062.5,5.7703
,
6125,3.1938
,
6187.5,8.4499
,
6250,6.8363
,
6312.5,3.1876
,
6375,4.3422
,
6437.5,6.2421
,
6500,5.9158
,
6562.5,8.1142
,
6625,4.0079
,
6687.5,7.9335
,
6750,6.6162
,
6812.5,2.8865
,
6875,0.2041
,
6937.5,2.9385
,
7000,3.6998
,
7062.5,4.4075
,
7125,2.2751
,
7187.5,3.7124
,
7250,3.3392
,
7312.5,6.0844
,
7375,5.4227
,
7437.5,2.6531
,
7500,2.1928
,
7562.5,6.0361
,
7625,2.109
,
7687.5,4.623
,
7750,8.4304
,
7812.5,4.566
,
7875,9.2588
,
7937.5,7.454
,
airflow(m/s),19.29
,
,
,
0,6714.4931
,
62.5,3905.769
,
125,526.9057
,
187.5,167.6755
,
250,121.221
,
312.5,61.1454
,
375,56.1003
,
437.5,55.1496
,
500,57.7017
,
562.5,2.2772
,
625,56.0984
,
687.5,57.8776
,
750,37.3442
,
812.5,6.7818
,
875,27.4849
,
937.5,17.6287
,
1000,1.668
,
1062.5,10.4121
,
1125,18.0573
,
1187.5,13.4081
,
1250,15.2912
,
1312.5,4.5964
,
1375,14.1066
,
1437.5,11.1558
,
1500,19.7562
,
1562.5,3.6159
,
1625,13.4548
,
1687.5,3.076
,
1750,14.1194
,
1812.5,8.6605
,
1875,15.1464
,
1937.5,6.363
,
2000,6.1433
,
2062.5,5.7841
,
2125,9.9055
,
2187.5,8.5054
,
2250,8.5761
,
2312.5,16.4831
,
2375,7.2423
,
2437.5,12.3858
,
2500,3.1628
,
2562.5,7.5472
,
2625,11.0879
,
2687.5,3.6752
,
2750,6.1508
,
2812.5,5.55
,
2875,9.8828
,
2937.5,10.1496
,
3000,13.4119
,
3062.5,4.1468
,
3125,9.7878
,
3187.5,11.889
,
3250,5.75
,
3312.5,4.3959
,
3375,14.5501
,
3437.5,6.831
,
3500,2.4092
,
3562.5,6.2215
,
3625,1.5863
,
3687.5,5.2504
,
3750,6.1978
,
3812.5,10.1789
,
3875,11.5856
,
3937.5,12.3948
,
4000,4.67
,
4062.5,6.928
,
4125,1.7782
,
4187.5,5.9656
,
4250,3.7888
,
4312.5,4.5716
,
4375,9.1618
,
4437.5,7.1481
,
4500,10.2925
,
4562.5,3.0116
,
4625,4.0264
,
4687.5,5.791
,
4750,6.1179
,
4812.5,8.3792
,
4875,7.1368
,
4937.5,2.3905
,
5000,5.5939
,
5062.5,5.2083
,
5125,8.6097
,
5187.5,4.9142
,
5250,7.0814
,
5312.5,6.3621
,
5375,6.532
,
5437.5,4.9126
,
5500,6.1795
,
5562.5,3.7554
,
5625,9.3001
,
5687.5,1.513
,
5750,5.305
,
5812.5,7.1227
,
5875,5.4036
,
5937.5,4.9773
,
6000,3.4166
,
6062.5,7.8484
,
6125,4.4841
,
6187.5,1.0656
,
6250,5.5815
,
6312.5,11.1705
,
6375,7.0065
,
6437.5,4.2148
,
6500,11.8991
,
6562.5,2.9795
,
6625,3.5589
,
6687.5,6.0885
,
6750,8.8712
,
6812.5,2.2922
,
6875,6.2441
,
6937.5,3.8272
,
7000,2.9199
,
7062.5,6.1091
,
7125,3.0424
,
7187.5,5.4674
,
7250,5.3209
,
7312.5,3.9994
,
7375,4.1517
,
7437.5,3.0132
,
7500,11.1184
,
7562.5,8.9439
,
7625,8.9642
,
7687.5,7.6423
,
7750,4.9461
,
7812.5,4.7229
,
7875,1.6273
,
7937.5,5.7974
,
airflow(m/s),20.3
,
,
,
0,2644.8707
,
62.5,679.7816
,
125,185.9719
,
187.5,254.7138
,
250,216.251
,
312.5,149.733
,
375,66.9916
,
437.5,35.4147
,
500,22.4118
,
562.5,6.4671
,
625,30.9903
,
687.5,47.7428
,
750,30.2899
,
812.5,7.5226
,
875,12.609
,
937.5,4.5591
,
1000,7.5596
,
1062.5,3.4586
,
1125,12.9015
,
1187.5,14.4999
,
1250,4.5195
,
1312.5,5.8045
,
1375,16.3088
,
1437.5,22.1556
,
1500,13.5136
,
1562.5,4.6626
,
1625,5.8303
,
1687.5,5.1472
,
1750,8.2031
,
1812.5,8.1106
,
1875,2.2912
,
1937.5,6.319
,
2000,8.6517
,
2062.5,11.1783
,
2125,5.2174
,
2187.5,2.0547
,
2250,2.2886
,
2312.5,5.6179
,
2375,3.3544
,
2437.5,3.3924
,
2500,5.8203
,
2562.5,2.0139
,
2625,4.8369
,
2687.5,4.3535
,
2750,7.3293
,
2812.5,8.6178
,
2875,1.2144
,
2937.5,1.5837
,
3000,4.3213
,
3062.5,7.1764
,
3125,9.2511
,
3187.5,3.5641
,
3250,6.4406
,
3312.5,10.0996
,
3375,9.9989
,
3437.5,12.0697
,
3500,11.684
,
3562.5,1.2296
,
3625,7.2162
,
3687.5,7.3951
,
3750,3.1872
,
3812.5,3.8853
,
3875,6.4766
,
3937.5,7.951
,
4000,1.9211
,
4062.5,4.0624
,
4125,5.8852
,
4187.5,4.1063
,
4250,2.3896
,
4312.5,2.9617
,
4375,5.3316
,
4437.5,3.4006
,
4500,3.5621
,
4562.5,4.9995
,
4625,3.4927
,
4687.5,2.3522
,
4750,2.2035
,
4812.5,4.4822
,
4875,1.2538
,
4937.5,2.388
,
5000,1.1914
,
5062.5,2.9935
,
5125,6.9215
,
5187.5,10.9841
,
5250,4.0573
,
5312.5,3.2311
,
5375,2.7843
,
5437.5,5.1881
,
5500,1.12
,
5562.5,2.0657
,
5625,5.6837
,
5687.5,1.2999
,
5750,2.5958
,
5812.5,3.066
,
5875,4.7897
,
5937.5,10.93
,
6000,10.8759
,
6062.5,6.4913
,
6125,1.645
,
6187.5,5.5319
,
6250,7.6423
,
6312.5,4.4043
,
6375,1.1301
,
6437.5,5.1805
,
6500,2.762
,
6562.5,4.6707
,
6625,5.8914
,
6687.5,2.1472
,
6750,0.7647
,
6812.5,7.6404
,
6875,8.369
,
6937.5,6.5784
,
7000,10.8793
,
7062.5,5.8114
,
7125,2.6616
,
7187.5,3.0108
,
7250,0.6889
,
7312.5,4.4384
,
7375,3.529
,
7437.5,6.7425
,
7500,8.6276
,
7562.5,6.3314
,
7625,6.0313
,
7687.5,9.867
,
7750,9.1314
,
7812.5,4.4592
,
7875,5.8479
,
7937.5,6.4025
,
airflow(m/s),19.54
,
,
,
0,5254.3998
,
62.5,3996.6406
,
125,855.2907
,
187.5,172.4702
,
250,111.3419
,
312.5,54.5557
,
375,62.3009
,
437.5,93.3828
,
500,27.9519
,
562.5,54.5638
,
625,56.0356
,
687.5,21.4335
,
750,38.3635
,
812.5,35.1783
,
875,25.6436
,
937.5,26.0783
,
1000,31.6198
,
1062.5,32.394
,
1125,24.6708
,
1187.5,20.2253
,
1250,22.7989
,
1312.5,21.9082
,
1375,22.4495
,
1437.5,22.6323
,
1500,17.9289
,
1562.5,17.5194
,
1625,11.7592
,
1687.5,20.9776
,
1750,17.3509
,
1812.5,16.2216
,
1875,3.1636
,
1937.5,14.8062
,
2000,21.5635
,
2062.5,10.2427
,
2125,12.5593
,
2187.5,18.3559
,
2250,10.7471
,
2312.5,19.668
,
2375,12.4253
,
2437.5,13.6829
,
2500,17.7251
,
2562.5,8.3606
,
2625,16.2324
,
2687.5,9.85
,
2750,10.2066
,
2812.5,8.7839
,
2875,14.3264
,
2937.5,7.4419
,
3000,7.4952
,
3062.5,10.5749
,
3125,6.2229
,
3187.5,11.0108
,
3250,7.3057
,
3312.5,13.2423
,
3375,9.8439
,
3437.5,9.0758
,
3500,11.4108
,
3562.5,14.0419
,
3625,13.2784
,
3687.5,7.2618
,
3750,10.6924
,
3812.5,7.2431
,
3875,8.312
,
3937.5,9.0732
,
4000,11.1634
,
4062.5,9.0707
,
4125,7.7204
,
4187.5,10.3419
,
4250,6.8758
,
4312.5,7.5459
,
4375,9.0893
,
4437.5,5.4469
,
4500,9.0101
,
4562.5,8.5669
,
4625,6.2486
,
4687.5,1.7678
,
4750,16.3964
,
4812.5,5.0917
,
4875,7.9092
,
4937.5,9.8146
,
5000,12.6321
,
5062.5,6.2279
,
5125,2.1981
,
5187.5,9.2798
,
5250,10.1822
,
5312.5,11.4586
,
5375,4.9078
,
5437.5,5.9386
,
5500,3.5907
,
5562.5,9.8284
,
5625,8.6508
,
5687.5,2.4332
,
5750,8.0958
,
5812.5,5.8197
,
5875,3.8285
,
5937.5,5.2961
,
6000,8.2879
,
6062.5,7.2734
,
6125,3.2714
,
6187.5,6.6617
,
6250,6.1246
,
6312.5,5.0747
,
6375,2.2646
,
6437.5,11.7209
,
6500,5.3279
,
6562.5,7.407
,
6625,3.2667
,
6687.5,8.3163
,
6750,6.2283
,
6812.5,8.2832
,
6875,3.5696
,
6937.5,10.9818
,
7000,2.9807
,
7062.5,7.3873
,
7125,6.2486
,
7187.5,7.9641
,
7250,4.7586
,
7312.5,4.788
,
7375,11.0963
,
7437.5,4.8437
,
7500,7.0054
,
7562.5,5.0922
,
7625,8.201
,
7687.5,10.6268
,
7750,3.6431
,
7812.5,10.3791
,
7875,7.9379
,
7937.5,18.6402
,
airflow(m/s),19.54
,
,
,
0,3956.5441
,
62.5,2141.491
,
125,385.9206
,
187.5,229.759
,
250,40.9624
,
312.5,15.5549
,
375,12.2015
,
437.5,55.6845
,
500,14.5839
,
562.5,26.5146
,
625,53.0505
,
687.5,45.0801
,
750,42.5845
,
812.5,14.5833
,
875,14.6678
,
937.5,8.4532
,
1000,33.1852
,
1062.5,13.8029
,
1125,6.3992
,
1187.5,9.6199
,
1250,5.0723
,
1312.5,7.7509
,
1375,10.0894
,
1437.5,5.6618
,
1500,8.1463
,
1562.5,3.0932
,
1625,9.6361
,
1687.5,3.337
,
1750,6.3732
,
1812.5,15.1043
,
1875,8.9354
,
1937.5,5.6156
,
2000,3.7237
,
2062.5,6.4346
,
2125,8.2484
,
2187.5,4.1559
,
2250,5.9217
,
2312.5,4.9623
,
2375,2.2343
,
2437.5,4.3562
,
2500,4.5186
,
2562.5,5.9288
,
2625,3.9167
,
2687.5,2.6133
,
2750,3.3415
,
2812.5,7.0319
,
2875,6.3602
,
2937.5,0.7781
,
3000,5.379
,
3062.5,5.2148
,
3125,1.7861
,
3187.5,7.1476
,
3250,2.8051
,
3312.5,4.0353
,
3375,4.105
,
3437.5,2.1953
,
3500,5.2423
,
3562.5,0.6959
,
3625,4.4647
,
3687.5,3.2853
,
3750,7.7778
,
3812.5,6.0255
,
3875,5.5107
,
3937.5,8.2881
,
4000,6.7578
,
4062.5,9.4295
,
4125,0.7058
,
4187.5,3.1175
,
4250,6.3128
,
4312.5,12.2256
,
4375,1.7265
,
4437.5,4.5082
,
4500,11.9442
,
4562.5,7.8015
,
4625,10.6288
,
4687.5,3.7307
,
4750,16.2629
,
4812.5,8.3496
,
4875,4.4523
,
4937.5,5.3055
,
5000,8.6763
,
5062.5,9.2419
,
5125,5.1697
,
5187.5,2.5837
,
5250,4.9497
,
5312.5,5.901
,
5375,4.5894
,
5437.5,2.1569
,
5500,5.0116
,
5562.5,2.564
,
5625,5.0102
,
5687.5,5.2872
,
5750,9.3752
,
5812.5,8.5881
,
5875,10.837
,
5937.5,1.1295
,
6000,8.3955
,
6062.5,5.6869
,
6125,6.6346
,
6187.5,5.8002
,
6250,3.6425
,
6312.5,2.7613
,
6375,4.0029
,
6437.5,12.6771
,
6500,9.8166
,
6562.5,1.2106
,
6625,1.1274
,
6687.5,2.2485
,
6750,1.4645
,
6812.5,4.229
,
6875,4.963
,
6937.5,4.475
,
7000,7.1873
,
7062.5,4.4794
,
7125,8.1666
,
7187.5,3.0202
,
7250,4.3324
,
7312.5,3.7202
,
7375,0.5733
,
7437.5,4.6589
,
7500,5.4563
,
7562.5,16.318
,
7625,21.7577
,
7687.5,5.7356
,
7750,7.9973
,
7812.5,5.907
,
7875,11.1312
,
7937.5,2.7908
,
airflow(m/s),20.04
,
,
,
0,4493.0865
,
62.5,2750.147
,
125,562.9924
,
187.5,67.7743
,
250,151.3128
,
312.5,109.3114
,
375,131.9321
,
437.5,48.4811
,
500,12.9432
,
562.5,35.6423
,
625,30.7021
,
687.5,27.9699
,
750,31.5126
,
812.5,21.9161
,
875,18.8454
,
937.5,29.9339
,
1000,20.7974
,
1062.5,21.1006
,
1125,11.7913
,
1187.5,17.2697
,
1250,5.2631
,
1312.5,7.679
,
1375,8.2034
,
1437.5,21.9114
,
1500,5.1409
,
1562.5,6.2841
,
1625,9.8526
,
1687.5,3.3225
,
1750,8.9983
,
1812.5,12.6259
,
1875,12.8811
,
1937.5,3.6013
,
2000,8.5599
,
2062.5,11.5735
,
2125,4.736
,
2187.5,3.9694
,
2250,5.5572
,
2312.5,2.7369
,
2375,11.0166
,
2437.5,4.1718
,
2500,4.5751
,
2562.5,2.7801
,
2625,8.3099
,
2687.5,5.1913
,
2750,3.8101
,
2812.5,11.5027
,
2875,11.1124
,
2937.5,11.7299
,
3000,6.3698
,
3062.5,4.219
,
3125,3.1081
,
3187.5,10.0863
,
3250,8.6896
,
3312.5,11.3304
,
3375,2.4706
,
3437.5,1.8534
,
3500,3.116
,
3562.5,2.7262
,
3625,7.3994
,
3687.5,3.5437
,
3750,4.7923
,
3812.5,6.0809
,
3875,2.8834
,
3937.5,7.5688
,
4000,4.9558
,
4062.5,7.2458
,
4125,6.5926
,
4187.5,6.4537
,
4250,7.2809
,
4312.5,2.5168
,
4375,1.5398
,
4437.5,0.7216
,
4500,0.9985
,
4562.5,6.6124
,
4625,5.3423
,
4687.5,7.142
,
4750,4.1675
,
4812.5,6.8048
,
4875,1.0158
,
4937.5,4.7372
,
5000,4.7096
,
5062.5,3.6062
,
5125,3.556
,
5187.5,5.52
,
5250,7.3169
,
5312.5,5.2458
,
5375,3.6776
,
5437.5,9.7404
,
5500,9.0722
,
5562.5,4.3727
,
5625,2.8471
,
5687.5,5.2833
,
5750,3.5816
,
5812.5,2.8481
,
5875,3.3118
,
5937.5,6.1682
,
6000,2.8458
,
6062.5,2.0445
,
6125,5.3943
,
6187.5,2.1504
,
6250,4.0143
,
6312.5,3.3511
,
6375,4.7393
,
6437.5,4.2879
,
6500,0.6077
,
6562.5,4.8541
,
6625,3.5347
,
6687.5,10.8137
,
6750,11.016
,
6812.5,1.4797
,
6875,4.2575
,
6937.5,3.1131
,
7000,3.2755
,
7062.5,7.6624
,
7125,3.4803
,
7187.5,1.4046
,
7250,1.7274
,
7312.5,1.8967
,
7375,0.7842
,
7437.5,0.8067
,
7500,1.765
,
7562.5,6.1447
,
7625,6.9211
,
7687.5,5.5059
,
7750,3.9856
,
7812.5,6.042
,
7875,4.7694
,
7937.5,1.9593
,
airflow(m/s),20.3
,
,
,
0,941.7926
,
62.5,1088.4448
,
125,457.2469
,
187.5,182.8372
,
250,108.4588
,
312.5,124.4934
,
375,64.1384
,
437.5,4.5986
,
500,27.4776
,
562.5,35.7667
,
625,26.6058
,
687.5,13.6302
,
750,23.874
,
812.5,14.8187
,
875,20.7444
,
937.5,4.5479
,
1000,8.9041
,
1062.5,7.3022
,
1125,8.2994
,
1187.5,7.7293
,
1250,3.8928
,
1312.5,14.1527
,
1375,23.6251
,
1437.5,12.3689
,
1500,4.5331
,
1562.5,19.5802
,
1625,16.4456
,
1687.5,10.8273
,
1750,7.5309
,
1812.5,3.9023
,
1875,2.5883
,
1937.5,3.3374
,
2000,5.7862
,
2062.5,1.4854
,
2125,3.2678
,
2187.5,3.8154
,
2250,7.378
,
2312.5,5.8162
,
2375,4.3277
,
2437.5,2.9492
,
2500,3.9803
,
2562.5,7.6838
,
2625,7.9521
,
2687.5,6.4622
,
2750,5.9405
,
2812.5,3.3074
,
2875,2.3946
,
2937.5,2.3483
,
3000,2.4109
,
3062.5,8.6229
,
3125,7.339
,
3187.5,2.3107
,
3250,3.6523
,
3312.5,7.71
,
3375,14.6636
,
3437.5,5.743
,
3500,8.9298
,
3562.5,6.3703
,
3625,4.9387
,
3687.5,11.8314
,
3750,3.4976
,
3812.5,1.1123
,
3875,1.1981
,
3937.5,2.0998
,
4000,1.7846
,
4062.5,1.7849
,
4125,5.0818
,
4187.5,2.7716
,
4250,5.1072
,
4312.5,10.2945
,
4375,7.6119
,
4437.5,2.8784
,
4500,3.8949
,
4562.5,2.4176
,
4625,2.9817
,
4687.5,2.299
,
4750,1.951
,
4812.5,3.3373
,
4875,2.2449
,
4937.5,2.4034
,
5000,9.1768
,
5062.5,6.0804
,
5125,6.2323
,
5187.5,5.5616
,
5250,2.8326
,
5312.5,3.5095
,
5375,2.5896
,
5437.5,5.5511
,
5500,4.3015
,
5562.5,6.9997
,
5625,6.0211
,
5687.5,2.8376
,
5750,4.7471
,
5812.5,1.651
,
5875,1.0651
,
5937.5,0.7592
,
6000,3.8282
,
6062.5,4.6367
,
6125,6.6358
,
6187.5,12.5908
,
6250,7.7744
,
6312.5,4.2909
,
6375,7.3249
,
6437.5,3.8319
,
6500,2.7018
,
6562.5,8.2947
,
6625,13.7474
,
6687.5,3.8241
,
6750,4.5376
,
6812.5,3.7525
,
6875,3.3894
,
6937.5,0.5914
,
7000,5.4708
,
7062.5,4.6576
,
7125,1.5722
,
7187.5,2.7759
,
7250,5.6425
,
7312.5,3.054
,
7375,2.5509
,
7437.5,8.5519
,
7500,10.0004
,
7562.5,8.6835
,
7625,7.8963
,
7687.5,3.5088
,
7750,1.1862
,
7812.5,4.1982
,
7875,1.317
,
7937.5,2.375
,
airflow(m/s),20.3