0,2864.4289
,
62.5,1647.5811
,
125,504.3042
,
187.5,334.8096
,
250,149.0038
,
312.5,86.391
,
375,51.6117
,
437.5,55.5183
,
500,33.3903
,
562.5,23.8926
,
625,7.7421
,
687.5,13.3999
,
750,29.9815
,
812.5,16.6182
,
875,3.5564
,
937.5,11.3678
,
1000,14.3323
,
1062.5,11.9188
,
1125,9.7524
,
1187.5,4.0979
,
1250,18.1227
,
1312.5,9.6637
,
1375,9.0716
,
1437.5,19.2055
,
1500,16.0203
,
1562.5,1.8595
,
1625,4.4225
,
1687.5,10.1154
,
1750,15.7507
,
1812.5,10.8072
,
1875,2.408
,
1937.5,9.9027
,
2000,2.8406
,
2062.5,9.8112
,
2125,16.1095
,
2187.5,3.0959
,
2250,7.6648
,
2312.5,9.7371
,
2375,9.3502
,
2437.5,4.9231
,
2500,3.9578
,
2562.5,6.3708
,
2625,13.6846
,
2687.5,14.531
,
2750,13.1326
,
2812.5,5.1631
,
2875,10.894
,
2937.5,7.9227
,
3000,3.8919
,
3062.5,2.7664
,
3125,7.5343
,
3187.5,13.1822
,
3250,4.0672
,
3312.5,7.8019
,
3375,5.046
,
3437.5,12.5524
,
3500,6.0258
,
3562.5,2.4703
,
3625,4.7251
,
3687.5,4.5546
,
3750,6.9302
,
3812.5,13.4631
,
3875,6.0425
,
3937.5,6.9508
,
4000,9.5846
,
4062.5,2.5948
,
4125,7.135
,
4187.5,6.595
,
4250,6.1583
,
4312.5,3.1755
,
4375,7.9469
,
4437.5,5.9045
,
4500,5.1423
,
4562.5,6.5341
,
4625,4.6793
,
4687.5,5.1832
,
4750,9.8222
,
4812.5,4.619
,
4875,4.639
,
4937.5,5.51
,
5000,6.942
,
5062.5,3.2703
,
5125,0.8995
,
5187.5,4.7659
,
5250,0.8683
,
5312.5,3.6038
,
5375,5.0569
,
5437.5,4.1773
,
5500,8.217
,
5562.5,9.5526
,
5625,5.7593
,
5687.5,8.9721
,
5750,8.4742
,
5812.5,7.0658
,
5875,4.649
,
5937.5,3.1824
,
6000,4.4286
,
6062.5,6.5742
,
6125,3.3585
,
6187.5,4.6962
,
6250,2.8378
,
6312.5,2.3252
,
6375,3.7277
,
6437.5,3.151
,
6500,2.8499
,
6562.5,1.38
,
6625,5.1413
,
6687.5,8.6524
,
6750,8.0586
,
6812.5,2.1702
,
6875,4.2338
,
6937.5,7.0215
,
7000,8.294
,
7062.5,2.6736
,
7125,5.4539
,
7187.5,3.1876
,
7250,4.7967
,
7312.5,5.2029
,
7375,5.2356
,
7437.5,4.6908
,
7500,5.6984
,
7562.5,8.2059
,
7625,5.7205
,
7687.5,8.8578
,
7750,8.7469
,
7812.5,7.1185
,
7875,1.0925
,
7937.5,2.949
,
airflow(m/s),6.89
,
,
,
0,4707.8038
,
62.5,2118.0182
,
125,212.3742
,
187.5,81.24
,
250,121.6972
,
312.5,28.1595
,
375,17.7575
,
437.5,43.8595
,
500,37.8954
,
562.5,14.3675
,
625,44.9344
,
687.5,27.7157
,
750,10.3822
,
812.5,15.1652
,
875,33.2003
,
937.5,15.792
,
1000,12.5504
,
1062.5,27.1084
,
1125,27.7217
,
1187.5,13.2406
,
1250,19.3381
,
1312.5,11.0227
,
1375,9.3292
,
1437.5,12.9429
,
1500,14.5147
,
1562.5,11.5396
,
1625,4.1534
,
1687.5,13.2662
,
1750,3.4614
,
1812.5,10.6404
,
1875,3.2039
,
1937.5,9.8353
,
2000,12.1185
,
2062.5,11.8377
,
2125,12.1883
,
2187.5,17.8874
,
2250,5.4882
,
2312.5,9.9782
,
2375,14.1849
,
2437.5,5.1165
,
2500,11.8585
,
2562.5,1.9866
,
2625,8.9815
,
2687.5,5.3545
,
2750,6.5582
,
2812.5,5.5351
,
2875,6.1471
,
2937.5,1.8731
,
3000,6.5833
,
3062.5,3.5503
,
3125,6.8371
,
3187.5,5.291
,
3250,4.0257
,
3312.5,12.7744
,
3375,2.0648
,
3437.5,5.2333
,
3500,6.2849
,
3562.5,7.0247
,
3625,5.0908
,
3687.5,8.8133
,
3750,12.0824
,
3812.5,5.3033
,
3875,3.9636
,
3937.5,6.5159
,
4000,3.9334
,
4062.5,5.6312
,
4125,4.8442
,
4187.5,6.6032
,
4250,3.0572
,
4312.5,4.9152
,
4375,7.557
,
4437.5,4.7223
,
4500,5.8816
,
4562.5,9.043
,
4625,6.9506
,
4687.5,14.4324
,
4750,4.2899
,
4812.5,3.1358
,
4875,5.8734
,
4937.5,9.4266
,
5000,5.4752
,
5062.5,4.4691
,
5125,6.6805
,
5187.5,2.9103
,
5250,7.3873
,
5312.5,7.7182
,
5375,6.2337
,
5437.5,9.5318
,
5500,0.9157
,
5562.5,3.5094
,
5625,8.3078
,
5687.5,7.2093
,
5750,5.6603
,
5812.5,9.2601
,
5875,0.828
,
5937.5,1.5454
,
6000,3.2355
,
6062.5,4.0263
,
6125,7.6414
,
6187.5,2.9843
,
6250,8.198
,
6312.5,5.2194
,
6375,7.9278
,
6437.5,2.2103
,
6500,8.345
,
6562.5,5.4975
,
6625,5.0984
,
6687.5,3.8254
,
6750,5.1879
,
6812.5,0.946
,
6875,5.2112
,
6937.5,6.8708
,
7000,8.9838
,
7062.5,5.4953
,
7125,4.1421
,
7187.5,3.1439
,
7250,6.9147
,
7312.5,5.7742
,
7375,10.6721
,
7437.5,5.8934
,
7500,2.3665
,
7562.5,4.7913
,
7625,5.1642
,
7687.5,6.3754
,
7750,5.1083
,
7812.5,3.681
,
7875,3.5767
,
7937.5,1.4507
,
airflow(m/s),6.31
,
,
,
0,2203.6255
,
62.5,662.0586
,
125,483.5864
,
187.5,115.3154
,
250,29.3505
,
312.5,31.1557
,
375,31.4299
,
437.5,46.8614
,
500,31.9053
,
562.5,39.544
,
625,35.9661
,
687.5,20.3712
,
750,26.174
,
812.5,21.7701
,
875,17.9939
,
937.5,6.9162
,
1000,3.3928
,
1062.5,11.0483
,
1125,16.3235
,
1187.5,13.8251
,
1250,16.6976
,
1312.5,24.5294
,
1375,18.9431
,
1437.5,10.6731
,
1500,12.5553
,
1562.5,12.9676
,
1625,8.4098
,
1687.5,5.763
,
1750,1.6958
,
1812.5,2.5209
,
1875,5.1403
,
1937.5,7.3831
,
2000,10.9006
,
2062.5,6.8913
,
2125,8.549
,
2187.5,8.3273
,
2250,19.4569
,
2312.5,19.5088
,
2375,12.1176
,
2437.5,2.5704
,
2500,1.484
,
2562.5,0.8477
,
2625,3.4349
,
2687.5,8.5285
,
2750,12.9277
,
2812.5,3.9749
,
2875,2.2425
,
2937.5,9.0806
,
3000,9.9413
,
3062.5,6.313
,
3125,8.4138
,
3187.5,7.5422
,
3250,2.5841
,
3312.5,5.424
,
3375,2.8371
,
3437.5,1.7343
,
3500,3.4253
,
3562.5,3.495
,
3625,5.0086
,
3687.5,2.2244
,
3750,3.1732
,
3812.5,5.1376
,
3875,3.8359
,
3937.5,6.9878
,
4000,6.7437
,
4062.5,9.12
,
4125,9.5925
,
4187.5,4.43
,
4250,4.6814
,
4312.5,4.7427
,
4375,4.9099
,
4437.5,2.4152
,
4500,2.3073
,
4562.5,8.1344
,
4625,3.7343
,
4687.5,6.0094
,
4750,11.0692
,
4812.5,6.1766
,
4875,2.7929
,
4937.5,5.1604
,
5000,3.205
,
5062.5,2.1673
,
5125,4.5769
,
5187.5,7.5602
,
5250,6.3247
,
5312.5,4.1463
,
5375,2.6904
,
5437.5,3.7099
,
5500,5.8673
,
5562.5,5.2275
,
5625,3.6446
,
5687.5,6.4089
,
5750,5.7317
,
5812.5,2.3042
,
5875,0.2366
,
5937.5,5.598
,
6000,4.7224
,
6062.5,6.3528
,
6125,6.3358
,
6187.5,4.7128
,
6250,2.8637
,
6312.5,6.8683
,
6375,5.9053
,
6437.5,5.839
,
6500,8.084
,
6562.5,8.6777
,
6625,12.9851
,
6687.5,3.8971
,
6750,10.5787
,
6812.5,9.9143
,
6875,5.2971
,
6937.5,6.6191
,
7000,7.4956
,
7062.5,11.1068
,
7125,8.8333
,
7187.5,2.9492
,
7250,2.4643
,
7312.5,3.2658
,
7375,5.7238
,
7437.5,7.7266
,
7500,5.148
,
7562.5,1.9072
,
7625,4.0343
,
7687.5,2.2276
,
7750,0.2335
,
7812.5,1.1507
,
7875,1.6131
,
7937.5,4.6298
,
airflow(m/s),5.65
,
,
,
0,812.0981
,
62.5,655.31
,
125,151.2415
,
187.5,182.2109
,
250,117.6075
,
312.5,19.1763
,
375,40.993
,
437.5,50.4447
,
500,18.2857
,
562.5,17.8519
,
625,16.4712
,
687.5,9.2952
,
750,10.5012
,
812.5,20.8978
,
875,23.5773
,
937.5,12.1068
,
1000,23.1705
,
1062.5,22.5767
,
1125,21.3342
,
1187.5,23.5772
,
1250,11.8036
,
1312.5,3.8014
,
1375,15.1076
,
1437.5,11.7118
,
1500,12.4736
,
1562.5,0.2319
,
1625,7.5251
,
1687.5,3.0627
,
1750,8.7169
,
1812.5,6.5404
,
1875,4.7922
,
1937.5,12.9817
,
2000,10.4778
,
2062.5,11.8889
,
2125,7.1609
,
2187.5,7.8316
,
2250,10.8366
,
2312.5,2.6354
,
2375,5.5782
,
2437.5,9.2158
,
2500,10.0114
,
2562.5,5.1208
,
2625,8.6722
,
2687.5,12.86
,
2750,12.1039
,
2812.5,16.8959
,
2875,18.4446
,
2937.5,4.6246
,
3000,1.5318
,
3062.5,4.144
,
3125,7.8237
,
3187.5,10.365
,
3250,11.0829
,
3312.5,5.0301
,
3375,7.949
,
3437.5,7.7673
,
3500,8.7406
,
3562.5,6.0175
,
3625,3.2183
,
3687.5,8.2544
,
3750,8.4012
,
3812.5,7.5707
,
3875,5.3194
,
3937.5,2.1934
,
4000,5.2379
,
4062.5,6.8205
,
4125,8.7558
,
4187.5,11.894
,
4250,8.9181
,
4312.5,4.536
,
4375,3.8831
,
4437.5,1.8474
,
4500,4.4738
,
4562.5,6.448
,
4625,5.6978
,
4687.5,2.377
,
4750,5.5138
,
4812.5,4.3708
,
4875,7.122
,
4937.5,6.2954
,
5000,4.7566
,
5062.5,3.2138
,
5125,8.4309
,
5187.5,5.7233
,
5250,2.4571
,
5312.5,2.1808
,
5375,5.9014
,
5437.5,3.9314
,
5500,2.5183
,
5562.5,2.762
,
5625,4.0178
,
5687.5,2.2522
,
5750,3.6486
,
5812.5,9.6267
,
5875,9.8391
,
5937.5,8.5924
,
6000,4.0683
,
6062.5,2.9789
,
6125,3.2971
,
6187.5,2.4788
,
6250,4.4148
,
6312.5,7.2655
,
6375,4.2134
,
6437.5,6.6474
,
6500,8.0196
,
6562.5,9.0939
,
6625,4.9611
,
6687.5,1.0662
,
6750,1.7114
,
6812.5,0.8891
,
6875,3.2222
,
6937.5,0.4945
,
7000,2.0614
,
7062.5,1.3931
,
7125,1.6779
,
7187.5,4.0954
,
7250,0.4928
,
7312.5,2.9788
,
7375,4.4811
,
7437.5,6.7808
,
7500,7.0935
,
7562.5,4.9601
,
7625,6.7327
,
7687.5,1.1849
,
7750,4.1561
,
7812.5,8.6176
,
7875,9.6786
,
7937.5,5.0128
,
airflow(m/s),5.76
,
,
,
0,1611.3076
,
62.5,769.0747
,
125,647.5951
,
187.5,112.4249
,
250,126.9706
,
312.5,69.1203
,
375,65.7675
,
437.5,19.0961
,
500,37.1295
,
562.5,13.4765
,
625,29.5292
,
687.5,15.6194
,
750,5.0491
,
812.5,22.656
,
875,6.7654
,
937.5,31.0219
,
1000,29.6811
,
1062.5,19.426
,
1125,11.2068
,
1187.5,14.7955
,
1250,16.6534
,
1312.5,18.7123
,
1375,7.296
,
1437.5,11.9793
,
1500,13.1396
,
1562.5,0.9509
,
1625,4.0694
,
1687.5,16.6665
,
1750,18.2298
,
1812.5,21.6118
,
1875,12.3308
,
1937.5,4.9863
,
2000,3.3575
,
2062.5,10.1462
,
2125,6.7928
,
2187.5,6.7804
,
2250,2.5151
,
2312.5,11.9623
,
2375,3.5339
,
2437.5,4.506
,
2500,2.9916
,
2562.5,10.8166
,
2625,9.2472
,
2687.5,6.5149
,
2750,6.2404
,
2812.5,5.6555
,
2875,10.6383
,
2937.5,11.4675
,
3000,5.8661
,
3062.5,0.2873
,
3125,7.0285
,
3187.5,5.0372
,
3250,3.5636
,
3312.5,0.9896
,
3375,4.9931
,
3437.5,5.9145
,
3500,9.4745
,
3562.5,6.8199
,
3625,7.1046
,
3687.5,4.3243
,
3750,5.3765
,
3812.5,5.7385
,
3875,4.2903
,
3937.5,8.9462
,
4000,7.091
,
4062.5,3.6491
,
4125,3.5397
,
4187.5,2.5876
,
4250,8.0502
,
4312.5,3.4875
,
4375,6.7429
,
4437.5,8.368
,
4500,5.0484
,
4562.5,3.1041
,
4625,3.4856
,
4687.5,9.2569
,
4750,4.4555
,
4812.5,8.8209
,
4875,3.4822
,
4937.5,4.1499
,
5000,8.349
,
5062.5,3.2482
,
5125,1.6591
,
5187.5,6.5683
,
5250,5.5285
,
5312.5,7.8804
,
5375,3.5699
,
5437.5,3.7731
,
5500,8.641
,
5562.5,5.1436
,
5625,5.8005
,
5687.5,7.4135
,
5750,6.9509
,
5812.5,1.1559
,
5875,2.1248
,
5937.5,2.2233
,
6000,5.3341
,
6062.5,3.7941
,
6125,0.5207
,
6187.5,4.7917
,
6250,6.2449
,
6312.5,9.7689
,
6375,12.2746
,
6437.5,12.8496
,
6500,8.7515
,
6562.5,3.8028
,
6625,4.5442
,
6687.5,2.8695
,
6750,1.6246
,
6812.5,4.6308
,
6875,2.0539
,
6937.5,5.338
,
7000,5.8751
,
7062.5,3.6835
,
7125,5.451
,
7187.5,9.337
,
7250,7.3727
,
7312.5,1.9883
,
7375,5.5515
,
7437.5,5.1391
,
7500,11.2212
,
7562.5,2.4358
,
7625,6.0487
,
7687.5,4.57
,
7750,2.564
,
7812.5,3.4651
,
7875,3.2813
,
7937.5,6.1813
,
airflow(m/s),6.08
,
,
,
0,3081.996
,
62.5,1385.7055
,
125,172.7318
,
187.5,75.6633
,
250,75.9608
,
312.5,28.1146
,
375,9.1978
,
437.5,16.7493
,
500,31.2369
,
562.5,41.7551
,
625,33.8653
,
687.5,19.4098
,
750,23.6017
,
812.5,24.3765
,
875,8.9816
,
937.5,14.3112
,
1000,16.98
,
1062.5,13.9714
,
1125,17.4646
,
1187.5,14.9524
,
1250,14.8344
,
1312.5,11.3274
,
1375,10.2177
,
1437.5,8.7764
,
1500,7.1267
,
1562.5,9.8927
,
1625,15.9755
,
1687.5,15.2113
,
1750,7.9092
,
1812.5,10.6794
,
1875,7.2529
,
1937.5,9.9602
,
2000,2.1644
,
2062.5,7.8778
,
2125,6.7494
,
2187.5,6.7908
,
2250,9.0269
,
2312.5,11.4767
,
2375,6.1768
,
2437.5,5.4109
,
2500,4.5701
,
2562.5,3.9366
,
2625,13.444
,
2687.5,13.6685
,
2750,6.1497
,
2812.5,8.8437
,
2875,5.4233
,
2937.5,3.29
,
3000,7.5567
,
3062.5,4.8431
,
3125,2.8254
,
3187.5,4.7269
,
3250,6.8691
,
3312.5,6.9812
,
3375,7.3512
,
3437.5,1.9852
,
3500,2.2996
,
3562.5,5.532
,
3625,7.3188
,
3687.5,3.2299
,
3750,3.4781
,
3812.5,4.8301
,
3875,5.3228
,
3937.5,1.1671
,
4000,1.3395
,
4062.5,3.9126
,
4125,4.7131
,
4187.5,10.497
,
4250,8.513
,
4312.5,6.385
,
4375,2.9913
,
4437.5,7.013
,
4500,9.0176
,
4562.5,8.6499
,
4625,4.5733
,
4687.5,6.8851
,
4750,9.4382
,
4812.5,0.7322
,
4875,2.1356
,
4937.5,2.4324
,
5000,2.1864
,
5062.5,4.8306
,
5125,8.9413
,
5187.5,5.861
,
5250,6.5467
,
5312.5,2.1906
,
5375,0.4233
,
5437.5,2.2297
,
5500,4.4829
,
5562.5,4.7832
,
5625,1.0469
,
5687.5,6.0089
,
5750,11.4552
,
5812.5,9.4127
,
5875,6.8002
,
5937.5,1.9827
,
6000,3.4692
,
6062.5,2.7684
,
6125,12.7536
,
6187.5,10.0756
,
6250,1.0034
,
6312.5,5.0402
,
6375,4.4735
,
6437.5,5.2958
,
6500,7.4865
,
6562.5,6.7083
,
6625,5.9109
,
6687.5,6.9683
,
6750,3.9215
,
6812.5,4.2216
,
6875,2.4995
,
6937.5,1.423
,
7000,4.4268
,
7062.5,6.4154
,
7125,9.1712
,
7187.5,5.4975
,
7250,2.0071
,
7312.5,3.8189
,
7375,4.2556
,
7437.5,1.8642
,
7500,0.4946
,
7562.5,3.8619
,
7625,9.23
,
7687.5,6.095
,
7750,2.9303
,
7812.5,6.4221
,
7875,2.26
,
7937.5,5.2521
,
airflow(m/s),6.31
,
,
,
0,1947.3606
,
62.5,943.0687
,
125,234.3917
,
187.5,237.9024
,
250,123.73
,
312.5,58.4788
,
375,73.7574
,
437.5,33.6097
,
500,20.9482
,
562.5,8.2397
,
625,9.1127
,
687.5,6.1167
,
750,25.2557
,
812.5,4.9747
,
875,23.266
,
937.5,5.3726
,
1000,17.6526
,
1062.5,6.4167
,
1125,13.5267
,
1187.5,14.4975
,
1250,8.6452
,
1312.5,5.9873
,
1375,3.9173
,
1437.5,18.7725
,
1500,14.7819
,
1562.5,7.6158
,
1625,8.4859
,
1687.5,6.2915
,
1750,8.0442
,
1812.5,7.4032
,
1875,7.2156
,
1937.5,5.7958
,
2000,1.9346
,
2062.5,8.0033
,
2125,18.5429
,
2187.5,16.471
,
2250,6.2786
,
2312.5,7.8497
,
2375,5.4778
,
2437.5,9.2345
,
2500,12.9943
,
2562.5,12.7405
,
2625,17.7112
,
2687.5,11.8107
,
2750,13.8237
,
2812.5,14.4253
,
2875,9.6925
,
2937.5,3.1057
,
3000,11.1244
,
3062.5,6.9845
,
3125,4.0414
,
3187.5,2.6189
,
3250,2.0486
,
3312.5,5.418
,
3375,1.1466
,
3437.5,2.949
,
3500,8.7917
,
3562.5,5.7915
,
3625,2.3969
,
3687.5,4.1212
,
3750,4.0729
,
3812.5,2.5362
,
3875,2.3051
,
3937.5,3.1864
,
4000,3.2083
,
4062.5,0.761
,
4125,3.204
,
4187.5,3.9011
,
4250,2.891
,
4312.5,4.4084
,
4375,1.2054
,
4437.5,0.6771
,
4500,2.5198
,
4562.5,9.2276
,
4625,8.5956
,
4687.5,8.857
,
4750,1.8658
,
4812.5,2.9555
,
4875,4.9998
,
4937.5,5.1858
,
5000,9.4928
,
5062.5,11.4384
,
5125,9.7129
,
5187.5,4.6951
,
5250,7.0667
,
5312.5,5.6233
,
5375,4.888
,
5437.5,1.1244
,
5500,2.5204
,
5562.5,2.2172
,
5625,1.1433
,
5687.5,4.4394
,
5750,3.3387
,
5812.5,6.7737
,
5875,9.4515
,
5937.5,2.8082
,
6000,4.0594
,
6062.5,0.66
,
6125,5.0969
,
6187.5,8.9715
,
6250,2.3307
,
6312.5,7.7228
,
6375,0.5406
,
6437.5,5.036
,
6500,0.958
,
6562.5,5.4437
,
6625,5.8624
,
6687.5,4.3705
,
6750,5.7078
,
6812.5,2.1385
,
6875,1.1506
,
6937.5,5.198
,
7000,3.6799
,
7062.5,2.8699
,
7125,8.3704
,
7187.5,7.372
,
7250,4.2822
,
7312.5,5.3027
,
7375,0.709
,
7437.5,2.3665
,
7500,4.2864
,
7562.5,4.4651
,
7625,3.0035
,
7687.5,1.4358
,
7750,2.868
,
7812.5,7.4232
,
7875,2.3788
,
7937.5,4.2428
,
airflow(m/s),5.25
,
,
,
0,510.1199
,
62.5,1527.5489
,
125,348.1174
,
187.5,162.2884
,
250,105.4039
,
312.5,22.4096
,
375,54.8173
,
437.5,32.7551
,
500,29.0527
,
562.5,28.7222
,
625,4.0727
,
687.5,36.2086
,
750,8.2781
,
812.5,12.7783
,
875,18.5486
,
937.5,13.994
,
1000,14.9705
,
1062.5,4.1282
,
1125,37.5112
,
1187.5,11.2944
,
1250,21.4688
,
1312.5,4.7765
,
1375,12.5526
,
1437.5,17.7055
,
1500,26.8489
,
1562.5,15.5611
,
1625,4.3907
,
1687.5,13.1205
,
1750,9.3768
,
1812.5,7.4862
,
1875,19.8047
,
1937.5,5.3265
,
2000,10.6951
,
2062.5,12.8771
,
2125,2.7886
,
2187.5,12.3477
,
2250,3.9094
,
2312.5,2.003
,
2375,13.7651
,
2437.5,6.2074
,
2500,10.2831
,
2562.5,4.3544
,
2625,6.8957
,
2687.5,11.7086
,
2750,11.1799
,
2812.5,9.9823
,
2875,11.2316
,
2937.5,7.7909
,
3000,5.8307
,
3062.5,6.3111
,
3125,12.6631
,
3187.5,9.2707
,
3250,10.7436
,
3312.5,7.2972
,
3375,20.6157
,
3437.5,12.3254
,
3500,5.1119
,
3562.5,4.7007
,
3625,2.3832
,
3687.5,7.095
,
3750,5.9163
,
3812.5,2.443
,
3875,4.8397
,
3937.5,6.1219
,
4000,9.4642
,
4062.5,6.5529
,
4125,1.3361
,
4187.5,8.1915
,
4250,3.45
,
4312.5,4.9957
,
4375,7.3397
,
4437.5,2.9669
,
4500,4.5693
,
4562.5,3.908
,
4625,7.9096
,
4687.5,5.3689
,
4750,5.709
,
4812.5,11.2006
,
4875,5.2961
,
4937.5,8.7531
,
5000,8.681
,
5062.5,4.346
,
5125,1.1071
,
5187.5,3.7651
,
5250,7.4111
,
5312.5,4.5136
,
5375,6.5581
,
5437.5,2.7589
,
5500,6.0114
,
5562.5,0.9863
,
5625,4.2318
,
5687.5,6.422
,
5750,2.1221
,
5812.5,3.3412
,
5875,3.9429
,
5937.5,1.1837
,
6000,8.8117
,
6062.5,7.3121
,
6125,10.0619
,
6187.5,4.9241
,
6250,7.4369
,
6312.5,7.4813
,
6375,9.0944
,
6437.5,8.0323
,
6500,0.7932
,
6562.5,10.1337
,
6625,2.2207
,
6687.5,3.6331
,
6750,11.8019
,
6812.5,5.7073
,
6875,3.0764
,
6937.5,7.788
,
7000,1.9881
,
7062.5,1.2536
,
7125,7.6681
,
7187.5,5.1691
,
7250,3.8871
,
7312.5,10.2056
,
7375,1.7578
,
7437.5,3.5565
,
7500,6.1859
,
7562.5,6.7952
,
7625,6.9227
,
7687.5,7.2872
,
7750,5.9367
,
7812.5,1.509
,
7875,5.7794
,
7937.5,2.639
,
airflow(m/s),5.76
,
,
,
0,1232.7306
,
62.5,1064.0866
,
125,566.0957
,
187.5,54.9618
,
250,98.6129
,
312.5,73.3326
,
375,81.8003
,
437.5,8.3824
,
500,6.4272
,
562.5,43.2423
,
625,40.1997
,
687.5,19.5287
,
750,19.3153
,
812.5,15.272
,
875,6.8131
,
937.5,24.3759
,
1000,6.5281
,
1062.5,14.014
,
1125,21.1247
,
1187.5,27.9383
,
1250,24.7628
,
1312.5,3.3912
,
1375,4.6249
,
1437.5,18.1369
,
1500,7.3508
,
1562.5,1.5723
,
1625,9.994
,
1687.5,9.0322
,
1750,6.0438
,
1812.5,13.8308
,
1875,7.3748
,
1937.5,4.0252
,
2000,14.9903
,
2062.5,11.7836
,
2125,9.7231
,
2187.5,9.5552
,
2250,5.8759
,
2312.5,8.3377
,
2375,5.3052
,
2437.5,6.779
,
2500,4.0401
,
2562.5,16.1628
,
2625,4.3299
,
2687.5,8.1409
,
2750,10.3253
,
2812.5,3.5994
,
2875,10.9379
,
2937.5,12.2743
,
3000,11.8699
,
3062.5,7.121
,
3125,9.6724
,
3187.5,7.4405
,
3250,7.3359
,
3312.5,10.0674
,
3375,6.9073
,
3437.5,4.9237
,
3500,6.2223
,
3562.5,6.5282
,
3625,5.5816
,
3687.5,7.7477
,
3750,5.8435
,
3812.5,3.3734
,
3875,5.169
,
3937.5,3.4819
,
4000,2.5695
,
4062.5,2.1213
,
4125,2.8847
,
4187.5,7.271
,
4250,2.9223
,
4312.5,1.9966
,
4375,1.4519
,
4437.5,2.1704
,
4500,3.2644
,
4562.5,4.28
,
4625,2.5623
,
4687.5,4.0752
,
4750,5.4629
,
4812.5,4.0316
,
4875,4.2582
,
4937.5,8.6628
,
5000,7.2301
,
5062.5,3.1035
,
5125,0.815
,
5187.5,3.8823
,
5250,0.5777
,
5312.5,6.171
,
5375,4.8271
,
5437.5,7.7868
,
5500,8.4383
,
5562.5,1.8508
,
5625,4.5185
,
5687.5,3.6952
,
5750,2.0084
,
5812.5,6.2103
,
5875,3.1166
,
5937.5,2.6365
,
6000,5.0034
,
6062.5,5.8051
,
6125,2.8006
,
6187.5,3.1722
,
6250,3.8605
,
6312.5,3.3742
,
6375,3.1116
,
6437.5,7.6685
,
6500,10.7914
,
6562.5,7.1042
,
6625,5.4911
,
6687.5,2.047
,
6750,1.8352
,
6812.5,5.9755
,
6875,5.4823
,
6937.5,6.149
,
7000,4.9006
,
7062.5,9.2501
,
7125,7.6967
,
7187.5,5.6455
,
7250,2.3521
,
7312.5,2.5724
,
7375,2.9288
,
7437.5,7.8325
,
7500,1.7705
,
7562.5,2.9832
,
7625,5.6705
,
7687.5,3.119
,
7750,3.5178
,
7812.5,5.435
,
7875,3.8408
,
7937.5,2.9184
,
airflow(m/s),5.65
,
,
,
0,291.939
,
62.5,709.1437
,
125,236.9304
,
187.5,155.36
,
250,65.7423
,
312.5,95.5673
,
375,37.5768
,
437.5,5.5145
,
500,24.777
,
562.5,20.8804
,
625,2.6648
,
687.5,16.9924
,
750,20.9745
,
812.5,17.0132
,
875,30.596
,
937.5,16.1228
,
1000,27.558
,
1062.5,42.8797
,
1125,26.7465
,
1187.5,15.2183
,
1250,22.3406
,
1312.5,13.154
,
1375,10.7859
,
1437.5,10.0072
,
1500,22.5117
,
1562.5,18.6302
,
1625,1.0509
,
1687.5,4.5898
,
1750,9.9504
,
1812.5,15.5161
,
1875,17.0553
,
1937.5,5.3836
,
2000,13.2364
,
2062.5,11.3785
,
2125,14.124
,
2187.5,9.3403
,
2250,3.2793
,
2312.5,6.4215
,
2375,10.3846
,
2437.5,13.9143
,
2500,9.9578
,
2562.5,10.0711
,
2625,8.7722
,
2687.5,8.9436
,
2750,5.8604
,
2812.5,6.0248
,
2875,6.1336
,
2937.5,4.6154
,
3000,7.6576
,
3062.5,5.5162
,
3125,5.0569
,
3187.5,7.8102
,
3250,1.6201
,
3312.5,4.5879
,
3375,5.0464
,
3437.5,7.8752
,
3500,1.2834
,
3562.5,0.7598
,
3625,3.0346
,
3687.5,5.9204
,
3750,6.9803
,
3812.5,10.212
,
3875,8.4515
,
3937.5,8.3602
,
4000,7.9474
,
4062.5,3.6543
,
4125,3.5282
,
4187.5,0.8576
,
4250,3.8647
,
4312.5,3.9715
,
4375,1.8221
,
4437.5,6.0381
,
4500,3.3731
,
4562.5,0.1947
,
4625,3.2025
,
4687.5,2.6001
,
4750,7.8008
,
4812.5,8.0504
,
4875,5.2914
,
4937.5,4.4678
,
5000,2.5761
,
5062.5,3.1262
,
5125,1.5004
,
5187.5,1.9989
,
5250,3.245
,
5312.5,3.3105
,
5375,8.9377
,
5437.5,7.1626
,
5500,3.6054
,
5562.5,5.9205
,
5625,0.9807
,
5687.5,2.731
,
5750,3.9396
,
5812.5,2.4384
,
5875,2.5838
,
5937.5,2.923
,
6000,2.5388
,
6062.5,4.6243
,
6125,7.8365
,
6187.5,9.0002
,
6250,2.8209
,
6312.5,1.0341
,
6375,3.5012
,
6437.5,5.5237
,
6500,5.6469
,
6562.5,8.5672
,
6625,5.2249
,
6687.5,6.6873
,
6750,8.5877
,
6812.5,5.2801
,
6875,4.2858
,
6937.5,4.6281
,
7000,3.9051
,
7062.5,8.0909
,
7125,10.5366
,
7187.5,8.4926
,
7250,6.4216
,
7312.5,12.085
,
7375,9.4636
,
7437.5,6.4164
,
7500,5.2789
,
7562.5,0.7755
,
7625,2.4177
,
7687.5,2.6618
,
7750,6.8323
,
7812.5,3.7067
,
7875,0.7967
,
7937.5,7.9165
,
airflow(m/s),6.08
,
,
,
0,4358.6594
,
62.5,2412.0849
,
125,640.9133
,
187.5,195.8259
,
250,85.5613
,
312.5,99.0782
,
375,82.3432
,
437.5,30.7385
,
500,25.4184
,
562.5,18.4598
,
625,11.7231
,
687.5,6.1483
,
750,20.3166
,
812.5,21.6221
,
875,5.6424
,
937.5,27.3161
,
1000,28.8969
,
1062.5,16.369
,
1125,19.9993
,
1187.5,15.7948
,
1250,17.4159
,
1312.5,7.845
,
1375,12.6477
,
1437.5,6.5254
,
1500,11.0409
,
1562.5,16.7061
,
1625,15.4924
,
1687.5,1.6988
,
1750,11.803
,
1812.5,10.1722
,
1875,8.9986
,
1937.5,8.7597
,
2000,9.3614
,
2062.5,6.9042
,
2125,5.5209
,
2187.5,10.3291
,
2250,13.3958
,
2312.5,5.2323
,
2375,2.6899
,
2437.5,7.6868
,
2500,10.1323
,
2562.5,11.6298
,
2625,9.1154
,
2687.5,16.338
,
2750,16.2892
,
2812.5,13.3957
,
2875,7.3198
,
2937.5,3.6814
,
3000,1.8395
,
3062.5,5.4481
,
3125,9.1692
,
3187.5,11.3192
,
3250,9.5055
,
3312.5,6.8597
,
3375,2.4423
,
3437.5,6.3603
,
3500,7.3608
,
3562.5,5.3867
,
3625,0.9675
,
3687.5,6.9377
,
3750,9.7801
,
3812.5,9.4109
,
3875,4.254
,
3937.5,1.8477
,
4000,3.5751
,
4062.5,5.1341
,
4125,1.4651
,
4187.5,2.7282
,
4250,4.256
,
4312.5,8.3493
,
4375,4.793
,
4437.5,4.7139
,
4500,5.0823
,
4562.5,7.5219
,
4625,6.7268
,
4687.5,8.3412
,
4750,8.5839
,
4812.5,6.3296
,
4875,1.2868
,
4937.5,1.1994
,
5000,3.5726
,
5062.5,0.3801
,
5125,1.8685
,
5187.5,5.7818
,
5250,0.6328
,
5312.5,0.8514
,
5375,0.4685
,
5437.5,4.3641
,
5500,5.1938
,
5562.5,2.6055
,
5625,5.3054
,
5687.5,5.3518
,
5750,2.5851
,
5812.5,8.0754
,
5875,9.2182
,
5937.5,9.2268
,
6000,5.887
,
6062.5,7.0225
,
6125,2.8809
,
6187.5,0.9458
,
6250,2.4686
,
6312.5,3.4483
,
6375,1.9815
,
6437.5,4.1441
,
6500,9.2923
,
6562.5,7.1851
,
6625,2.9266
,
6687.5,6.5076
,
6750,1.7591
,
6812.5,7.3526
,
6875,5.9001
,
6937.5,8.5417
,
7000,6.8821
,
7062.5,4.8838
,
7125,5.9779
,
7187.5,5.19
,
7250,11.2173
,
7312.5,5.2945
,
7375,10.2872
,
7437.5,12.6729
,
7500,11.2757
,
7562.5,6.9205
,
7625,3.674
,
7687.5,5.5134
,
7750,2.3508
,
7812.5,0.5773
,
7875,0.7101
,
7937.5,1.3151
,
airflow(m/s),6.42
,
,
,
0,4839.0625
,
62.5,2457.986
,
125,488.9851
,
187.5,272.4288
,
250,45.9578
,
312.5,96.1297
,
375,43.6243
,
437.5,16.8839
,
500,17.7986
,
562.5,17.4356
,
625,22.8714
,
687.5,27.697
,
750,8.8257
,
812.5,14.749
,
875,3.9209
,
937.5,11.9209
,
1000,9.2854
,
1062.5,10.775
,
1125,3.9379
,
1187.5,4.8719
,
1250,11.0364
,
1312.5,12.2483
,
1375,11.1013
,
1437.5,23.8657
,
1500,14.7267
,
1562.5,2.019
,
1625,11.209
,
1687.5,10.4531
,
1750,8.5861
,
1812.5,12.3049
,
1875,8.8033
,
1937.5,6.7208
,
2000,0.8441
,
2062.5,11.2163
,
2125,5.2856
,
2187.5,1.3437
,
2250,5.9646
,
2312.5,6.6642
,
2375,0.6876
,
2437.5,6.5953
,
2500,9.6584
,
2562.5,1.1664
,
2625,9.2908
,
2687.5,5.4041
,
2750,5.5298
,
2812.5,6.8747
,
2875,6.5483
,
2937.5,6.9495
,
3000,8.6295
,
3062.5,4.8569
,
3125,3.6328
,
3187.5,7.7507
,
3250,5.7701
,
3312.5,6.4931
,
3375,0.956
,
3437.5,4.2727
,
3500,5.034
,
3562.5,3.2379
,
3625,3.3535
,
3687.5,3.2368
,
3750,1.5399
,
3812.5,3.3916
,
3875,4.9918
,
3937.5,6.954
,
4000,5.572
,
4062.5,4.1117
,
4125,6.1028
,
4187.5,1.9787
,
4250,5.0605
,
4312.5,8.2827
,
4375,5.5848
,
4437.5,7.4097
,
4500,8.0726
,
4562.5,6.4524
,
4625,5.2383
,
4687.5,6.3311
,
4750,6.677
,
4812.5,7.5862
,
4875,3.2144
,
4937.5,1.3885
,
5000,0.714
,
5062.5,3.2706
,
5125,3.5218
,
5187.5,1.2338
,
5250,1.7671
,
5312.5,4.5453
,
5375,4.1636
,
5437.5,10.4218
,
5500,9.4852
,
5562.5,1.9229
,
5625,7.5561
,
5687.5,7.6801
,
5750,2.3877
,
5812.5,7.9304
,
5875,8.8573
,
5937.5,3.9539
,
6000,4.4543
,
6062.5,7.4908
,
6125,5.2722
,
6187.5,2.6703
,
6250,4.6139
,
6312.5,5.0858
,
6375,3.5527
,
6437.5,8.0874
,
6500,3.9883
,
6562.5,1.9328
,
6625,2.8027
,
6687.5,4.3328
,
6750,6.6322
,
6812.5,4.6848
,
6875,5.759
,
6937.5,7.5469
,
7000,4.9619
,
7062.5,6.5553
,
7125,10.0911
,
7187.5,5.394
,
7250,4.4638
,
7312.5,6.5904
,
7375,0.6399
,
7437.5,2.7947
,
7500,6.1368
,
7562.5,3.7787
,
7625,0.8077
,
7687.5,4.6822
,
7750,0.7413
,
7812.5,3.7464
,
7875,5.6169
,
7937.5,4.3455
,
airflow(m/s),6.08
,
,
,
0,3182.3917
,
62.5,1894.4045
,
125,142.9059
,
187.5,115.6306
,
250,16.4498
,
312.5,50.289
,
375,40.3227
,
437.5,48.1648
,
500,56.1716
,
562.5,27.0131
,
625,11.7372
,
687.5,7.5228
,
750,19.3387
,
812.5,16.2056
,
875,8.1673
,
937.5,10.2365
,
1000,26.7255
,
1062.5,21.2315
,
1125,35.7036
,
1187.5,14.048
,
1250,14.4212
,
1312.5,4.873
,
1375,8.6466
,
1437.5,27.1417
,
1500,10.9445
,
1562.5,3.6775
,
1625,9.7187
,
1687.5,10.3468
,
1750,4.1301
,
1812.5,2.0177
,
1875,9.048
,
1937.5,3.5948
,
2000,2.3378
,
2062.5,7.8087
,
2125,3.1642
,
2187.5,9.7326
,
2250,10.038
,
2312.5,4.0285
,
2375,8.6414
,
2437.5,2.8736
,
2500,4.4145
,
2562.5,1.3397
,
2625,7.9982
,
2687.5,2.8294
,
2750,6.2923
,
2812.5,5.5984
,
2875,4.1071
,
2937.5,8.8381
,
3000,5.705
,
3062.5,1.862
,
3125,7.8539
,
3187.5,7.4074
,
3250,10.609
,
3312.5,5.1724
,
3375,7.0956
,
3437.5,3.8506
,
3500,1.7767
,
3562.5,4.2157
,
3625,9.4787
,
3687.5,1.7387
,
3750,5.6211
,
3812.5,5.4806
,
3875,5.7304
,
3937.5,7.564
,
4000,5.945
,
4062.5,4.5619
,
4125,7.8217
,
4187.5,8.7831
,
4250,6.2408
,
4312.5,3.3492
,
4375,3.1772
,
4437.5,9.3723
,
4500,3.6158
,
4562.5,6.618
,
4625,5.883
,
4687.5,6.9658
,
4750,3.0178
,
4812.5,7.5802
,
4875,5.2263
,
4937.5,2.047
,
5000,6.6748
,
5062.5,1.838
,
5125,3.4311
,
5187.5,7.8403
,
5250,2.2388
,
5312.5,4.7072
,
5375,0.8039
,
5437.5,8.413
,
5500,6.7191
,
5562.5,4.5711
,
5625,9.5864
,
5687.5,6.4877
,
5750,3.3659
,
5812.5,5.4654
,
5875,1.7555
,
5937.5,0.6315
,
6000,4.979
,
6062.5,5.4808
,
6125,0.9004
,
6187.5,4.7901
,
6250,3.2173
,
6312.5,1.8798
,
6375,7.0793
,
6437.5,8.1094
,
6500,3.6229
,
6562.5,3.2198
,
6625,4.8247
,
6687.5,5.8707
,
6750,5.8322
,
6812.5,4.8535
,
6875,4.778
,
6937.5,5.9758
,
7000,4.6647
,
7062.5,5.4835
,
7125,6.0754
,
7187.5,2.8906
,
7250,4.9625
,
7312.5,2.732
,
7375,2.5177
,
7437.5,1.8961
,
7500,5.7611
,
7562.5,2.5713
,
7625,2.2779
,
7687.5,3.0024
,
7750,5.5559
,
7812.5,5.4591
,
7875,5.4304
,
7937.5,4.7539
,
airflow(m/s),5.97
,
,
,
0,2349.1356
,
62.5,1280.038
,
125,141.4868
,
187.5,125.7668
,
250,136.1223
,
312.5,57.134
,
375,45.2887
,
437.5,37.1912
,
500,26.7812
,
562.5,10.8327
,
625,15.2278
,
687.5,4.4227
,
750,10.0619
,
812.5,12.5423
,
875,5.0922
,
937.5,16.2518
,
1000,30.5093
,
1062.5,12.3278
,
1125,12.725
,
1187.5,26.3815
,
1250,34.5182
,
1312.5,15.3101
,
1375,5.9413
,
1437.5,8.6655
,
1500,5.6536
,
1562.5,5.2639
,
1625,12.1535
,
1687.5,8.9231
,
1750,4.0093
,
1812.5,8.5409
,
1875,15.0253
,
1937.5,10.979
,
2000,4.9893
,
2062.5,4.7433
,
2125,7.28
,
2187.5,3.2585
,
2250,10.004
,
2312.5,17.8313
,
2375,11.4081
,
2437.5,5.0624
,
2500,8.3998
,
2562.5,10.4544
,
2625,6.4006
,
2687.5,8.9621
,
2750,5.3245
,
2812.5,3.6606
,
2875,4.9394
,
2937.5,2.5471
,
3000,2.5644
,
3062.5,7.0797
,
3125,6.3917
,
3187.5,3.3852
,
3250,3.9764
,
3312.5,4.8846
,
3375,8.8883
,
3437.5,3.6433
,
3500,9.6208
,
3562.5,1.9295
,
3625,3.7969
,
3687.5,5.5262
,
3750,5.1091
,
3812.5,1.4967
,
3875,2.2267
,
3937.5,4.7142
,
4000,7.5489
,
4062.5,5.3473
,
4125,5.1193
,
4187.5,8.4139
,
4250,8.8623
,
4312.5,6.8084
,
4375,7.0407
,
4437.5,7.5528
,
4500,3.5948
,
4562.5,5.6596
,
4625,1.9746
,
4687.5,3.1816
,
4750,3.6987
,
4812.5,3.2736
,
4875,4.0618
,
4937.5,4.6037
,
5000,8.1897
,
5062.5,4.436
,
5125,1.8727
,
5187.5,6.2439
,
5250,6.9536
,
5312.5,7.9733
,
5375,7.9155
,
5437.5,6.1981
,
5500,3.3278
,
5562.5,3.2525
,
5625,2.7363
,
5687.5,6.2198
,
5750,2.2223
,
5812.5,4.935
,
5875,0.8977
,
5937.5,1.4841
,
6000,3.954
,
6062.5,8.5585
,
6125,3.4119
,
6187.5,6.8275
,
6250,9.1348
,
6312.5,5.4868
,
6375,1.3246
,
6437.5,7.0506
,
6500,1.0909
,
6562.5,8.055
,
6625,9.1963
,
6687.5,4.6593
,
6750,2.03
,
6812.5,6.4465
,
6875,1.78
,
6937.5,3.9942
,
7000,1.9139
,
7062.5,1.4684
,
7125,4.0528
,
7187.5,1.1486
,
7250,2.0397
,
7312.5,8.2728
,
7375,9.1244
,
7437.5,5.388
,
7500,4.2673
,
7562.5,4.8564
,
7625,4.5693
,
7687.5,8.0367
,
7750,9.123
,
7812.5,8.0986
,
7875,7.4905
,
7937.5,3.7603
,
airflow(m/s),6.19
,
,
,
0,3415.8969
,
62.5,2153.7153
,
125,687.2194
,
187.5,278.8756
,
250,70.6067
,
312.5,41.208
,
375,27.9484
,
437.5,51.8878
,
500,36.1819
,
562.5,25.3953
,
625,21.7839
,
687.5,13.7028
,
750,18.9208
,
812.5,9.9265
,
875,12.9233
,
937.5,14.5872
,
1000,20.0191
,
1062.5,10.0315
,
1125,20.3751
,
1187.5,20.6856
,
1250,7.7877
,
1312.5,4.6095
,
1375,6.6823
,
1437.5,17.6336
,
1500,19.4462
,
1562.5,3.6144
,
1625,2.7047
,
1687.5,4.7035
,
1750,3.9972
,
1812.5,2.6625
,
1875,7.4234
,
1937.5,9.1698
,
2000,7.4926
,
2062.5,8.8783
,
2125,10.2875
,
2187.5,1.2898
,
2250,7.5466
,
2312.5,9.0816
,
2375,4.3523
,
2437.5,11.2562
,
2500,15.3138
,
2562.5,14.651
,
2625,9.8594
,
2687.5,6.9874
,
2750,11.2846
,
2812.5,11.1253
,
2875,6.3111
,
2937.5,4.6773
,
3000,3.9612
,
3062.5,4.3492
,
3125,2.731
,
3187.5,3.8676
,
3250,11.4343
,
3312.5,7.3017
,
3375,0.2696
,
3437.5,5.8359
,
3500,15.5142
,
3562.5,13.9462
,
3625,8.7201
,
3687.5,3.7424
,
3750,6.0436
,
3812.5,6.1347
,
3875,2.5
,
3937.5,5.0597
,
4000,7.1417
,
4062.5,9.9542
,
4125,4.4507
,
4187.5,2.7322
,
4250,7.3468
,
4312.5,6.2075
,
4375,1.0608
,
4437.5,4.2078
,
4500,3.6848
,
4562.5,2.3518
,
4625,6.7041
,
4687.5,13.1576
,
4750,12.7454
,
4812.5,8.2146
,
4875,3.6696
,
4937.5,2.6988
,
5000,4.6815
,
5062.5,4.7811
,
5125,3.4737
,
5187.5,0.8496
,
5250,5.0556
,
5312.5,5.9019
,
5375,2.3112
,
5437.5,4.0056
,
5500,7.3729
,
5562.5,11.4963
,
5625,5.5991
,
5687.5,2.2482
,
5750,3.7245
,
5812.5,5.6546
,
5875,4.9804
,
5937.5,1.195
,
6000,3.1558
,
6062.5,5.8656
,
6125,6.6412
,
6187.5,4.6619
,
6250,2.5503
,
6312.5,4.6177
,
6375,0.9013
,
6437.5,2.2293
,
6500,0.6953
,
6562.5,4.4167
,
6625,7.6387
,
6687.5,6.3633
,
6750,1.3569
,
6812.5,8.4897
,
6875,6.0858
,
6937.5,3.4106
,
7000,2.6096
,
7062.5,6.5976
,
7125,6.8111
,
7187.5,6.2112
,
7250,4.417
,
7312.5,4.6492
,
7375,7.1093
,
7437.5,2.5989
,
7500,7.244
,
7562.5,7.5862
,
7625,3.1699
,
7687.5,2.8487
,
7750,3.5552
,
7812.5,4.2725
,
7875,3.9505
,
7937.5,4.6684
,
airflow(m/s),6.65
,
,
,
0,1531.1549
,
62.5,735.3105
,
125,181.6638
,
187.5,222.5772
,
250,124.8575
,
312.5,43.5428
,
375,20.6725
,
437.5,33.9835
,
500,14.8389
,
562.5,14.7895
,
625,14.9841
,
687.5,13.7841
,
750,14.7472
,
812.5,7.5352
,
875,5.2571
,
937.5,9.3717
,
1000,13.2083
,
1062.5,1.7932
,
1125,6.5398
,
1187.5,2.0506
,
1250,3.6464
,
1312.5,6.1922
,
1375,14.8292
,
1437.5,4.8416
,
1500,10.6233
,
1562.5,2.1836
,
1625,1.4354
,
1687.5,8.2112
,
1750,9.108
,
1812.5,5.6342
,
1875,10.3473
,
1937.5,18.7498
,
2000,12.126
,
2062.5,16.2197
,
2125,11.3144
,
2187.5,4.4337
,
2250,2.601
,
2312.5,2.9245
,
2375,4.4655
,
2437.5,5.262
,
2500,11.1076
,
2562.5,7.7502
,
2625,9.2049
,
2687.5,13.8123
,
2750,15.1361
,
2812.5,2.1495
,
2875,4.5936
,
2937.5,7.5723
,
3000,10.5983
,
3062.5,4.6622
,
3125,3.5955
,
3187.5,4.4788
,
3250,7.5688
,
3312.5,3.0858
,
3375,5.5261
,
3437.5,10.9059
,
3500,6.393
,
3562.5,3.6738
,
3625,3.5351
,
3687.5,7.2208
,
3750,4.4148
,
3812.5,5.1635
,
3875,1.4612
,
3937.5,6.1654
,
4000,11.0136
,
4062.5,2.5849
,
4125,3.269
,
4187.5,3.2764
,
4250,5.7683
,
4312.5,3.2283
,
4375,4.526
,
4437.5,5.4849
,
4500,3.1935
,
4562.5,1.0073
,
4625,7.105
,
4687.5,7.518
,
4750,2.5389
,
4812.5,4.0955
,
4875,4.6138
,
4937.5,6.2613
,
5000,3.9535
,
5062.5,1.7196
,
5125,7.3306
,
5187.5,6.9887
,
5250,2.9671
,
5312.5,1.2946
,
5375,7.8328
,
5437.5,5.7783
,
5500,6.1914
,
5562.5,4.677
,
5625,4.7457
,
5687.5,7.9386
,
5750,7.33
,
5812.5,1.5157
,
5875,3.7992
,
5937.5,3.8116
,
6000,3.245
,
6062.5,6.5555
,
6125,9.1419
,
6187.5,7.1968
,
6250,4.9536
,
6312.5,1.4996
,
6375,3.4148
,
6437.5,6.5275
,
6500,6.9274
,
6562.5,10.7136
,
6625,11.5152
,
6687.5,4.2838
,
6750,9.7974
,
6812.5,3.5265
,
6875,3.5578
,
6937.5,4.886
,
7000,2.5854
,
7062.5,2.9683
,
7125,4.7868
,
7187.5,4.2857
,
7250,3.665
,
7312.5,1.807
,
7375,1.9591
,
7437.5,1.5235
,
7500,4.4819
,
7562.5,2.1752
,
7625,0.9161
,
7687.5,0.8466
,
7750,5.1819
,
7812.5,10.926
,
7875,8.7421
,
7937.5,3.1945
,
airflow(m/s),6.54
,
,
,
0,743.7278
,
62.5,587.022
,
125,242.6659
,
187.5,97.7148
,
250,61.122
,
312.5,58.0767
,
375,10.2905
,
437.5,68.6752
,
500,47.8864
,
562.5,9.5015
,
625,4.4614
,
687.5,6.8572
,
750,28.7568
,
812.5,3.8771
,
875,5.2815
,
937.5,12.3943
,
1000,13.4144
,
1062.5,17.7298
,
1125,22.2787
,
1187.5,22.7246
,
1250,10.9725
,
1312.5,10.1541
,
1375,15.1387
,
1437.5,14.2054
,
1500,16.0307
,
1562.5,8.9997
,
1625,5.3347
,
1687.5,6.8187
,
1750,9.9235
,
1812.5,8.1894
,
1875,12.2915
,
1937.5,10.2763
,
2000,7.8779
,
2062.5,16.6175
,
2125,11.1529
,
2187.5,8.2854
,
2250,7.6749
,
2312.5,3.6613
,
2375,8.7288
,
2437.5,9.1313
,
2500,8.6566
,
2562.5,6.7727
,
2625,4.5168
,
2687.5,3.8769
,
2750,9.3262
,
2812.5,6.3345
,
2875,6.0317
,
2937.5,2.2945
,
3000,10.392
,
3062.5,7.0121
,
3125,2.7565
,
3187.5,5.4062
,
3250,2.2887
,
3312.5,2.2081
,
3375,1.0358
,
3437.5,5.6655
,
3500,10.8524
,
3562.5,13.907
,
3625,5.0498
,
3687.5,3.0408
,
3750,2.9344
,
3812.5,4.8742
,
3875,7.0873
,
3937.5,9.039
,
4000,4.301
,
4062.5,6.1849
,
4125,10.5585
,
4187.5,8.4462
,
4250,4.8018
,
4312.5,0.9009
,
4375,0.7498
,
4437.5,1.2259
,
4500,5.7835
,
4562.5,9.2698
,
4625,6.1814
,
4687.5,8.7253
,
4750,5.5348
,
4812.5,6.8234
,
4875,3.094
,
4937.5,6.4825
,
5000,2.8192
,
5062.5,3.1092
,
5125,2.9878
,
5187.5,5.5284
,
5250,3.2013
,
5312.5,7.151
,
5375,6.3088
,
5437.5,2.7521
,
5500,3.1254
,
5562.5,6.5774
,
5625,5.8986
,
5687.5,2.5668
,
5750,5.2275
,
5812.5,6.5003
,
5875,4.9711
,
5937.5,4.3989
,
6000,4.1721
,
6062.5,3.5616
,
6125,3.8572
,
6187.5,2.4141
,
6250,5.8803
,
6312.5,3.5745
,
6375,3.9924
,
6437.5,2.5105
,
6500,1.6487
,
6562.5,5.8998
,
6625,8.1647
,
6687.5,8.5069
,
6750,3.7759
,
6812.5,3.6534
,
6875,1.7895
,
6937.5,5.8752
,
7000,5.0489
,
7062.5,2.0323
,
7125,1.7369
,
7187.5,6.576
,
7250,6.8984
,
7312.5,6.1392
,
7375,7.2914
,
7437.5,8.8399
,
7500,3.2859
,
7562.5,5.2579
,
7625,10.6583
,
7687.5,8.2756
,
7750,2.6511
,
7812.5,1.61
,
7875,3.5321
,
7937.5,2.8273
,
airflow(m/s),6.54
,
,
,
0,813.3267
,
62.5,616.0094
,
125,247.649
,
187.5,128.1772
,
250,30.9307
,
312.5,34.8843
,
375,23.8108
,
437.5,34.9561
,
500,27.3421
,
562.5,21.4826
,
625,41.1437
,
687.5,24.5442
,
750,22.1954
,
812.5,42.0418
,
875,20.1316
,
937.5,15.4146
,
1000,9.1508
,
1062.5,8.6907
,
1125,24.5076
,
1187.5,16.1314
,
1250,4.2833
,
1312.5,4.6763
,
1375,10.5036
,
1437.5,4.4499
,
1500,8.9232
,
1562.5,17.6715
,
1625,17.1244
,
1687.5,8.7283
,
1750,3.6302
,
1812.5,11.0963
,
1875,5.1524
,
1937.5,9.1438
,
2000,1.145
,
2062.5,6.119
,
2125,10.6727
,
2187.5,9.2301
,
2250,4.3439
,
2312.5,4.1068
,
2375,6.6427
,
2437.5,7.7452
,
2500,2.6311
,
2562.5,5.1936
,
2625,4.1481
,
2687.5,2.3863
,
2750,5.2367
,
2812.5,6.0061
,
2875,5.4928
,
2937.5,1.6622
,
3000,5.2343
,
3062.5,6.4083
,
3125,8.2452
,
3187.5,7.8208
,
3250,6.882
,
3312.5,11.3591
,
3375,12.6681
,
3437.5,15.2598
,
3500,5.6254
,
3562.5,6.0385
,
3625,5.058
,
3687.5,4.5586
,
3750,2.8605
,
3812.5,6.651
,
3875,8.2866
,
3937.5,2.5008
,
4000,8.6753
,
4062.5,7.711
,
4125,5.5937
,
4187.5,1.1571
,
4250,5.5979
,
4312.5,8.6423
,
4375,5.6056
,
4437.5,4.7704
,
4500,7.5033
,
4562.5,3.0832
,
4625,5.0412
,
4687.5,7.5383
,
4750,4.249
,
4812.5,3.8885
,
4875,4.4689
,
4937.5,4.8604
,
5000,5.5638
,
5062.5,7.0144
,
5125,6.5687
,
5187.5,2.2588
,
5250,2.1221
,
5312.5,3.3569
,
5375,6.9293
,
5437.5,9.3635
,
5500,6.5918
,
5562.5,4.8355
,
5625,0.984
,
5687.5,4.1619
,
5750,7.2206
,
5812.5,8.826
,
5875,3.2247
,
5937.5,8.4261
,
6000,7.3622
,
6062.5,2.2526
,
6125,1.2408
,
6187.5,3.5201
,
6250,8.0202
,
6312.5,4.6886
,
6375,7.3119
,
6437.5,5.0966
,
6500,8.4851
,
6562.5,2.2215
,
6625,4.7658
,
6687.5,3.2104
,
6750,5.0054
,
6812.5,6.1658
,
6875,2.4754
,
6937.5,3.7722
,
7000,3.232
,
7062.5,5.6591
,
7125,4.4122
,
7187.5,4.0923
,
7250,6.6601
,
7312.5,2.612
,
7375,6.5244
,
7437.5,2.1248
,
7500,4.7521
,
7562.5,2.0105
,
7625,6.1571
,
7687.5,7.7962
,
7750,1.0776
,
7812.5,6.4693
,
7875,8.9993
,
7937.5,5.3797
,
airflow(m/s),7.01
,
,
,
0,2707.5095
,
62.5,1470.8177
,
125,436.3267
,
187.5,80.7183
,
250,60.8907
,
312.5,43.65
,
375,29.9756
,
437.5,22.9095
,
500,25.7545
,
562.5,34.9555
,
625,27.1595
,
687.5,9.6657
,
750,18.8881
,
812.5,13.6078
,
875,7.7035
,
937.5,8.5697
,
1000,1.6867
,
1062.5,4.7331
,
1125,12.3716
,
1187.5,6.3812
,
1250,16.1376
,
1312.5,13.6789
,
1375,8.5483
,
1437.5,8.1013
,
1500,8.7174
,
1562.5,8.2808
,
1625,11.5512
,
1687.5,10.5644
,
1750,6.3912
,
1812.5,2.8101
,
1875,5.0227
,
1937.5,10.3603
,
2000,3.6009
,
2062.5,6.9319
,
2125,7.1878
,
2187.5,9.7745
,
2250,9.4844
,
2312.5,1.2279
,
2375,4.0653
,
2437.5,7.5847
,
2500,5.236
,
2562.5,4.929
,
2625,4.8172
,
2687.5,6.2489
,
2750,5.4031
,
2812.5,6.1885
,
2875,10.6922
,
2937.5,11.7083
,
3000,14.0511
,
3062.5,6.4809
,
3125,9.4915
,
3187.5,4.5035
,
3250,0.0407
,
3312.5,5.9092
,
3375,2.4134
,
3437.5,2.7382
,
3500,4.2323
,
3562.5,2.2081
,
3625,1.164
,
3687.5,1.8217
,
3750,3.2838
,
3812.5,2.5417
,
3875,7.4818
,
3937.5,6.6013
,
4000,3.2647
,
4062.5,4.8641
,
4125,2.2757
,
4187.5,9.8166
,
4250,10.8156
,
4312.5,7.8985
,
4375,5.37
,
4437.5,4.083
,
4500,6.8124
,
4562.5,3.0529
,
4625,2.3925
,
4687.5,4.442
,
4750,3.674
,
4812.5,5.8077
,
4875,6.8716
,
4937.5,10.4514
,
5000,2.7604
,
5062.5,3.9541
,
5125,3.6667
,
5187.5,2.6302
,
5250,3.6605
,
5312.5,2.2557
,
5375,6.1256
,
5437.5,7.6967
,
5500,7.7008
,
5562.5,8.4068
,
5625,1.1191
,
5687.5,1.7005
,
5750,3.3822
,
5812.5,3.9853
,
5875,4.3626
,
5937.5,6.6541
,
6000,3.3504
,
6062.5,6.0829
,
6125,4.9846
,
6187.5,5.3599
,
6250,5.5025
,
6312.5,2.124
,
6375,5.1435
,
6437.5,6.3506
,
6500,5.813
,
6562.5,6.3788
,
6625,4.0827
,
6687.5,5.5514
,
6750,2.5479
,
6812.5,3.5355
,
6875,6.2746
,
6937.5,3.2584
,
7000,5.3253
,
7062.5,0.4144
,
7125,2.7936
,
7187.5,3.0575
,
7250,7.5496
,
7312.5,4.3404
,
7375,5.9673
,
7437.5,2.8313
,
7500,3.2457
,
7562.5,2.6653
,
7625,1.3104
,
7687.5,4.7842
,
7750,4.5825
,
7812.5,3.5332
,
7875,4.729
,
7937.5,2.9435
,
airflow(m/s),7.64
,
,
,
0,2601.2112
,
62.5,1527.7511
,
125,366.2175
,
187.5,182.9286
,
250,108.1166
,
312.5,83.8978
,
375,30.8938
,
437.5,47.1268
,
500,32.9048
,
562.5,36.2406
,
625,31.9036
,
687.5,20.5535
,
750,2.8379
,
812.5,13.8244
,
875,9.7931
,
937.5,16.5574
,
1000,5.28
,
1062.5,6.5258
,
1125,6.0382
,
1187.5,0.8747
,
1250,5.3897
,
1312.5,9.552
,
1375,20.3385
,
1437.5,35.8341
,
1500,16.4819
,
1562.5,9.2345
,
1625,8.1481
,
1687.5,5.1689
,
1750,14.0588
,
1812.5,2.8525
,
1875,10.2975
,
1937.5,8.6817
,
2000,4.3973
,
2062.5,12.1596
,
2125,15.4173
,
2187.5,12.7058
,
2250,6.4845
,
2312.5,10.927
,
2375,11.1092
,
2437.5,12.771
,
2500,11.2282
,
2562.5,9.1886
,
2625,10.5785
,
2687.5,5.0013
,
2750,4.4287
,
2812.5,8.9803
,
2875,6.8969
,
2937.5,1.2616
,
3000,1.805
,
3062.5,3.1069
,
3125,5.8294
,
3187.5,5.1106
,
3250,4.8606
,
3312.5,4.112
,
3375,5.0668
,
3437.5,6.4491
,
3500,5.2715
,
3562.5,4.9214
,
3625,2.7782
,
3687.5,1.8546
,
3750,4.2595
,
3812.5,11.0998
,
3875,10.1355
,
3937.5,6.8238
,
4000,7.0148
,
4062.5,10.1494
,
4125,7.7443
,
4187.5,8.0667
,
4250,4.6623
,
4312.5,2.0486
,
4375,5.1407
,
4437.5,8.9662
,
4500,5.413
,
4562.5,2.7799
,
4625,5.4559
,
4687.5,6.1154
,
4750,5.9333
,
4812.5,3.9252
,
4875,5.5259
,
4937.5,6.0993
,
5000,3.6248
,
5062.5,3.9217
,
5125,4.9445
,
5187.5,2.4759
,
5250,1.8366
,
5312.5,4.7322
,
5375,2.4012
,
5437.5,2.8381
,
5500,3.6541
,
5562.5,8.1908
,
5625,3.668
,
5687.5,5.1565
,
5750,7.7506
,
5812.5,0.5943
,
5875,6.4215
,
5937.5,8.8472
,
6000,4.2748
,
6062.5,4.7081
,
6125,6.784
,
6187.5,12.7757
,
6250,9.5281
,
6312.5,1.9383
,
6375,6.6174
,
6437.5,4.1187
,
6500,5.4446
,
6562.5,5.5206
,
6625,2.8838
,
6687.5,0.709
,
6750,3.0297
,
6812.5,2.4088
,
6875,1.9482
,
6937.5,2.6824
,
7000,2.3327
,
7062.5,2.1229
,
7125,3.1943
,
7187.5,2.0272
,
7250,7.772
,
7312.5,7.2327
,
7375,5.7251
,
7437.5,5.4478
,
7500,4.3402
,
7562.5,4.0601
,
7625,6.6922
,
7687.5,8.3334
,
7750,3.4962
,
7812.5,2.5513
,
7875,3.3681
,
7937.5,5.9403
,
airflow(m/s),7.26
,
,
,
0,2827.6966
,
62.5,1831.1486
,
125,320.7533
,
187.5,91.1406
,
250,68.21
,
312.5,48.7018
,
375,53.8476
,
437.5,24.7277
,
500,51.1606
,
562.5,23.78
,
625,35.9057
,
687.5,30.096
,
750,25.8083
,
812.5,31.1536
,
875,0.6506
,
937.5,20.1929
,
1000,20.6585
,
1062.5,8.1949
,
1125,36.0477
,
1187.5,18.8496
,
1250,30.8317
,
1312.5,3.6136
,
1375,21.3153
,
1437.5,6.6693
,
1500,11.2756
,
1562.5,20.7363
,
1625,7.3484
,
1687.5,13.0449
,
1750,21.4236
,
1812.5,6.4769
,
1875,3.7203
,
1937.5,2.9509
,
2000,7.1763
,
2062.5,11.1413
,
2125,12.3417
,
2187.5,7.386
,
2250,9.9003
,
2312.5,6.3536
,
2375,13.7551
,
2437.5,7.3929
,
2500,7.2215
,
2562.5,6.5115
,
2625,12.9108
,
2687.5,6.9206
,
2750,5.6961
,
2812.5,9.3541
,
2875,3.091
,
2937.5,10.5252
,
3000,10.7396
,
3062.5,17.8165
,
3125,3.9321
,
3187.5,8.5707
,
3250,4.5018
,
3312.5,5.9899
,
3375,6.5594
,
3437.5,4.0465
,
3500,8.4292
,
3562.5,1.5741
,
3625,13.7295
,
3687.5,6.0622
,
3750,12.5317
,
3812.5,2.3553
,
3875,9.6527
,
3937.5,4.0511
,
4000,5.7146
,
4062.5,1.7533
,
4125,10.2145
,
4187.5,5.5403
,
4250,1.9361
,
4312.5,6.0762
,
4375,7.7658
,
4437.5,4.9173
,
4500,4.8361
,
4562.5,12.3843
,
4625,6.2517
,
4687.5,1.0181
,
4750,4.9752
,
4812.5,2.9841
,
4875,5.9974
,
4937.5,2.2382
,
5000,6.2662
,
5062.5,6.129
,
5125,5.2269
,
5187.5,7.9432
,
5250,7.3199
,
5312.5,8.7616
,
5375,1.2681
,
5437.5,2.2692
,
5500,4.6421
,
5562.5,4.4042
,
5625,6.6906
,
5687.5,5.4564
,
5750,12.0325
,
5812.5,8.9556
,
5875,9.4192
,
5937.5,6.9833
,
6000,3.317
,
6062.5,8.2523
,
6125,7.7141
,
6187.5,6.2975
,
6250,10.3124
,
6312.5,7.9791
,
6375,7.5471
,
6437.5,1.4889
,
6500,7.8739
,
6562.5,2.7659
,
6625,12.026
,
6687.5,2.4718
,
6750,6.1984
,
6812.5,5.5201
,
6875,8.372
,
6937.5,6.3453
,
7000,11.9351
,
7062.5,3.067
,
7125,4.6976
,
7187.5,4.8802
,
7250,6.3172
,
7312.5,6.1946
,
7375,9.9413
,
7437.5,8.8868
,
7500,14.2138
,
7562.5,9.9449
,
7625,10.5506
,
7687.5,1.7811
,
7750,6.5256
,
7812.5,9.4297
,
7875,4.7587
,
7937.5,4.2889
,
airflow(m/s),7.01
,
,
,
0,5305.8598
,
62.5,2406.6653
,
125,377.3436
,
187.5,231.7923
,
250,80.8833
,
312.5,45.1069
,
375,62.2872
,
437.5,42.5808
,
500,56.0669
,
562.5,2.6181
,
625,14.6851
,
687.5,23.4494
,
750,40.6409
,
812.5,9.6556
,
875,24.3263
,
937.5,6.8395
,
1000,12.2788
,
1062.5,11.4605
,
1125,5.3531
,
1187.5,9.8961
,
1250,25.1219
,
1312.5,21.1018
,
1375,20.7271
,
1437.5,10.1036
,
1500,17.5394
,
1562.5,2.1904
,
1625,7.4674
,
1687.5,5.9643
,
1750,8.4948
,
1812.5,17.7549
,
1875,6.38
,
1937.5,11.4478
,
2000,9.4399
,
2062.5,9.6226
,
2125,1.5784
,
2187.5,15.3682
,
2250,8.2609
,
2312.5,16.6257
,
2375,14.3176
,
2437.5,16.3333
,
2500,4.6656
,
2562.5,2.9643
,
2625,3.3594
,
2687.5,2.1255
,
2750,6.0791
,
2812.5,3.1219
,
2875,5.2519
,
2937.5,7.9702
,
3000,8.8915
,
3062.5,7.897
,
3125,3.0522
,
3187.5,7.8995
,
3250,4.7734
,
3312.5,4.8068
,
3375,2.8284
,
3437.5,5.952
,
3500,11.8149
,
3562.5,3.6172
,
3625,2.2957
,
3687.5,4.6463
,
3750,6.736
,
3812.5,5.4181
,
3875,2.8787
,
3937.5,7.3315
,
4000,5.1196
,
4062.5,10.1543
,
4125,8.0689
,
4187.5,9.5751
,
4250,4.0139
,
4312.5,2.6691
,
4375,4.7426
,
4437.5,5.5151
,
4500,3.6766
,
4562.5,11.4205
,
4625,2.9157
,
4687.5,2.3773
,
4750,6.8199
,
4812.5,1.761
,
4875,7.8977
,
4937.5,6.4873
,
5000,7.6683
,
5062.5,3.6572
,
5125,2.77
,
5187.5,5.4096
,
5250,3.5626
,
5312.5,2.3134
,
5375,2.4906
,
5437.5,2.1357
,
5500,5.3863
,
5562.5,3.1335
,
5625,1.6648
,
5687.5,7.3105
,
5750,9.1236
,
5812.5,5.0596
,
5875,3.0905
,
5937.5,7.318
,
6000,12.413
,
6062.5,4.7715
,
6125,1.7858
,
6187.5,2.4046
,
6250,5.8474
,
6312.5,2.8835
,
6375,7.8337
,
6437.5,5.7703
,
6500,1.6798
,
6562.5,2.0148
,
6625,2.3877
,
6687.5,3.3165
,
6750,7.6089
,
6812.5,0.8964
,
6875,5.5385
,
6937.5,7.6471
,
7000,4.6973
,
7062.5,3.1138
,
7125,8.8238
,
7187.5,9.4473
,
7250,5.0877
,
7312.5,3.182
,
7375,4.509
,
7437.5,7.0147
,
7500,3.5552
,
7562.5,7.7003
,
7625,6.3738
,
7687.5,8.819
,
7750,5.4994
,
7812.5,4.2403
,
7875,5.4988
,
7937.5,3.5506
,
airflow(m/s),7.01
,
,
,
0,386.1358
,
62.5,132.3873
,
125,120.0507
,
187.5,162.4341
,
250,162.0454
,
312.5,20.1382
,
375,17.7703
,
437.5,15.3767
,
500,17.133
,
562.5,35.708
,
625,27.0327
,
687.5,17.3408
,
750,18.9925
,
812.5,24.6739
,
875,12.2275
,
937.5,20.3472
,
1000,20.1758
,
1062.5,6.372
,
1125,14.7237
,
1187.5,15.5333
,
1250,9.4955
,
1312.5,4.4788
,
1375,7.5228
,
1437.5,14.1687
,
1500,4.6788
,
1562.5,6.4461
,
1625,13.9937
,
1687.5,10.1944
,
1750,4.0147
,
1812.5,6.6444
,
1875,7.4493
,
1937.5,3.4725
,
2000,4.5375
,
2062.5,12.7247
,
2125,10.5112
,
2187.5,14.3174
,
2250,5.6005
,
2312.5,4.9873
,
2375,6.7667
,
2437.5,10.851
,
2500,7.4568
,
2562.5,8.0938
,
2625,9.5966
,
2687.5,6.3068
,
2750,3.2273
,
2812.5,4.5065
,
2875,3.9486
,
2937.5,3.0208
,
3000,3.3377
,
3062.5,0.4174
,
3125,6.644
,
3187.5,6.3363
,
3250,3.0264
,
3312.5,3.4638
,
3375,2.3966
,
3437.5,5.9081
,
3500,6.2209
,
3562.5,6.3224
,
3625,8.1606
,
3687.5,3.6143
,
3750,5.4875
,
3812.5,3.0032
,
3875,0.7739
,
3937.5,2.9391
,
4000,3.9774
,
4062.5,8.9165
,
4125,3.923
,
4187.5,4.3659
,
4250,4.8137
,
4312.5,5.4472
,
4375,11.7827
,
4437.5,4.8867
,
4500,9.1865
,
4562.5,13.2628
,
4625,8.1568
,
4687.5,1.6844
,
4750,2.6501
,
4812.5,3.8511
,
4875,1.8256
,
4937.5,2.7415
,
5000,0.9993
,
5062.5,4.4227
,
5125,4.8871
,
5187.5,4.4161
,
5250,6.739
,
5312.5,6.1577
,
5375,2.378
,
5437.5,1.7277
,
5500,1.475
,
5562.5,2.6162
,
5625,7.3046
,
5687.5,4.8606
,
5750,2.8358
,
5812.5,10.2066
,
5875,13.2082
,
5937.5,5.3639
,
6000,3.1154
,
6062.5,5.9129
,
6125,7.7061
,
6187.5,3.7183
,
6250,4.1462
,
6312.5,4.4713
,
6375,5.9833
,
6437.5,4.9439
,
6500,0.9102
,
6562.5,4.1323
,
6625,8.7148
,
6687.5,4.2514
,
6750,3.7692
,
6812.5,7.0844
,
6875,7.1163
,
6937.5,5.5614
,
7000,4.9741
,
7062.5,6.2845
,
7125,4.958
,
7187.5,3.0071
,
7250,4.1753
,
7312.5,6.0833
,
7375,8.0545
,
7437.5,5.7709
,
7500,6.3249
,
7562.5,14.523
,
7625,11.5854
,
7687.5,6.5474
,
7750,2.3518
,
7812.5,0.8058
,
7875,5.5655
,
7937.5,5.9679
,
airflow(m/s),8.3
,
,
,
0,1715.5034
,
62.5,517.8841
,
125,375.0881
,
187.5,148.915
,
250,24.0701
,
312.5,20.375
,
375,13.2958
,
437.5,50.8207
,
500,55.2413
,
562.5,36.6916
,
625,23.7531
,
687.5,16.137
,
750,18.8095
,
812.5,18.822
,
875,12.582
,
937.5,15.7664
,
1000,10.682
,
1062.5,23.5785
,
1125,31.6918
,
1187.5,27.3447
,
1250,8.6228
,
1312.5,6.6118
,
1375,9.9381
,
1437.5,12.8414
,
1500,18.5909
,
1562.5,10.4333
,
1625,6.8628
,
1687.5,13.5042
,
1750,6.286
,
1812.5,9.1699
,
1875,11.6604
,
1937.5,12.8116
,
2000,2.7032
,
2062.5,3.6032
,
2125,2.6471
,
2187.5,2.543
,
2250,10.137
,
2312.5,4.8768
,
2375,8.2108
,
2437.5,7.3368
,
2500,2.0321
,
2562.5,3.5099
,
2625,13.1859
,
2687.5,9.5983
,
2750,7.1812
,
2812.5,5.413
,
2875,10.2431
,
2937.5,5.0691
,
3000,4.103
,
3062.5,5.7409
,
3125,1.3502
,
3187.5,7.789
,
3250,6.9474
,
3312.5,6.6546
,
3375,5.1709
,
3437.5,7.171
,
3500,5.3429
,
3562.5,1.428
,
3625,8.2506
,
3687.5,6.4967
,
3750,4.2265
,
3812.5,5.7718
,
3875,1.4303
,
3937.5,4.5361
,
4000,6.6175
,
4062.5,3.9185
,
4125,5.5921
,
4187.5,4.4728
,
4250,2.3854
,
4312.5,3.8557
,
4375,3.1558
,
4437.5,5.1677
,
4500,4.46
,
4562.5,5.2827
,
4625,2.0026
,
4687.5,2.5421
,
4750,6.7217
,
4812.5,11.8002
,
4875,15.1124
,
4937.5,8.5113
,
5000,1.1804
,
5062.5,7.3438
,
5125,6.937
,
5187.5,6.8522
,
5250,6.4607
,
5312.5,4.6873
,
5375,2.3326
,
5437.5,4.9803
,
5500,3.8736
,
5562.5,6.4219
,
5625,9.1231
,
5687.5,4.8301
,
5750,3.4942
,
5812.5,5.2577
,
5875,5.1097
,
5937.5,4.7744
,
6000,7.6736
,
6062.5,10.3457
,
6125,4.8769
,
6187.5,3.8445
,
6250,2.0238
,
6312.5,3.9729
,
6375,6.8049
,
6437.5,5.7194
,
6500,3.8
,
6562.5,4.7619
,
6625,4.6803
,
6687.5,3.51
,
6750,1.6259
,
6812.5,3.1577
,
6875,10.8371
,
6937.5,4.0552
,
7000,7.4061
,
7062.5,9.5197
,
7125,4.944
,
7187.5,1.3951
,
7250,1.9147
,
7312.5,2.1525
,
7375,2.3674
,
7437.5,3.0904
,
7500,9.504
,
7562.5,5.7836
,
7625,2.2747
,
7687.5,3.7099
,
7750,0.3247
,
7812.5,2.353
,
7875,4.54
,
7937.5,2.7359
,
airflow(m/s),7.64
,
,
,
0,2243.6044
,
62.5,994.5157
,
125,105.2012
,
187.5,67.2358
,
250,61.8035
,
312.5,47.3421
,
375,49.5292
,
437.5,29.2829
,
500,9.0812
,
562.5,46.9269
,
625,28
,
687.5,21.368
,
750,22.1351
,
812.5,27.4304
,
875,13.3003
,
937.5,19.234
,
1000,14.2909
,
1062.5,12.136
,
1125,13.6517
,
1187.5,19.9868
,
1250,26.7718
,
1312.5,14.3753
,
1375,19.7104
,
1437.5,22.6265
,
1500,9.8538
,
1562.5,12.1766
,
1625,5.9088
,
1687.5,4.8025
,
1750,18.0506
,
1812.5,15.3612
,
1875,8.5528
,
1937.5,1.0199
,
2000,6.7577
,
2062.5,8.8744
,
2125,4.3121
,
2187.5,10.8442
,
2250,15.4463
,
2312.5,12.5365
,
2375,7.0667
,
2437.5,9.1476
,
2500,4.5406
,
2562.5,3.7914
,
2625,10.1989
,
2687.5,17.4098
,
2750,12.4547
,
2812.5,9.1912
,
2875,8.8569
,
2937.5,9.1803
,
3000,12.5015
,
3062.5,8.1689
,
3125,4.6407
,
3187.5,8.0576
,
3250,5.1493
,
3312.5,11.2067
,
3375,15.0034
,
3437.5,5.4249
,
3500,5.6515
,
3562.5,6.7932
,
3625,7.0801
,
3687.5,7.1686
,
3750,9.5108
,
3812.5,5.2094
,
3875,0.1073
,
3937.5,5.2999
,
4000,2.3853
,
4062.5,1.2823
,
4125,5.1503
,
4187.5,7.8061
,
4250,4.6568
,
4312.5,8.6073
,
4375,7.4252
,
4437.5,4.4135
,
4500,4.0084
,
4562.5,3.9972
,
4625,0.5685
,
4687.5,4.1829
,
4750,4.2115
,
4812.5,6.4454
,
4875,6.7239
,
4937.5,10.0503
,
5000,2.7822
,
5062.5,3.7425
,
5125,4.4043
,
5187.5,3.7451
,
5250,2.0777
,
5312.5,4.4418
,
5375,6.3826
,
5437.5,6.4696
,
5500,6.5681
,
5562.5,5.6673
,
5625,5.5598
,
5687.5,5.6999
,
5750,4.2555
,
5812.5,3.4539
,
5875,2.1447
,
5937.5,0.6613
,
6000,4.5988
,
6062.5,3.2458
,
6125,1.7557
,
6187.5,3.0051
,
6250,3.6973
,
6312.5,2.7124
,
6375,1.9996
,
6437.5,1.1371
,
6500,2.4133
,
6562.5,0.8369
,
6625,3.622
,
6687.5,6.6923
,
6750,10.1369
,
6812.5,8.0992
,
6875,2.9167
,
6937.5,2.1992
,
7000,2.6228
,
7062.5,5.9309
,
7125,8.4935
,
7187.5,6.0245
,
7250,3.147
,
7312.5,1.6848
,
7375,3.1451
,
7437.5,5.6314
,
7500,3.1805
,
7562.5,5.9265
,
7625,1.4747
,
7687.5,4.6262
,
7750,5.133
,
7812.5,4.5728
,
7875,6.9294
,
7937.5,3.729
,
airflow(m/s),8.58
,
,
,
0,3320.5018
,
62.5,1484.0123
,
125,148.0984
,
187.5,116.8924
,
250,112.5909
,
312.5,19.4058
,
375,49.6674
,
437.5,29.6585
,
500,15.1863
,
562.5,15.0023
,
625,25.1676
,
687.5,36.4515
,
750,1.6515
,
812.5,16.1324
,
875,19.7218
,
937.5,8.6182
,
1000,3.6001
,
1062.5,15.8518
,
1125,8.1365
,
1187.5,3.9674
,
1250,8.0357
,
1312.5,2.0995
,
1375,10.4275
,
1437.5,7.2463
,
1500,2.0416
,
1562.5,9.0608
,
1625,7.8205
,
1687.5,13.6553
,
1750,11.3582
,
1812.5,9.1413
,
1875,10.6202
,
1937.5,3.7372
,
2000,11.4549
,
2062.5,13.889
,
2125,13.2311
,
2187.5,17.9243
,
2250,17.3353
,
2312.5,16.5677
,
2375,10.7367
,
2437.5,9.805
,
2500,3.7707
,
2562.5,2.5001
,
2625,6.2559
,
2687.5,6.6321
,
2750,0.6275
,
2812.5,7.5993
,
2875,3.8209
,
2937.5,2.884
,
3000,6.8003
,
3062.5,1.516
,
3125,3.5861
,
3187.5,8.6088
,
3250,14.5355
,
3312.5,11.7974
,
3375,12.4153
,
3437.5,6.7421
,
3500,2.6841
,
3562.5,7.8275
,
3625,12.5376
,
3687.5,12.3661
,
3750,2.8465
,
3812.5,5.077
,
3875,2.0354
,
3937.5,5.2549
,
4000,1.202
,
4062.5,4.4043
,
4125,3.1605
,
4187.5,3.213
,
4250,1.5701
,
4312.5,3.0203
,
4375,6.5691
,
4437.5,9.8523
,
4500,6.6037
,
4562.5,4.806
,
4625,3.8848
,
4687.5,5.5144
,
4750,5.2725
,
4812.5,9.1172
,
4875,6.5004
,
4937.5,4.3815
,
5000,3.3741
,
5062.5,4.1657
,
5125,3.6691
,
5187.5,3.683
,
5250,7.5902
,
5312.5,9.4667
,
5375,9.0237
,
5437.5,3.9974
,
5500,2.9745
,
5562.5,4.2846
,
5625,1.39
,
5687.5,4.3441
,
5750,5.0744
,
5812.5,4.4638
,
5875,2.4347
,
5937.5,4.4654
,
6000,4.1067
,
6062.5,9.2066
,
6125,10.1395
,
6187.5,2.348
,
6250,2.5495
,
6312.5,1.5086
,
6375,5.2173
,
6437.5,7.6524
,
6500,6.5138
,
6562.5,6.5355
,
6625,4.5393
,
6687.5,7.2054
,
6750,9.3586
,
6812.5,9.8423
,
6875,2.9448
,
6937.5,6.2365
,
7000,6.0008
,
7062.5,6.6826
,
7125,3.9277
,
7187.5,3.2648
,
7250,5.7947
,
7312.5,4.5331
,
7375,3.0748
,
7437.5,4.5262
,
7500,4.5536
,
7562.5,5.2101
,
7625,4.0284
,
7687.5,2.7436
,
7750,5.9331
,
7812.5,5.0532
,
7875,4.7678
,
7937.5,1.7794
,
airflow(m/s),8.03
,
,
,
0,3060.5437
,
62.5,1797.6792
,
125,338.5867
,
187.5,68.1769
,
250,28.1011
,
312.5,48.1228
,
375,27.3224
,
437.5,39.2083
,
500,44.3872
,
562.5,23.5329
,
625,24.9142
,
687.5,8.9898
,
750,20.203
,
812.5,3.9241
,
875,2.1835
,
937.5,16.4286
,
1000,4.0393
,
1062.5,14.5312
,
1125,15.0477
,
1187.5,6.9515
,
1250,11.7886
,
1312.5,28.4736
,
1375,20.8114
,
1437.5,28.8485
,
1500,7.2519
,
1562.5,9.6898
,
1625,5.2147
,
1687.5,15.9543
,
1750,12.8953
,
1812.5,15.9992
,
1875,7.0591
,
1937.5,3.0357
,
2000,10.0763
,
2062.5,3.9726
,
2125,14.6221
,
2187.5,5.689
,
2250,11.1876
,
2312.5,16.2484
,
2375,1.9123
,
2437.5,4.0003
,
2500,11.1574
,
2562.5,5.1306
,
2625,5.2382
,
2687.5,10.1912
,
2750,8.6952
,
2812.5,12.9846
,
2875,9.9486
,
2937.5,6.9812
,
3000,6.442
,
3062.5,2.3777
,
3125,2.4252
,
3187.5,5.9832
,
3250,7.9073
,
3312.5,2.1818
,
3375,9.3638
,
3437.5,10.8657
,
3500,7.3019
,
3562.5,4.3834
,
3625,6.852
,
3687.5,8.8422
,
3750,7.7317
,
3812.5,10.0723
,
3875,6.8646
,
3937.5,4.0069
,
4000,6.4244
,
4062.5,4.3558
,
4125,5.9768
,
4187.5,11.4939
,
4250,6.3566
,
4312.5,7.4159
,
4375,6.4002
,
4437.5,2.8717
,
4500,4.7268
,
4562.5,2.6712
,
4625,2.7496
,
4687.5,1.729
,
4750,3.9761
,
4812.5,1.9935
,
4875,3.8329
,
4937.5,6.0224
,
5000,6.9724
,
5062.5,6.5288
,
5125,3.3299
,
5187.5,7.1381
,
5250,4.7497
,
5312.5,4.0608
,
5375,5.9601
,
5437.5,2.6751
,
5500,6.996
,
5562.5,1.8748
,
5625,11.435
,
5687.5,17.8372
,
5750,9.5895
,
5812.5,2.5539
,
5875,3.0209
,
5937.5,4.3165
,
6000,2.2948
,
6062.5,5.064
,
6125,3.6231
,
6187.5,4.5409
,
6250,2.2875
,
6312.5,6.459
,
6375,7.9212
,
6437.5,3.8076
,
6500,9.8357
,
6562.5,5.953
,
6625,2.0162
,
6687.5,3.283
,
6750,2.8758
,
6812.5,2.6196
,
6875,8.0353
,
6937.5,6.9049
,
7000,10.1106
,
7062.5,15.5733
,
7125,9.83
,
7187.5,1.1108
,
7250,8.2696
,
7312.5,2.2108
,
7375,5.3385
,
7437.5,6.8796
,
7500,6.846
,
7562.5,8.293
,
7625,5.213
,
7687.5,3.3599
,
7750,3.5505
,
7812.5,2.5639
,
7875,1.3683
,
7937.5,4.9689
,
airflow(m/s),7.38
,
,
,
0,1323.6285
,
62.5,85.5446
,
125,577.6344
,
187.5,117.0075
,
250,74.9905
,
312.5,31.2743
,
375,8.6241
,
437.5,5.5345
,
500,12.1353
,
562.5,8.7541
,
625,9.1022
,
687.5,6.332
,
750,21.6333
,
812.5,7.4593
,
875,8.3638
,
937.5,25.6935
,
1000,14.3404
,
1062.5,13.763
,
1125,11.1053
,
1187.5,10.9768
,
1250,7.0633
,
1312.5,5.6596
,
1375,10.5088
,
1437.5,11.0163
,
1500,18.4124
,
1562.5,10.5916
,
1625,5.0889
,
1687.5,1.5441
,
1750,2.0579
,
1812.5,5.7188
,
1875,8.2225
,
1937.5,11.997
,
2000,10.2647
,
2062.5,12.8334
,
2125,4.6468
,
2187.5,11.5354
,
2250,16.1575
,
2312.5,9.9111
,
2375,5.9976
,
2437.5,9.8202
,
2500,10.5939
,
2562.5,9.5214
,
2625,4.5032
,
2687.5,4.8605
,
2750,8.0165
,
2812.5,14.0415
,
2875,10.1763
,
2937.5,8.556
,
3000,8.2038
,
3062.5,4.8741
,
3125,3.6058
,
3187.5,1.222
,
3250,5.4327
,
3312.5,0.7732
,
3375,6.2693
,
3437.5,6.6935
,
3500,4.7443
,
3562.5,8.6655
,
3625,8.7509
,
3687.5,4.0886
,
3750,6.1741
,
3812.5,6.4662
,
3875,6.0788
,
3937.5,2.0575
,
4000,7.4092
,
4062.5,6.1601
,
4125,6.043
,
4187.5,3.0443
,
4250,1.3417
,
4312.5,3.357
,
4375,2.2761
,
4437.5,4.4708
,
4500,3.3084
,
4562.5,0.8726
,
4625,2.6014
,
4687.5,5.786
,
4750,4.6722
,
4812.5,2.1826
,
4875,7.2004
,
4937.5,7.8287
,
5000,1.0319
,
5062.5,1.5103
,
5125,4.3302
,
5187.5,6.3629
,
5250,5.6145
,
5312.5,3.0944
,
5375,2.7732
,
5437.5,3.4709
,
5500,1.6146
,
5562.5,5.8996
,
5625,5.7869
,
5687.5,4.7026
,
5750,6.5706
,
5812.5,2.704
,
5875,4.6069
,
5937.5,9.2898
,
6000,3.7946
,
6062.5,10.0584
,
6125,5.7464
,
6187.5,9.5251
,
6250,6.3258
,
6312.5,2.8612
,
6375,1.6065
,
6437.5,5.0307
,
6500,3.0189
,
6562.5,3.9548
,
6625,3.0096
,
6687.5,2.4292
,
6750,2.1481
,
6812.5,5.974
,
6875,6.9173
,
6937.5,3.6532
,
7000,6.7185
,
7062.5,5.7776
,
7125,5.7055
,
7187.5,10.3308
,
7250,8.4687
,
7312.5,7.826
,
7375,7.4898
,
7437.5,7.0656
,
7500,1.4223
,
7562.5,0.7935
,
7625,4.5969
,
7687.5,2.8148
,
7750,2.9585
,
7812.5,1.9493
,
7875,1.62
,
7937.5,1.5853
,
airflow(m/s),7.64
,
,
,
0,280.1665
,
62.5,850.5947
,
125,38.9874
,
187.5,174.3983
,
250,73.5927
,
312.5,97.5622
,
375,69.4268
,
437.5,46.2032
,
500,26.7097
,
562.5,25.0249
,
625,41.5933
,
687.5,14.1592
,
750,30.2503
,
812.5,9.119
,
875,15.9841
,
937.5,8.4648
,
1000,5.89
,
1062.5,8.82
,
1125,16.0842
,
1187.5,5.1238
,
1250,11.5373
,
1312.5,13.7133
,
1375,8.3923
,
1437.5,27.9633
,
1500,13.8348
,
1562.5,24.8077
,
1625,10.9082
,
1687.5,8.0152
,
1750,13.2945
,
1812.5,8.0756
,
1875,7.7232
,
1937.5,12.3883
,
2000,5.0096
,
2062.5,11.2174
,
2125,13.2498
,
2187.5,3.2313
,
2250,2.4795
,
2312.5,4.7434
,
2375,10.5476
,
2437.5,10.8768
,
2500,1.8942
,
2562.5,8.1777
,
2625,10.9788
,
2687.5,3.5651
,
2750,9.1572
,
2812.5,7.5188
,
2875,5.7641
,
2937.5,13.3144
,
3000,11.4347
,
3062.5,17.2488
,
3125,4.6505
,
3187.5,3.5236
,
3250,9.0542
,
3312.5,5.6015
,
3375,6.692
,
3437.5,8.5622
,
3500,6.3274
,
3562.5,3.8813
,
3625,8.1381
,
3687.5,3.8453
,
3750,12.3085
,
3812.5,5.3389
,
3875,6.5679
,
3937.5,0.3601
,
4000,7.8952
,
4062.5,6.7883
,
4125,5.6728
,
4187.5,3.0256
,
4250,6.1309
,
4312.5,7.6517
,
4375,5.7965
,
4437.5,2.8155
,
4500,7.21
,
4562.5,1.8933
,
4625,10.0079
,
4687.5,6.7114
,
4750,6.7334
,
4812.5,6.0932
,
4875,7.0635
,
4937.5,3.4924
,
5000,0.9133
,
5062.5,3.627
,
5125,6.7111
,
5187.5,5.2644
,
5250,2.8482
,
5312.5,6.2447
,
5375,1.9858
,
5437.5,4.955
,
5500,2.389
,
5562.5,3.8413
,
5625,5.989
,
5687.5,3.2114
,
5750,2.126
,
5812.5,3.794
,
5875,3.7589
,
5937.5,7.7937
,
6000,6.4131
,
6062.5,7.2872
,
6125,5.3547
,
6187.5,7.4694
,
6250,3.117
,
6312.5,6.1463
,
6375,5.6226
,
6437.5,7.3362
,
6500,5.1115
,
6562.5,3.3631
,
6625,7.9028
,
6687.5,4.4811
,
6750,8.5626
,
6812.5,1.5302
,
6875,4.1122
,
6937.5,2.323
,
7000,2.1554
,
7062.5,4.6018
,
7125,5.9513
,
7187.5,3.8393
,
7250,1.3278
,
7312.5,0.4048
,
7375,3.9749
,
7437.5,3.9625
,
7500,6.7397
,
7562.5,9.4988
,
7625,7.1604
,
7687.5,2.8393
,
7750,2.8786
,
7812.5,1.4375
,
7875,5.5785
,
7937.5,7.4135
,
airflow(m/s),7.9
,
,
,
0,1375.1015
,
62.5,1212.4764
,
125,529.7243
,
187.5,85.4044
,
250,80.675
,
312.5,70.242
,
375,53.0188
,
437.5,44.8503
,
500,28.0169
,
562.5,18.5778
,
625,15.7007
,
687.5,1.2911
,
750,5.9459
,
812.5,6.6817
,
875,27.3595
,
937.5,29.1841
,
1000,23.394
,
1062.5,10.7964
,
1125,37.9052
,
1187.5,36.0655
,
1250,11.8373
,
1312.5,14.1284
,
1375,16.9292
,
1437.5,5.415
,
1500,14.8894
,
1562.5,11.818
,
1625,22.1136
,
1687.5,6.321
,
1750,6.538
,
1812.5,10.1437
,
1875,9.4383
,
1937.5,4.241
,
2000,4.4607
,
2062.5,1.5205
,
2125,6.0394
,
2187.5,4.7348
,
2250,3.0095
,
2312.5,6.9533
,
2375,3.7267
,
2437.5,2.7411
,
2500,5.6782
,
2562.5,9.6034
,
2625,10.9145
,
2687.5,4.1484
,
2750,4.31
,
2812.5,7.3617
,
2875,10.244
,
2937.5,8.8888
,
3000,10.4864
,
3062.5,9.6572
,
3125,17.3626
,
3187.5,8.6723
,
3250,6.7205
,
3312.5,6.9234
,
3375,10.0682
,
3437.5,11.5097
,
3500,1.0287
,
3562.5,8.0646
,
3625,13.1844
,
3687.5,19.7312
,
3750,16.2354
,
3812.5,10.5428
,
3875,4.7456
,
3937.5,6.1779
,
4000,6.0649
,
4062.5,2.8249
,
4125,1.1198
,
4187.5,4.7503
,
4250,9.612
,
4312.5,8.1202
,
4375,6.8468
,
4437.5,8.1165
,
4500,5.6726
,
4562.5,9.169
,
4625,6.1241
,
4687.5,0.6006
,
4750,4.8061
,
4812.5,7.8885
,
4875,7.0705
,
4937.5,5.0594
,
5000,9.5424
,
5062.5,1.361
,
5125,8.2422
,
5187.5,8.5686
,
5250,10.2579
,
5312.5,7.2952
,
5375,5.7245
,
5437.5,10.0009
,
5500,4.3979
,
5562.5,5.0809
,
5625,2.4837
,
5687.5,1.8934
,
5750,4.2219
,
5812.5,6.7373
,
5875,2.1727
,
5937.5,2.548
,
6000,5.0369
,
6062.5,6.9363
,
6125,3.9352
,
6187.5,0.4512
,
6250,2.1522
,
6312.5,5.8007
,
6375,3.4585
,
6437.5,1.6071
,
6500,3.9182
,
6562.5,5.3539
,
6625,6.5476
,
6687.5,8.7096
,
6750,9.887
,
6812.5,5.267
,
6875,6.0338
,
6937.5,6.2259
,
7000,11.0386
,
7062.5,9.9316
,
7125,4.0031
,
7187.5,2.3524
,
7250,7.1347
,
7312.5,3.7793
,
7375,2.8451
,
7437.5,3.9504
,
7500,5.1262
,
7562.5,3.8147
,
7625,3.2988
,
7687.5,5.6698
,
7750,4.7071
,
7812.5,0.9192
,
7875,5.1883
,
7937.5,11.9448
,
airflow(m/s),7.01
,
,
,
0,555.7343
,
62.5,1669.356
,
125,376.9629
,
187.5,135.3058
,
250,104.1059
,
312.5,60.2422
,
375,22.8719
,
437.5,13.9734
,
500,36.827
,
562.5,19.4658
,
625,50.2345
,
687.5,16.5536
,
750,11.7348
,
812.5,18.2084
,
875,25.2695
,
937.5,23.4061
,
1000,24.7336
,
1062.5,34.3912
,
1125,9.1802
,
1187.5,27.7881
,
1250,42.1919
,
1312.5,7.8397
,
1375,4.1484
,
1437.5,8.6557
,
1500,16.2844
,
1562.5,17.4506
,
1625,10.7135
,
1687.5,5.41
,
1750,17.1892
,
1812.5,6.7596
,
1875,6.5547
,
1937.5,11.0985
,
2000,8.4859
,
2062.5,3.1395
,
2125,9.351
,
2187.5,18.0652
,
2250,5.1088
,
2312.5,7.93
,
2375,9.6394
,
2437.5,4.6386
,
2500,8.5314
,
2562.5,6.8027
,
2625,1.5104
,
2687.5,11.7644
,
2750,4.9112
,
2812.5,6.6154
,
2875,7.6078
,
2937.5,6.9566
,
3000,12.1346
,
3062.5,1.0736
,
3125,8.4383
,
3187.5,4.6838
,
3250,6.4121
,
3312.5,7.0564
,
3375,6.7419
,
3437.5,6.8846
,
3500,13.5128
,
3562.5,3.168
,
3625,7.7118
,
3687.5,7.7474
,
3750,8.4093
,
3812.5,4.4861
,
3875,6.5637
,
3937.5,4.2116
,
4000,11.4909
,
4062.5,5.6798
,
4125,5.005
,
4187.5,8.016
,
4250,3.1399
,
4312.5,8.3174
,
4375,13.1982
,
4437.5,10.3444
,
4500,2.3064
,
4562.5,13.5292
,
4625,9.293
,
4687.5,9.6527
,
4750,2.2725
,
4812.5,7.2251
,
4875,3.638
,
4937.5,2.7022
,
5000,6.6951
,
5062.5,4.6884
,
5125,7.4068
,
5187.5,3.3729
,
5250,8.1982
,
5312.5,6.7422
,
5375,4.3732
,
5437.5,7.0077
,
5500,0.8134
,
5562.5,4.5322
,
5625,1.1029
,
5687.5,8.055
,
5750,4.095
,
5812.5,6.439
,
5875,6.7592
,
5937.5,5.7799
,
6000,4.6307
,
6062.5,2.4149
,
6125,5.9171
,
6187.5,8.4377
,
6250,8.6797
,
6312.5,0.4085
,
6375,5.9544
,
6437.5,4.9912
,
6500,7.4289
,
6562.5,6.5064
,
6625,9.2143
,
6687.5,6.8694
,
6750,2.5422
,
6812.5,6.8287
,
6875,2.0456
,
6937.5,1.5076
,
7000,5.0651
,
7062.5,4.5232
,
7125,7.5528
,
7187.5,5.9026
,
7250,2.933
,
7312.5,5.1979
,
7375,6.771
,
7437.5,4.4848
,
7500,2.3077
,
7562.5,7.1086
,
7625,3.9885
,
7687.5,2.0799
,
7750,2.6986
,
7812.5,4.8839
,
7875,3.3544
,
7937.5,2.9891
,
airflow(m/s),7.9
,
,
,
0,4142.6931
,
62.5,1739.4821
,
125,104.1638
,
187.5,61.6059
,
250,100.8128
,
312.5,45.6115
,
375,15.223
,
437.5,5.0838
,
500,7.37
,
562.5,9.1911
,
625,29.5293
,
687.5,25.8737
,
750,42.9687
,
812.5,17.6372
,
875,6.2273
,
937.5,21.2086
,
1000,20.2967
,
1062.5,24.6233
,
1125,10.4704
,
1187.5,5.4137
,
1250,9.1758
,
1312.5,1.2513
,
1375,10.3099
,
1437.5,8.727
,
1500,1.068
,
1562.5,10.2468
,
1625,9.1718
,
1687.5,6.9769
,
1750,10.5075
,
1812.5,4.6551
,
1875,10.7077
,
1937.5,8.7744
,
2000,1.4011
,
2062.5,11.7829
,
2125,8.1979
,
2187.5,9.7572
,
2250,7.8748
,
2312.5,3.0342
,
2375,4.253
,
2437.5,8.2349
,
2500,12.295
,
2562.5,13.2514
,
2625,10.5947
,
2687.5,8.653
,
2750,3.1553
,
2812.5,2.3805
,
2875,7.6063
,
2937.5,6.6391
,
3000,6.8111
,
3062.5,4.793
,
3125,11.1578
,
3187.5,2.1646
,
3250,7.8187
,
3312.5,7.0479
,
3375,2.9834
,
3437.5,4.4457
,
3500,3.8757
,
3562.5,6.7048
,
3625,6.0031
,
3687.5,4.1511
,
3750,3.3405
,
3812.5,6.967
,
3875,4.9466
,
3937.5,9.77
,
4000,7.9319
,
4062.5,4.0254
,
4125,5.1563
,
4187.5,8.9454
,
4250,5.8886
,
4312.5,2.4929
,
4375,6.5538
,
4437.5,5.9205
,
4500,3.9851
,
4562.5,4.869
,
4625,7.1628
,
4687.5,3.4765
,
4750,8.4337
,
4812.5,1.2433
,
4875,2.3904
,
4937.5,5.2305
,
5000,10.8447
,
5062.5,6.1443
,
5125,3.453
,
5187.5,6.2949
,
5250,6.9406
,
5312.5,5.5061
,
5375,4.3823
,
5437.5,2.8699
,
5500,3.4284
,
5562.5,3.4398
,
5625,2.0628
,
5687.5,5.1292
,
5750,11.0192
,
5812.5,10.5355
,
5875,6.7576
,
5937.5,7.9594
,
6000,6.9746
,
6062.5,2.023
,
6125,3.0476
,
6187.5,2.4029
,
6250,1.6502
,
6312.5,1.8889
,
6375,3.3227
,
6437.5,3.6493
,
6500,4.8582
,
6562.5,4.1713
,
6625,4.8107
,
6687.5,3.8068
,
6750,3.0958
,
6812.5,4.406
,
6875,8.3239
,
6937.5,6.401
,
7000,1.3416
,
7062.5,7.4485
,
7125,4.9798
,
7187.5,2.1193
,
7250,1.0767
,
7312.5,2.5124
,
7375,1.6839
,
7437.5,2.2561
,
7500,2.4347
,
7562.5,5.6486
,
7625,2.7739
,
7687.5,1.9163
,
7750,1.7214
,
7812.5,2.5579
,
7875,4.8267
,
7937.5,7.3399
,
airflow(m/s),7.38
,
,
,
0,2762.3863
,
62.5,1491.3104
,
125,574.7856
,
187.5,60.2611
,
250,187.218
,
312.5,68.2712
,
375,17.8995
,
437.5,22.3363
,
500,32.2104
,
562.5,20.601
,
625,28.2653
,
687.5,42.5672
,
750,48.7033
,
812.5,13.6826
,
875,5.707
,
937.5,3.4263
,
1000,7.1828
,
1062.5,10.859
,
1125,21.664
,
1187.5,6.4009
,
1250,12.8552
,
1312.5,19.8623
,
1375,2.3853
,
1437.5,3.1304
,
1500,11.1039
,
1562.5,13.4814
,
1625,9.6835
,
1687.5,7.5586
,
1750,10.579
,
1812.5,4.2569
,
1875,4.562
,
1937.5,4.2087
,
2000,2.4592
,
2062.5,10.1657
,
2125,5.3509
,
2187.5,4.9084
,
2250,10.3093
,
2312.5,2.3653
,
2375,12.1365
,
2437.5,15.7987
,
2500,4.3367
,
2562.5,1.859
,
2625,4.1439
,
2687.5,11.2274
,
2750,12.6301
,
2812.5,12.0083
,
2875,4.9533
,
2937.5,3.297
,
3000,5.0555
,
3062.5,2.0266
,
3125,0.7176
,
3187.5,8.5609
,
3250,5.7906
,
3312.5,11.0761
,
3375,7.0035
,
3437.5,4.8865
,
3500,5.5891
,
3562.5,10.4659
,
3625,4.2093
,
3687.5,2.8715
,
3750,1.9628
,
3812.5,3.3528
,
3875,5.9566
,
3937.5,1.176
,
4000,1.9441
,
4062.5,2.6716
,
4125,6.416
,
4187.5,7.5615
,
4250,9.4685
,
4312.5,3.3336
,
4375,6.1822
,
4437.5,13.3381
,
4500,2.075
,
4562.5,3.4582
,
4625,3.5346
,
4687.5,2.4642
,
4750,1.4488
,
4812.5,5.3768
,
4875,9.1389
,
4937.5,6.7704
,
5000,9.9539
,
5062.5,9.856
,
5125,8.9624
,
5187.5,0.7983
,
5250,7.9373
,
5312.5,7.9485
,
5375,1.6981
,
5437.5,2.4442
,
5500,1.6316
,
5562.5,4.9754
,
5625,7.5213
,
5687.5,2.3431
,
5750,3.7178
,
5812.5,3.4878
,
5875,0.8989
,
5937.5,2.6194
,
6000,3.8591
,
6062.5,10.4557
,
6125,7.1769
,
6187.5,7.2383
,
6250,11.5246
,
6312.5,9.9162
,
6375,6.892
,
6437.5,4.3201
,
6500,1.2592
,
6562.5,2.3127
,
6625,2.2031
,
6687.5,7.6095
,
6750,8.4754
,
6812.5,4.3474
,
6875,2.1657
,
6937.5,5.0372
,
7000,9.6833
,
7062.5,5.2631
,
7125,6.1243
,
7187.5,7.1542
,
7250,3.1596
,
7312.5,2.1609
,
7375,1.7817
,
7437.5,2.0209
,
7500,9.9271
,
7562.5,6.2894
,
7625,6.2165
,
7687.5,5.2878
,
7750,4.1355
,
7812.5,1.523
,
7875,1.923
,
7937.5,3.1787
,
airflow(m/s),7.64
,
,
,
0,4755.1011
,
62.5,2599.6978
,
125,263.341
,
187.5,248.5411
,
250,157.1099
,
312.5,28.3087
,
375,24.8436
,
437.5,70.9767
,
500,16.1865
,
562.5,15.7998
,
625,23.168
,
687.5,28.1332
,
750,46.7177
,
812.5,15.2997
,
875,17.5567
,
937.5,16.2932
,
1000,4.914
,
1062.5,7.1144
,
1125,11.9937
,
1187.5,35.5016
,
1250,21.2722
,
1312.5,9.3571
,
1375,7.4337
,
1437.5,25.5544
,
1500,6.1148
,
1562.5,2.2537
,
1625,28.6007
,
1687.5,15.3449
,
1750,17.4917
,
1812.5,5.564
,
1875,4.3532
,
1937.5,5.33
,
2000,6.3254
,
2062.5,5.8611
,
2125,14.986
,
2187.5,16.0072
,
2250,6.2778
,
2312.5,6.9595
,
2375,4.0407
,
2437.5,0.4743
,
2500,10.013
,
2562.5,6.218
,
2625,14.6181
,
2687.5,12.385
,
2750,5.6775
,
2812.5,3.8465
,
2875,5.2983
,
2937.5,7.1127
,
3000,5.2466
,
3062.5,5.1065
,
3125,3.5241
,
3187.5,1.9231
,
3250,3.1422
,
3312.5,11.4743
,
3375,8.5993
,
3437.5,5.7555
,
3500,3.7564
,
3562.5,11.2218
,
3625,25.005
,
3687.5,18.1286
,
3750,7.5146
,
3812.5,14.5091
,
3875,4.2539
,
3937.5,8.1462
,
4000,6.6032
,
4062.5,12.4609
,
4125,19.0191
,
4187.5,17.7643
,
4250,8.2756
,
4312.5,22.7662
,
4375,19.8622
,
4437.5,2.3301
,
4500,4.419
,
4562.5,5.2038
,
4625,7.5239
,
4687.5,3.4828
,
4750,5.9194
,
4812.5,5.4013
,
4875,16.8998
,
4937.5,13.7049
,
5000,8.3773
,
5062.5,0.29
,
5125,5.0732
,
5187.5,5.58
,
5250,12.9766
,
5312.5,11.542
,
5375,4.4114
,
5437.5,13.8485
,
5500,12.1741
,
5562.5,23.9801
,
5625,20.1286
,
5687.5,3.9028
,
5750,11.6602
,
5812.5,19.6658
,
5875,8.4985
,
5937.5,4.1339
,
6000,5.132
,
6062.5,7.5491
,
6125,10.9354
,
6187.5,8.5275
,
6250,10.2423
,
6312.5,4.7731
,
6375,5.4725
,
6437.5,13.1312
,
6500,15.3281
,
6562.5,7.4608
,
6625,4.8705
,
6687.5,13.5597
,
6750,5.177
,
6812.5,6.9255
,
6875,6.7915
,
6937.5,3.2538
,
7000,10.3044
,
7062.5,14.9571
,
7125,11.8234
,
7187.5,22.6678
,
7250,21.9337
,
7312.5,9.2846
,
7375,10.918
,
7437.5,5.9588
,
7500,9.5614
,
7562.5,14.8871
,
7625,13.2301
,
7687.5,8.3266
,
7750,10.2129
,
7812.5,10.8323
,
7875,4.6323
,
7937.5,8.4301
,
airflow(m/s),7.13
,
,
,
0,5071.37
,
62.5,2435.9778
,
125,322.5048
,
187.5,105.6093
,
250,46.2218
,
312.5,48.722
,
375,66.2649
,
437.5,28.1193
,
500,29.881
,
562.5,20.5481
,
625,7.7278
,
687.5,35.6844
,
750,18.3481
,
812.5,20.9185
,
875,4.4878
,
937.5,13.5844
,
1000,16.0589
,
1062.5,13.9117
,
1125,14.7457
,
1187.5,9.9986
,
1250,9.2558
,
1312.5,8.7051
,
1375,7.545
,
1437.5,6.4452
,
1500,14.8119
,
1562.5,8.2655
,
1625,15.6635
,
1687.5,8.7067
,
1750,9.5759
,
1812.5,7.2452
,
1875,4.312
,
1937.5,8.4739
,
2000,14.3422
,
2062.5,4.0453
,
2125,15.4531
,
2187.5,11.1022
,
2250,14.8878
,
2312.5,3.0116
,
2375,4.6094
,
2437.5,4.1744
,
2500,11.9352
,
2562.5,6.174
,
2625,5.9899
,
2687.5,6.2972
,
2750,6.3794
,
2812.5,14.0594
,
2875,8.7105
,
2937.5,2.5541
,
3000,7.2407
,
3062.5,6.3649
,
3125,2.8646
,
3187.5,4.4001
,
3250,3.4753
,
3312.5,6.9547
,
3375,2.755
,
3437.5,9.9546
,
3500,8.7791
,
3562.5,7.935
,
3625,3.5249
,
3687.5,2.7435
,
3750,6.448
,
3812.5,3.7645
,
3875,4.9922
,
3937.5,7.1184
,
4000,1.8866
,
4062.5,1.6539
,
4125,2.9731
,
4187.5,1.0916
,
4250,2.5479
,
4312.5,5.6961
,
4375,4.5377
,
4437.5,7.0641
,
4500,4.8789
,
4562.5,6.4563
,
4625,2.2142
,
4687.5,2.9214
,
4750,3.7232
,
4812.5,2.6604
,
4875,9.4834
,
4937.5,7.8477
,
5000,6.3024
,
5062.5,1.1848
,
5125,1.2788
,
5187.5,9.4924
,
5250,6.3193
,
5312.5,6.9324
,
5375,3.3583
,
5437.5,2.009
,
5500,5.2815
,
5562.5,1.9751
,
5625,7.6894
,
5687.5,7.8963
,
5750,6.7781
,
5812.5,2.0586
,
5875,6.9603
,
5937.5,3.8117
,
6000,7.827
,
6062.5,9.0267
,
6125,10.0322
,
6187.5,6.5695
,
6250,7.3247
,
6312.5,6.8944
,
6375,3.4397
,
6437.5,6.4308
,
6500,5.7066
,
6562.5,3.6825
,
6625,11.0033
,
6687.5,8.6291
,
6750,13.4821
,
6812.5,9.5193
,
6875,3.7841
,
6937.5,14.8884
,
7000,8.3992
,
7062.5,6.6587
,
7125,3.3748
,
7187.5,4.6744
,
7250,6.1859
,
7312.5,8.2304
,
7375,1.8099
,
7437.5,4.0032
,
7500,5.1459
,
7562.5,6.4447
,
7625,2.6482
,
7687.5,5.971
,
7750,5.7162
,
7812.5,8.1132
,
7875,2.487
,
7937.5,5.7115
,
airflow(m/s),7.01
,
,
,
0,287.9122
,
62.5,1346.7275
,
125,457.7871
,
187.5,47.873
,
250,62.3698
,
312.5,102.306
,
375,65.9713
,
437.5,24.5854
,
500,21.6515
,
562.5,29.2977
,
625,44.6664
,
687.5,1.8529
,
750,28.0382
,
812.5,20.3462
,
875,38.1352
,
937.5,34.427
,
1000,22.1484
,
1062.5,35.3975
,
1125,8.2742
,
1187.5,16.0816
,
1250,13.2684
,
1312.5,21.1961
,
1375,4.0905
,
1437.5,16.234
,
1500,19.9755
,
1562.5,6.101
,
1625,12.8813
,
1687.5,22.5551
,
1750,14.1984
,
1812.5,10.0627
,
1875,7.3196
,
1937.5,10.4129
,
2000,11.8304
,
2062.5,3.3404
,
2125,11.7225
,
2187.5,6.6456
,
2250,8.2199
,
2312.5,4.3024
,
2375,18.0764
,
2437.5,9.1229
,
2500,12.8139
,
2562.5,6.8851
,
2625,5.4587
,
2687.5,9.9952
,
2750,19.8267
,
2812.5,12.2709
,
2875,10.0278
,
2937.5,4.955
,
3000,12.1879
,
3062.5,5.3525
,
3125,7.7904
,
3187.5,1.9105
,
3250,6.1566
,
3312.5,3.0689
,
3375,4.0767
,
3437.5,7.1681
,
3500,4.1697
,
3562.5,3.2093
,
3625,6.7669
,
3687.5,10.0589
,
3750,3.9267
,
3812.5,6.8619
,
3875,3.3428
,
3937.5,2.9567
,
4000,2.3462
,
4062.5,15.7608
,
4125,4.1615
,
4187.5,4.146
,
4250,4.0604
,
4312.5,2.3604
,
4375,7.0508
,
4437.5,7.7213
,
4500,4.4301
,
4562.5,5.9868
,
4625,3.5997
,
4687.5,8.9203
,
4750,8.4516
,
4812.5,11.0921
,
4875,8.3772
,
4937.5,7.2667
,
5000,9.1195
,
5062.5,4.0255
,
5125,5.131
,
5187.5,6.8331
,
5250,10.6397
,
5312.5,8.8882
,
5375,8.4488
,
5437.5,6.5575
,
5500,8.5304
,
5562.5,3.4403
,
5625,10.1304
,
5687.5,6.7538
,
5750,10.5225
,
5812.5,3.1262
,
5875,5.2625
,
5937.5,0.7058
,
6000,5.5169
,
6062.5,3.1323
,
6125,8.0892
,
6187.5,4.0658
,
6250,6.2476
,
6312.5,8.9669
,
6375,6.8946
,
6437.5,2.8224
,
6500,3.6832
,
6562.5,6.9628
,
6625,12.966
,
6687.5,4.0623
,
6750,4.767
,
6812.5,1.5066
,
6875,8.8729
,
6937.5,6.0433
,
7000,9.1316
,
7062.5,2.2141
,
7125,4.2334
,
7187.5,0.6756
,
7250,6.3063
,
7312.5,6.9011
,
7375,6.119
,
7437.5,0.8699
,
7500,4.1107
,
7562.5,7.0879
,
7625,4.3127
,
7687.5,8.3498
,
7750,7.6612
,
7812.5,2.2841
,
7875,6.5381
,
7937.5,1.3773
,
airflow(m/s),7.64
,
,
,
0,1336.4424
,
62.5,939.1539
,
125,59.7348
,
187.5,92.8524
,
250,128.8719
,
312.5,85.2971
,
375,16.7573
,
437.5,59.5673
,
500,21.4093
,
562.5,19.9297
,
625,4.5912
,
687.5,45.5959
,
750,17.6535
,
812.5,22.5366
,
875,17.5141
,
937.5,20.6195
,
1000,14.6919
,
1062.5,8.0452
,
1125,36.052
,
1187.5,11.8786
,
1250,14.5205
,
1312.5,38.9539
,
1375,21.6376
,
1437.5,25.9921
,
1500,14.283
,
1562.5,17.9059
,
1625,4.7697
,
1687.5,10.6769
,
1750,12.7202
,
1812.5,6.0801
,
1875,9.5936
,
1937.5,7.7031
,
2000,2.5671
,
2062.5,12.1611
,
2125,11.1186
,
2187.5,4.3283
,
2250,4.17
,
2312.5,10.0708
,
2375,2.3906
,
2437.5,11.2761
,
2500,4.6179
,
2562.5,11.1295
,
2625,6.9075
,
2687.5,10.8222
,
2750,3.0635
,
2812.5,9.763
,
2875,10.2534
,
2937.5,2.4866
,
3000,4.1149
,
3062.5,5.2627
,
3125,3.5943
,
3187.5,6.1036
,
3250,6.0534
,
3312.5,3.769
,
3375,9.318
,
3437.5,3.7133
,
3500,10.8126
,
3562.5,4.0737
,
3625,8.6396
,
3687.5,2.7632
,
3750,8.4329
,
3812.5,4.348
,
3875,3.9927
,
3937.5,3.0234
,
4000,6.2142
,
4062.5,3.0107
,
4125,3.0655
,
4187.5,8.072
,
4250,5.0656
,
4312.5,4.4635
,
4375,8.1497
,
4437.5,4.3651
,
4500,8.1795
,
4562.5,13.8875
,
4625,6.3874
,
4687.5,7.4317
,
4750,3.9307
,
4812.5,2.6501
,
4875,4.1621
,
4937.5,2.7596
,
5000,2.0574
,
5062.5,7.1569
,
5125,0.4254
,
5187.5,4.7427
,
5250,8.6966
,
5312.5,0.1181
,
5375,4.0873
,
5437.5,2.2814
,
5500,4.191
,
5562.5,6.3004
,
5625,14.7085
,
5687.5,12.3845
,
5750,10.9149
,
5812.5,6.7571
,
5875,9.3989
,
5937.5,8.591
,
6000,1.8244
,
6062.5,9.2621
,
6125,1.2074
,
6187.5,5.7259
,
6250,7.5386
,
6312.5,1.4808
,
6375,6.4736
,
6437.5,0.7532
,
6500,6.1239
,
6562.5,8.2395
,
6625,6.8771
,
6687.5,1.289
,
6750,1.807
,
6812.5,4.4212
,
6875,2.7284
,
6937.5,6.3815
,
7000,5.3928
,
7062.5,5.1543
,
7125,9.4203
,
7187.5,4.6325
,
7250,4.547
,
7312.5,7.0262
,
7375,4.3011
,
7437.5,5.2477
,
7500,1.0406
,
7562.5,3.5516
,
7625,4.215
,
7687.5,8.4084
,
7750,2.4593
,
7812.5,7.6764
,
7875,1.861
,
7937.5,1.4471
,
airflow(m/s),7.77
,
,
,
0,2349.8708
,
62.5,1183.9102
,
125,157.6689
,
187.5,121.4701
,
250,153.6199
,
312.5,108.7104
,
375,11.6737
,
437.5,52.0595
,
500,43.8797
,
562.5,58.4612
,
625,21.6072
,
687.5,8.2035
,
750,12.2772
,
812.5,6.7899
,
875,9.0879
,
937.5,16.2303
,
1000,16.0357
,
1062.5,17.5906
,
1125,11.5998
,
1187.5,13.6175
,
1250,35.386
,
1312.5,28.9391
,
1375,17.2563
,
1437.5,10.5477
,
1500,27.5977
,
1562.5,16.471
,
1625,13.7479
,
1687.5,3.8632
,
1750,1.7516
,
1812.5,8.6182
,
1875,1.3022
,
1937.5,6.4526
,
2000,9.7674
,
2062.5,9.5491
,
2125,9.8475
,
2187.5,7.13
,
2250,10.2572
,
2312.5,4.0872
,
2375,4.7734
,
2437.5,8.3135
,
2500,15.5562
,
2562.5,18.5705
,
2625,8.6252
,
2687.5,9.1833
,
2750,11.749
,
2812.5,11.8121
,
2875,3.3441
,
2937.5,4.7592
,
3000,6.9102
,
3062.5,1.7679
,
3125,5.2433
,
3187.5,15.0303
,
3250,11.0517
,
3312.5,7.2592
,
3375,7.8399
,
3437.5,8.8603
,
3500,6.1482
,
3562.5,4.618
,
3625,3.7898
,
3687.5,3.7421
,
3750,9.2721
,
3812.5,6.9543
,
3875,9.9474
,
3937.5,14.065
,
4000,6.4215
,
4062.5,5.3697
,
4125,4.8318
,
4187.5,4.0762
,
4250,3.5602
,
4312.5,9.4839
,
4375,8.4836
,
4437.5,8.8305
,
4500,4.2116
,
4562.5,6.3521
,
4625,12.1608
,
4687.5,13.7508
,
4750,12.5996
,
4812.5,1.7003
,
4875,2.3283
,
4937.5,1.3663
,
5000,2.4529
,
5062.5,10.7864
,
5125,13.4158
,
5187.5,14.8032
,
5250,5.7903
,
5312.5,5.7671
,
5375,1.5366
,
5437.5,4.68
,
5500,2.1017
,
5562.5,4.707
,
5625,6.4646
,
5687.5,11.5199
,
5750,8.7426
,
5812.5,7.0253
,
5875,7.2577
,
5937.5,1.349
,
6000,9.3856
,
6062.5,9.9228
,
6125,8.3685
,
6187.5,2.2156
,
6250,3.6238
,
6312.5,6.04
,
6375,0.9512
,
6437.5,1.459
,
6500,2.8562
,
6562.5,2.6588
,
6625,6.2047
,
6687.5,10.3486
,
6750,9.7305
,
6812.5,4.1434
,
6875,0.839
,
6937.5,4.3144
,
7000,3.2357
,
7062.5,4.7881
,
7125,5.9635
,
7187.5,3.7753
,
7250,6.2052
,
7312.5,2.4384
,
7375,2.2016
,
7437.5,4.8025
,
7500,6.0263
,
7562.5,11.6074
,
7625,10.1389
,
7687.5,1.8488
,
7750,6.5854
,
7812.5,5.6022
,
7875,4.8714
,
7937.5,5.7869
,
airflow(m/s),7.77
,
,
,
0,4044.3047
,
62.5,2013.7594
,
125,504.0075
,
187.5,308.6051
,
250,68.0292
,
312.5,75.9503
,
375,41.3619
,
437.5,6.3197
,
500,48.2716
,
562.5,32.6556
,
625,43.1229
,
687.5,54.9699
,
750,26.6128
,
812.5,24.0802
,
875,16.8319
,
937.5,19.3268
,
1000,17.1066
,
1062.5,10.234
,
1125,22.7568
,
1187.5,16.8173
,
1250,5.7968
,
1312.5,5.2825
,
1375,26.2991
,
1437.5,8.0334
,
1500,9.1651
,
1562.5,6.7434
,
1625,10.7386
,
1687.5,7.327
,
1750,13.4723
,
1812.5,14.4277
,
1875,6.8958
,
1937.5,10.9568
,
2000,11.9161
,
2062.5,4.3918
,
2125,8.7976
,
2187.5,3.8587
,
2250,16.8457
,
2312.5,6.3018
,
2375,4.806
,
2437.5,6.2903
,
2500,14.5492
,
2562.5,13.0623
,
2625,15.7275
,
2687.5,12.1937
,
2750,7.3717
,
2812.5,5.1362
,
2875,12.4526
,
2937.5,9.6563
,
3000,7.2261
,
3062.5,2.9331
,
3125,7.8847
,
3187.5,7.2804
,
3250,13.8504
,
3312.5,9.3658
,
3375,15.9111
,
3437.5,3.1882
,
3500,4.0681
,
3562.5,10.8926
,
3625,17.038
,
3687.5,8.7061
,
3750,10.1491
,
3812.5,13.5339
,
3875,10.5868
,
3937.5,13.7784
,
4000,8.0513
,
4062.5,13.7187
,
4125,11.4114
,
4187.5,12.2397
,
4250,10.5792
,
4312.5,6.2893
,
4375,3.5311
,
4437.5,8.3616
,
4500,1.3702
,
4562.5,8.7065
,
4625,7.2115
,
4687.5,7.5173
,
4750,10.5221
,
4812.5,12.9186
,
4875,10.3978
,
4937.5,2.7017
,
5000,9.0004
,
5062.5,3.7236
,
5125,3.3647
,
5187.5,7.8366
,
5250,6.1821
,
5312.5,2.0291
,
5375,3.2725
,
5437.5,7.0629
,
5500,5.8012
,
5562.5,5.7355
,
5625,9.0787
,
5687.5,1.6519
,
5750,10.9624
,
5812.5,6.7716
,
5875,12.5386
,
5937.5,13.9502
,
6000,7.963
,
6062.5,9.3441
,
6125,11.4374
,
6187.5,13.4587
,
6250,5.2012
,
6312.5,1.3498
,
6375,11.7577
,
6437.5,9.6139
,
6500,3.2499
,
6562.5,8.6073
,
6625,11.0422
,
6687.5,4.5569
,
6750,1.3784
,
6812.5,6.2374
,
6875,4.8876
,
6937.5,3.7836
,
7000,3.4501
,
7062.5,9.2855
,
7125,7.1598
,
7187.5,1.1754
,
7250,8.5018
,
7312.5,7.2761
,
7375,6.6769
,
7437.5,7.7512
,
7500,2.6565
,
7562.5,1.2045
,
7625,8.1204
,
7687.5,8.8973
,
7750,7.0325
,
7812.5,10.1365
,
7875,9.1126
,
7937.5,8.2542
,
airflow(m/s),8.03
,
,
,
0,2514.1762
,
62.5,1515.717
,
125,196.2407
,
187.5,65.2334
,
250,74.9018
,
312.5,49.7664
,
375,27.3098
,
437.5,33.8564
,
500,51.0598
,
562.5,24.7092
,
625,38.7742
,
687.5,29.3767
,
750,21.8084
,
812.5,15.9409
,
875,8.9618
,
937.5,12.271
,
1000,21.0391
,
1062.5,9.1649
,
1125,38.6588
,
1187.5,22.1148
,
1250,12.8201
,
1312.5,7.7728
,
1375,21.1725
,
1437.5,12.9637
,
1500,18.0144
,
1562.5,12.8077
,
1625,15.0418
,
1687.5,22.6831
,
1750,4.7643
,
1812.5,13.2506
,
1875,10.3293
,
1937.5,6.2031
,
2000,15.8216
,
2062.5,19.6942
,
2125,16.0128
,
2187.5,13.2318
,
2250,2.6976
,
2312.5,8.8642
,
2375,7.6682
,
2437.5,11.7523
,
2500,13.1783
,
2562.5,7.3043
,
2625,13.2658
,
2687.5,3.0212
,
2750,14.5825
,
2812.5,12.2297
,
2875,20.3556
,
2937.5,1.515
,
3000,8.1088
,
3062.5,6.4791
,
3125,12.9516
,
3187.5,5.1199
,
3250,5.4049
,
3312.5,6.4973
,
3375,4.7827
,
3437.5,7.3928
,
3500,1.3892
,
3562.5,4.1035
,
3625,8.851
,
3687.5,2.0043
,
3750,6.6407
,
3812.5,12.6324
,
3875,7.1861
,
3937.5,6.7074
,
4000,10.7195
,
4062.5,11.1585
,
4125,14.9713
,
4187.5,13.2223
,
4250,13.3641
,
4312.5,4.5771
,
4375,8.9825
,
4437.5,4.6701
,
4500,14.9283
,
4562.5,24.7833
,
4625,20.1465
,
4687.5,24.8424
,
4750,18.8223
,
4812.5,20.297
,
4875,16.3318
,
4937.5,5.9086
,
5000,4.9625
,
5062.5,7.8305
,
5125,16.6498
,
5187.5,22.8585
,
5250,17.1558
,
5312.5,10.456
,
5375,5.9249
,
5437.5,4.1956
,
5500,16.2274
,
5562.5,19.3644
,
5625,12.3336
,
5687.5,2.7431
,
5750,14.779
,
5812.5,12.1034
,
5875,2.127
,
5937.5,9.5575
,
6000,5.6969
,
6062.5,11.7666
,
6125,16.6311
,
6187.5,12.3394
,
6250,6.0232
,
6312.5,6.1155
,
6375,4.408
,
6437.5,2.8107
,
6500,16.2175
,
6562.5,13.9004
,
6625,10.4262
,
6687.5,5.9401
,
6750,5.3461
,
6812.5,3.3553
,
6875,8.8304
,
6937.5,12.6497
,
7000,6.8766
,
7062.5,2.387
,
7125,5.6717
,
7187.5,4.6097
,
7250,3.0428
,
7312.5,7.4697
,
7375,0.475
,
7437.5,1.3775
,
7500,5.7792
,
7562.5,9.5995
,
7625,4.3712
,
7687.5,4.7045
,
7750,8.2446
,
7812.5,10.4627
,
7875,11.8362
,
7937.5,6.5272
,
airflow(m/s),8.03
,
,
,
0,2400.3885
,
62.5,1399.9513
,
125,270.4126
,
187.5,33.6277
,
250,18.3567
,
312.5,57.6042
,
375,50.5425
,
437.5,45.6092
,
500,64.4578
,
562.5,27.9232
,
625,23.0525
,
687.5,14.1403
,
750,22.7391
,
812.5,9.2661
,
875,21.9176
,
937.5,12.1099
,
1000,7.5322
,
1062.5,7.7151
,
1125,17.9138
,
1187.5,28.4953
,
1250,28.158
,
1312.5,18.7548
,
1375,21.8868
,
1437.5,15.6732
,
1500,14.4311
,
1562.5,6.7642
,
1625,11.6869
,
1687.5,4.6814
,
1750,5.8625
,
1812.5,13.0382
,
1875,10.7705
,
1937.5,16.6508
,
2000,6.9817
,
2062.5,7.2316
,
2125,10.1022
,
2187.5,2.8903
,
2250,13.5673
,
2312.5,5.5216
,
2375,8.2245
,
2437.5,6.9014
,
2500,1.5143
,
2562.5,11.4274
,
2625,5.7178
,
2687.5,10.6731
,
2750,0.7214
,
2812.5,5.0902
,
2875,12.0739
,
2937.5,1.9471
,
3000,3.2505
,
3062.5,4.5522
,
3125,10.7957
,
3187.5,2.9476
,
3250,7.4991
,
3312.5,4.2444
,
3375,7.4777
,
3437.5,3.5119
,
3500,3.1606
,
3562.5,14.2918
,
3625,9.5949
,
3687.5,11.0423
,
3750,14.3845
,
3812.5,10.7437
,
3875,6.8523
,
3937.5,6.8722
,
4000,8.6826
,
4062.5,3.3515
,
4125,3.8067
,
4187.5,7.0894
,
4250,1.2019
,
4312.5,8.2913
,
4375,6.2505
,
4437.5,8.6354
,
4500,9.0734
,
4562.5,8.8328
,
4625,13.5634
,
4687.5,5.8852
,
4750,5.1319
,
4812.5,17.9208
,
4875,4.8094
,
4937.5,11.0914
,
5000,7.8642
,
5062.5,4.3755
,
5125,4.9492
,
5187.5,4.3574
,
5250,10.7973
,
5312.5,9.5707
,
5375,12.573
,
5437.5,8.4579
,
5500,5.3949
,
5562.5,2.3404
,
5625,4.8044
,
5687.5,6.322
,
5750,2.689
,
5812.5,4.2847
,
5875,5.3052
,
5937.5,6.3446
,
6000,3.6345
,
6062.5,3.8606
,
6125,10.0953
,
6187.5,4.5867
,
6250,7.9689
,
6312.5,5.2048
,
6375,7.7733
,
6437.5,5.456
,
6500,5.0787
,
6562.5,6.8582
,
6625,4.0949
,
6687.5,7.1264
,
6750,1.2549
,
6812.5,6.6597
,
6875,7.1129
,
6937.5,4.1005
,
7000,7.5891
,
7062.5,1.3742
,
7125,7.9005
,
7187.5,2.9308
,
7250,3.9835
,
7312.5,7.6089
,
7375,8.3642
,
7437.5,4.3583
,
7500,7.6314
,
7562.5,5.1184
,
7625,3.6027
,
7687.5,6.5635
,
7750,3.3045
,
7812.5,8.2071
,
7875,1.4808
,
7937.5,3.8068
,
airflow(m/s),7.77
,
,
,
0,524.132
,
62.5,524.079
,
125,705.5123
,
187.5,243.6752
,
250,19.5901
,
312.5,9.5912
,
375,13.9766
,
437.5,46.4782
,
500,26.7736
,
562.5,6.0839
,
625,28.7456
,
687.5,32.9933
,
750,12.6059
,
812.5,4.4511
,
875,2.7833
,
937.5,4.9558
,
1000,9.5513
,
1062.5,10.6109
,
1125,26.0459
,
1187.5,39.5589
,
1250,19.9041
,
1312.5,6.4031
,
1375,8.9788
,
1437.5,6.3398
,
1500,4.2663
,
1562.5,4.597
,
1625,9.3942
,
1687.5,6.6677
,
1750,10.2461
,
1812.5,13.0874
,
1875,11.0761
,
1937.5,12.712
,
2000,12.1179
,
2062.5,8.3818
,
2125,15.7199
,
2187.5,16.0153
,
2250,7.3669
,
2312.5,8.1397
,
2375,11.0858
,
2437.5,5.6981
,
2500,9.4985
,
2562.5,1.406
,
2625,6.3232
,
2687.5,5.5215
,
2750,1.0497
,
2812.5,3.9005
,
2875,6.2566
,
2937.5,6.571
,
3000,9.6893
,
3062.5,14.6162
,
3125,10.9977
,
3187.5,12.7604
,
3250,7.0639
,
3312.5,6.4301
,
3375,7.7176
,
3437.5,4.8028
,
3500,7.1757
,
3562.5,5.2694
,
3625,6.0825
,
3687.5,10.4567
,
3750,8.1394
,
3812.5,2.2946
,
3875,4.2228
,
3937.5,4.8916
,
4000,3.8331
,
4062.5,4.6585
,
4125,1.9291
,
4187.5,4.8873
,
4250,6.3167
,
4312.5,7.0733
,
4375,6.1853
,
4437.5,3.71
,
4500,1.3988
,
4562.5,5.1837
,
4625,4.0795
,
4687.5,8.5604
,
4750,10.6399
,
4812.5,4.5077
,
4875,0.6737
,
4937.5,0.9072
,
5000,3.2773
,
5062.5,2.5862
,
5125,0.6805
,
5187.5,2.1951
,
5250,4.9112
,
5312.5,5.9071
,
5375,2.3912
,
5437.5,5.9152
,
5500,6.8232
,
5562.5,7.2923
,
5625,7.2466
,
5687.5,3.9859
,
5750,1.3033
,
5812.5,2.7717
,
5875,4.9773
,
5937.5,5.3544
,
6000,4.1295
,
6062.5,5.8132
,
6125,8.858
,
6187.5,3.8703
,
6250,4.9993
,
6312.5,7.4616
,
6375,8.0338
,
6437.5,6.1895
,
6500,11.3188
,
6562.5,12.7339
,
6625,7.5372
,
6687.5,7.5359
,
6750,4.8871
,
6812.5,2.7387
,
6875,4.9939
,
6937.5,3.8188
,
7000,2.6231
,
7062.5,1.921
,
7125,4.215
,
7187.5,0.415
,
7250,5.0778
,
7312.5,3.8831
,
7375,3.4953
,
7437.5,4.3583
,
7500,9.5949
,
7562.5,7.4939
,
7625,1.7445
,
7687.5,2.9826
,
7750,4.8053
,
7812.5,4.3293
,
7875,6.1815
,
7937.5,2.3659
,
airflow(m/s),7.77
,
,
,
0,2567.1969
,
62.5,1200.266
,
125,283.0484
,
187.5,105.1827
,
250,133.0158
,
312.5,54.7031
,
375,16.4331
,
437.5,33.6083
,
500,13.6094
,
562.5,17.1239
,
625,14.4568
,
687.5,3.0182
,
750,7.4238
,
812.5,13.8678
,
875,16.638
,
937.5,18.8774
,
1000,18.3838
,
1062.5,25.0758
,
1125,25.3391
,
1187.5,2.5425
,
1250,13.4019
,
1312.5,13.4839
,
1375,6.9301
,
1437.5,17.9072
,
1500,15.3148
,
1562.5,5.4198
,
1625,6.2985
,
1687.5,13.6031
,
1750,12.1001
,
1812.5,10.5146
,
1875,3.6152
,
1937.5,3.5176
,
2000,6.901
,
2062.5,8.6428
,
2125,5.5695
,
2187.5,0.3655
,
2250,3.7548
,
2312.5,1.0386
,
2375,5.6861
,
2437.5,4.9371
,
2500,11.7946
,
2562.5,11.2025
,
2625,2.6218
,
2687.5,10.7195
,
2750,9.4764
,
2812.5,7.6633
,
2875,4.4349
,
2937.5,1.734
,
3000,4.9819
,
3062.5,1.505
,
3125,2.795
,
3187.5,5.6666
,
3250,6.0342
,
3312.5,6.9022
,
3375,4.55
,
3437.5,8.2325
,
3500,3.8024
,
3562.5,2.8118
,
3625,4.7473
,
3687.5,3.2771
,
3750,4.4385
,
3812.5,5.513
,
3875,6.686
,
3937.5,8.4111
,
4000,5.408
,
4062.5,3.0114
,
4125,4.1704
,
4187.5,2.0559
,
4250,6.4943
,
4312.5,6.8747
,
4375,2.0529
,
4437.5,5.5834
,
4500,2.3932
,
4562.5,3.4138
,
4625,1.1365
,
4687.5,0.7714
,
4750,2.5041
,
4812.5,5.7452
,
4875,4.917
,
4937.5,1.1153
,
5000,4.213
,
5062.5,7.991
,
5125,9.2615
,
5187.5,3.9633
,
5250,4.8946
,
5312.5,6.2992
,
5375,8.824
,
5437.5,11.3923
,
5500,9.859
,
5562.5,3.3066
,
5625,5.5759
,
5687.5,1.8872
,
5750,6.6237
,
5812.5,7.8625
,
5875,3.2512
,
5937.5,3.1092
,
6000,4.5126
,
6062.5,3.9752
,
6125,7.7826
,
6187.5,6.4825
,
6250,3.2606
,
6312.5,4.2071
,
6375,7.1854
,
6437.5,4.8702
,
6500,3.5215
,
6562.5,4.0944
,
6625,3.2451
,
6687.5,3.4821
,
6750,5.9454
,
6812.5,5.8226
,
6875,9.6782
,
6937.5,5.8877
,
7000,5.4273
,
7062.5,6.7675
,
7125,6.5541
,
7187.5,6.7927
,
7250,6.6535
,
7312.5,11.5705
,
7375,8.0187
,
7437.5,1.736
,
7500,3.5916
,
7562.5,7.2666
,
7625,2.956
,
7687.5,3.2692
,
7750,7.1535
,
7812.5,4.7634
,
7875,3.7614
,
7937.5,2.7319
,
airflow(m/s),8.03
,
,
,
0,2459.7706
,
62.5,1478.3146
,
125,641.4381
,
187.5,198.6314
,
250,44.244
,
312.5,68.4261
,
375,37.8397
,
437.5,36.2616
,
500,30.3642
,
562.5,19.3157
,
625,28.9135
,
687.5,10.954
,
750,10.0697
,
812.5,21.9573
,
875,15.7978
,
937.5,10.7047
,
1000,6.3594
,
1062.5,4.5548
,
1125,4.7175
,
1187.5,8.3302
,
1250,7.3014
,
1312.5,8.2304
,
1375,2.8034
,
1437.5,10.425
,
1500,2.0459
,
1562.5,1.2961
,
1625,3.3158
,
1687.5,8.9349
,
1750,7.5765
,
1812.5,0.8896
,
1875,9.8238
,
1937.5,11.8515
,
2000,13.0304
,
2062.5,4.8716
,
2125,1.2442
,
2187.5,12.3422
,
2250,20.0559
,
2312.5,11.9777
,
2375,6.0001
,
2437.5,16.1912
,
2500,13.0286
,
2562.5,6.6834
,
2625,3.7484
,
2687.5,2.2113
,
2750,6.4996
,
2812.5,8.5371
,
2875,10.757
,
2937.5,12.9523
,
3000,8.0027
,
3062.5,5.0144
,
3125,7.6765
,
3187.5,7.7643
,
3250,9.35
,
3312.5,2.5597
,
3375,1.8767
,
3437.5,8.1646
,
3500,3.551
,
3562.5,0.1774
,
3625,3.7219
,
3687.5,5.6776
,
3750,3.5277
,
3812.5,1.2207
,
3875,1.5953
,
3937.5,5.7872
,
4000,4.751
,
4062.5,5.5349
,
4125,1.7977
,
4187.5,7.2497
,
4250,8.6585
,
4312.5,4.3084
,
4375,5.8849
,
4437.5,2.9283
,
4500,2.418
,
4562.5,5.7227
,
4625,10.3678
,
4687.5,5.9268
,
4750,3.2067
,
4812.5,5.5103
,
4875,2.0737
,
4937.5,4.3999
,
5000,6.3155
,
5062.5,2.5169
,
5125,9.0903
,
5187.5,8.6408
,
5250,1.8934
,
5312.5,2.9505
,
5375,2.5037
,
5437.5,6.1377
,
5500,0.7964
,
5562.5,6.3668
,
5625,2.4554
,
5687.5,0.5726
,
5750,1.6872
,
5812.5,0.6297
,
5875,1.6124
,
5937.5,2.6875
,
6000,5.8323
,
6062.5,2.687
,
6125,4.0836
,
6187.5,8.8907
,
6250,4.6319
,
6312.5,6.6915
,
6375,6.1712
,
6437.5,4.6804
,
6500,2.6984
,
6562.5,0.7966
,
6625,0.3499
,
6687.5,4.9216
,
6750,4.5269
,
6812.5,4.0189
,
6875,4.6209
,
6937.5,2.8574
,
7000,5.8287
,
7062.5,1.1147
,
7125,6.1671
,
7187.5,7.1001
,
7250,4.1615
,
7312.5,4.9009
,
7375,9.5267
,
7437.5,6.9477
,
7500,2.5274
,
7562.5,3.0194
,
7625,5.2985
,
7687.5,2.562
,
7750,2.6753
,
7812.5,5.0357
,
7875,7.1347
,
7937.5,5.8245
,
airflow(m/s),8.17