0,19248.3323
,
62.5,9829.0128
,
125,17294.6556
,
187.5,14766.3269
,
250,7920.4611
,
312.5,1571.8099
,
375,1152.0222
,
437.5,906.2108
,
500,272.091
,
562.5,496.3344
,
625,402.0323
,
687.5,219.8602
,
750,53.1388
,
812.5,64.0638
,
875,17.5985
,
937.5,80.7939
,
1000,10.7722
,
1062.5,45.6629
,
1125,30.7025
,
1187.5,26.1752
,
1250,34.35
,
1312.5,27.3742
,
1375,25.0425
,
1437.5,36.9404
,
1500,13.7783
,
1562.5,26.9915
,
1625,26.4885
,
1687.5,14.4382
,
1750,24.9921
,
1812.5,18.6539
,
1875,18.1636
,
1937.5,18.0691
,
2000,21.4537
,
2062.5,17.7905
,
2125,14.7596
,
2187.5,17.7563
,
2250,14.9136
,
2312.5,15.311
,
2375,10.7097
,
2437.5,23.3444
,
2500,4.0403
,
2562.5,23.2077
,
2625,7.7937
,
2687.5,14.4639
,
2750,8.9602
,
2812.5,19.5637
,
2875,7.4812
,
2937.5,21.7207
,
3000,12.1614
,
3062.5,5.2364
,
3125,15.0995
,
3187.5,11.2213
,
3250,13.2546
,
3312.5,10.7657
,
3375,11.0891
,
3437.5,6.7603
,
3500,14.5598
,
3562.5,14.6475
,
3625,7.0166
,
3687.5,13.6618
,
3750,8.42
,
3812.5,7.3294
,
3875,15.5147
,
3937.5,13.3277
,
4000,7.8286
,
4062.5,11.2055
,
4125,9.8437
,
4187.5,10.2523
,
4250,2.0644
,
4312.5,11.3707
,
4375,11.8016
,
4437.5,7.9251
,
4500,13.3842
,
4562.5,6.6426
,
4625,12.2816
,
4687.5,9.8929
,
4750,6.7765
,
4812.5,4.9543
,
4875,12.6756
,
4937.5,10.6414
,
5000,4.0965
,
5062.5,8.2715
,
5125,9.3005
,
5187.5,3.3601
,
5250,12.5828
,
5312.5,6.6022
,
5375,13.5413
,
5437.5,4.3406
,
5500,11.8997
,
5562.5,2.2559
,
5625,14.1195
,
5687.5,6.358
,
5750,8.4982
,
5812.5,3.0583
,
5875,10.1953
,
5937.5,6.6342
,
6000,5.5077
,
6062.5,7.1314
,
6125,5.0385
,
6187.5,6.7761
,
6250,11.8634
,
6312.5,0.9143
,
6375,12.3986
,
6437.5,4.5165
,
6500,10.2964
,
6562.5,5.5075
,
6625,9.7045
,
6687.5,15.8668
,
6750,6.4862
,
6812.5,6.3239
,
6875,9.4812
,
6937.5,7.6273
,
7000,4.857
,
7062.5,4.6007
,
7125,12.5742
,
7187.5,3.5725
,
7250,11.1417
,
7312.5,8.1293
,
7375,1.8263
,
7437.5,5.6161
,
7500,13.5907
,
7562.5,4.2585
,
7625,6.3028
,
7687.5,13.8359
,
7750,0.8729
,
7812.5,10.8214
,
7875,7.0426
,
7937.5,12.2076
,
airflow(m/s),20.82
,
,
,
0,2533.137
,
62.5,2013.572
,
125,5797.4551
,
187.5,4056.8648
,
250,2855.3758
,
312.5,710.3063
,
375,546.9445
,
437.5,280.9531
,
500,969.7129
,
562.5,208.6862
,
625,202.3798
,
687.5,40.4297
,
750,63.4039
,
812.5,86.4892
,
875,73.5451
,
937.5,53.379
,
1000,95.7102
,
1062.5,50.0516
,
1125,53.0575
,
1187.5,51.7973
,
1250,36.2
,
1312.5,53.8967
,
1375,46.539
,
1437.5,42.2708
,
1500,51.239
,
1562.5,39.4504
,
1625,32.3046
,
1687.5,39.5816
,
1750,35.3743
,
1812.5,29.2073
,
1875,35.4246
,
1937.5,34.0953
,
2000,34.0984
,
2062.5,26.6695
,
2125,32.1585
,
2187.5,32.7861
,
2250,17.8196
,
2312.5,33.123
,
2375,24.5307
,
2437.5,26.3967
,
2500,29.626
,
2562.5,22.5523
,
2625,26.8394
,
2687.5,30.0099
,
2750,24.9703
,
2812.5,19.0199
,
2875,21.519
,
2937.5,27.7988
,
3000,16.0868
,
3062.5,26.2062
,
3125,19.5494
,
3187.5,25.7651
,
3250,11.6966
,
3312.5,26.6887
,
3375,16.0694
,
3437.5,19.8956
,
3500,25.3124
,
3562.5,16.4429
,
3625,17.7918
,
3687.5,22.5636
,
3750,14.7683
,
3812.5,22.6149
,
3875,20.5272
,
3937.5,14.4615
,
4000,19.5791
,
4062.5,17.0241
,
4125,15.4902
,
4187.5,23.153
,
4250,13.2351
,
4312.5,17.474
,
4375,14.4631
,
4437.5,19.7469
,
4500,16.1555
,
4562.5,17.0668
,
4625,14.5229
,
4687.5,16.0032
,
4750,16.7672
,
4812.5,14.5886
,
4875,14.1098
,
4937.5,15.7729
,
5000,18.641
,
5062.5,12.3936
,
5125,17.7174
,
5187.5,9.3001
,
5250,12.6109
,
5312.5,17.8964
,
5375,16.0924
,
5437.5,10.1159
,
5500,14.515
,
5562.5,15.9929
,
5625,6.645
,
5687.5,22.686
,
5750,6.7577
,
5812.5,18.6987
,
5875,6.3445
,
5937.5,20.2322
,
6000,13.1372
,
6062.5,14.6612
,
6125,15.311
,
6187.5,11.7041
,
6250,8.0852
,
6312.5,18.6082
,
6375,12.5723
,
6437.5,7.2675
,
6500,20.3239
,
6562.5,9.4058
,
6625,12.0368
,
6687.5,19.7952
,
6750,8.5852
,
6812.5,16.685
,
6875,12.2802
,
6937.5,12.2751
,
7000,16.169
,
7062.5,13.5738
,
7125,5.6549
,
7187.5,19.649
,
7250,7.8304
,
7312.5,16.0351
,
7375,13.1746
,
7437.5,10.3801
,
7500,11.2907
,
7562.5,19.6468
,
7625,8.6075
,
7687.5,16.5603
,
7750,8.614
,
7812.5,8.9952
,
7875,18.7976
,
7937.5,3.9226
,
airflow(m/s),19.79
,
,
,
0,9654.5052
,
62.5,9931.3925
,
125,8878.5077
,
187.5,5725.9325
,
250,5667.5958
,
312.5,1721.62
,
375,669.5736
,
437.5,1044.2963
,
500,632.6523
,
562.5,594.2708
,
625,643.8253
,
687.5,224.7685
,
750,411.1696
,
812.5,356.4566
,
875,172.142
,
937.5,125.0044
,
1000,124.3498
,
1062.5,120.4825
,
1125,44.337
,
1187.5,75.7027
,
1250,44.2523
,
1312.5,8.7771
,
1375,31.4709
,
1437.5,7.467
,
1500,59.3643
,
1562.5,45.1806
,
1625,9.2176
,
1687.5,23.358
,
1750,30.4256
,
1812.5,21.6724
,
1875,14.6651
,
1937.5,18.5343
,
2000,26.8185
,
2062.5,15.8271
,
2125,13.9951
,
2187.5,19.7609
,
2250,20.042
,
2312.5,18.3379
,
2375,14.8892
,
2437.5,14.5626
,
2500,20.8487
,
2562.5,7.9778
,
2625,20.5415
,
2687.5,17.0484
,
2750,24.0674
,
2812.5,3.7547
,
2875,18.1783
,
2937.5,15.6765
,
3000,10.9388
,
3062.5,12.5549
,
3125,8.5927
,
3187.5,9.5798
,
3250,8.3758
,
3312.5,18.5517
,
3375,7.2157
,
3437.5,10.2694
,
3500,8.2093
,
3562.5,16.4351
,
3625,8.894
,
3687.5,11.4682
,
3750,13.239
,
3812.5,6.7525
,
3875,12.2561
,
3937.5,10.9478
,
4000,7.0548
,
4062.5,9.1929
,
4125,13.7481
,
4187.5,7.832
,
4250,5.1012
,
4312.5,13.7827
,
4375,7.397
,
4437.5,7.2668
,
4500,10.8863
,
4562.5,9.1743
,
4625,6.2522
,
4687.5,16.6269
,
4750,3.45
,
4812.5,16.0692
,
4875,6.4513
,
4937.5,8.0621
,
5000,9.8151
,
5062.5,9.6209
,
5125,11.299
,
5187.5,10.1714
,
5250,3.8514
,
5312.5,7.843
,
5375,9.4764
,
5437.5,4.9686
,
5500,10.2249
,
5562.5,9.1947
,
5625,0.9671
,
5687.5,10.1978
,
5750,10.079
,
5812.5,5.1225
,
5875,5.981
,
5937.5,15.6691
,
6000,10.0691
,
6062.5,11.16
,
6125,4.0104
,
6187.5,9.158
,
6250,8.1512
,
6312.5,6.4993
,
6375,9.6425
,
6437.5,5.4738
,
6500,9.5888
,
6562.5,6.1988
,
6625,10.7346
,
6687.5,9.1649
,
6750,6.5742
,
6812.5,3.6472
,
6875,11.9355
,
6937.5,8.2546
,
7000,10.6611
,
7062.5,5.6982
,
7125,6.8304
,
7187.5,6.9283
,
7250,7.3255
,
7312.5,10.4151
,
7375,2.098
,
7437.5,7.9336
,
7500,8.798
,
7562.5,4.0135
,
7625,11.6368
,
7687.5,1.2986
,
7750,8.2968
,
7812.5,10.2131
,
7875,7.6879
,
7937.5,4.9564
,
airflow(m/s),20.04
,
,
,
0,4054.7186
,
62.5,5923.195
,
125,5584.8184
,
187.5,3766.7982
,
250,4895.5943
,
312.5,1060.9313
,
375,1123.0142
,
437.5,1673.5921
,
500,1915.7311
,
562.5,711.5555
,
625,470.8046
,
687.5,623.508
,
750,354.9245
,
812.5,339.0817
,
875,125.7385
,
937.5,91.5521
,
1000,71.082
,
1062.5,30.8201
,
1125,82.2013
,
1187.5,74.4822
,
1250,82.0356
,
1312.5,16.5414
,
1375,96.6347
,
1437.5,27.0298
,
1500,47.5821
,
1562.5,50.7133
,
1625,41.7644
,
1687.5,27.2163
,
1750,41.9724
,
1812.5,41.9814
,
1875,37.2735
,
1937.5,26.8887
,
2000,41.3219
,
2062.5,30.9556
,
2125,31.4959
,
2187.5,27.3047
,
2250,32.8772
,
2312.5,28.7053
,
2375,29.0831
,
2437.5,25.404
,
2500,37.5163
,
2562.5,16.6206
,
2625,33.5161
,
2687.5,15.8688
,
2750,24.8303
,
2812.5,25.0752
,
2875,24.3462
,
2937.5,26.6926
,
3000,18.1374
,
3062.5,25.3974
,
3125,22.3682
,
3187.5,21.0065
,
3250,22.1949
,
3312.5,21.7235
,
3375,19.6629
,
3437.5,22.7338
,
3500,23.566
,
3562.5,15.6975
,
3625,20.7376
,
3687.5,24.2121
,
3750,14.3527
,
3812.5,20.188
,
3875,15.7552
,
3937.5,23.3596
,
4000,16.9346
,
4062.5,15.2953
,
4125,18.5312
,
4187.5,19.4247
,
4250,17.4646
,
4312.5,22.6127
,
4375,8.4664
,
4437.5,20.7163
,
4500,17.8778
,
4562.5,14.2532
,
4625,20.8952
,
4687.5,18.5618
,
4750,17.2034
,
4812.5,9.6095
,
4875,24.715
,
4937.5,12.912
,
5000,14.0137
,
5062.5,19.5751
,
5125,16.8895
,
5187.5,14.7908
,
5250,12.1642
,
5312.5,19.8803
,
5375,11.183
,
5437.5,16.151
,
5500,11.4776
,
5562.5,19.6713
,
5625,8.8228
,
5687.5,13.9792
,
5750,16.3317
,
5812.5,13.6308
,
5875,11.4541
,
5937.5,17.8554
,
6000,8.1516
,
6062.5,17.9293
,
6125,12.0015
,
6187.5,18.0649
,
6250,9.0841
,
6312.5,13.7769
,
6375,18.8697
,
6437.5,9.5786
,
6500,11.9704
,
6562.5,18.0335
,
6625,10.9963
,
6687.5,13.869
,
6750,12.8391
,
6812.5,10.0858
,
6875,17.8715
,
6937.5,12.718
,
7000,13.3934
,
7062.5,15.0908
,
7125,12.325
,
7187.5,19.8627
,
7250,4.0339
,
7312.5,14.245
,
7375,15.0567
,
7437.5,16.4717
,
7500,11.6771
,
7562.5,13.4416
,
7625,13.8102
,
7687.5,13.4631
,
7750,15.4535
,
7812.5,11.0288
,
7875,12.9575
,
7937.5,13.9045
,
airflow(m/s),20.56
,
,
,
0,26395.4138
,
62.5,18453.1998
,
125,7402.2536
,
187.5,3250.2258
,
250,3962.664
,
312.5,4091.9895
,
375,1875.2094
,
437.5,362.377
,
500,855.1693
,
562.5,263.2324
,
625,251.4041
,
687.5,180.8463
,
750,133.1465
,
812.5,195.1836
,
875,91.1211
,
937.5,119.6167
,
1000,94.9128
,
1062.5,111.5603
,
1125,107.7471
,
1187.5,85.4511
,
1250,106.8786
,
1312.5,77.6247
,
1375,90.3777
,
1437.5,63.3307
,
1500,87.3072
,
1562.5,73.3391
,
1625,69.4538
,
1687.5,65.631
,
1750,67.1363
,
1812.5,67.2621
,
1875,55.6794
,
1937.5,57.0951
,
2000,61.2572
,
2062.5,55.2098
,
2125,61.1036
,
2187.5,46.6453
,
2250,53.168
,
2312.5,50.3186
,
2375,52.4934
,
2437.5,47.36
,
2500,52.1266
,
2562.5,36.6565
,
2625,47.8534
,
2687.5,42.3716
,
2750,44.8315
,
2812.5,39.8223
,
2875,49.904
,
2937.5,31.8941
,
3000,42.2883
,
3062.5,32.4345
,
3125,44.7076
,
3187.5,37.6907
,
3250,34.1076
,
3312.5,37.855
,
3375,33.6225
,
3437.5,40.5091
,
3500,34.644
,
3562.5,28.3896
,
3625,38.4237
,
3687.5,32.2007
,
3750,31.3179
,
3812.5,29.1564
,
3875,36.5884
,
3937.5,28.0392
,
4000,36.365
,
4062.5,32.1032
,
4125,22.7123
,
4187.5,33.5119
,
4250,31.3012
,
4312.5,28.7627
,
4375,29.8631
,
4437.5,25.4295
,
4500,32.2462
,
4562.5,24.8616
,
4625,28.311
,
4687.5,32.4291
,
4750,23.1527
,
4812.5,28.4771
,
4875,25.612
,
4937.5,26.9747
,
5000,25.8103
,
5062.5,30.2986
,
5125,25.5351
,
5187.5,24.5118
,
5250,30.0286
,
5312.5,22.8108
,
5375,27.6048
,
5437.5,26.9064
,
5500,24.2464
,
5562.5,26.1286
,
5625,23.6633
,
5687.5,31.718
,
5750,21.0528
,
5812.5,27.0149
,
5875,18.9129
,
5937.5,28.3559
,
6000,22.6549
,
6062.5,23.8334
,
6125,24.9468
,
6187.5,22.7496
,
6250,22.3314
,
6312.5,29.7214
,
6375,19.7442
,
6437.5,19.7602
,
6500,30.2835
,
6562.5,17.5746
,
6625,26.4413
,
6687.5,25.3421
,
6750,17.3404
,
6812.5,24.6108
,
6875,21.294
,
6937.5,22.7146
,
7000,24.3158
,
7062.5,23.1727
,
7125,19.7688
,
7187.5,19.6275
,
7250,26.129
,
7312.5,17.4372
,
7375,29.7108
,
7437.5,17.5485
,
7500,18.1065
,
7562.5,24.5493
,
7625,24.2376
,
7687.5,24.2431
,
7750,23.0689
,
7812.5,18.7597
,
7875,19.4248
,
7937.5,29.0732
,
airflow(m/s),19.54
,
,
,
0,5246.6385
,
62.5,8189.8669
,
125,6962.004
,
187.5,2421.631
,
250,2083.0996
,
312.5,192.6025
,
375,654.5391
,
437.5,220.4298
,
500,93.7067
,
562.5,83.0816
,
625,54.1208
,
687.5,19.3918
,
750,13.8298
,
812.5,5.6938
,
875,8.191
,
937.5,13.2449
,
1000,13.0328
,
1062.5,9.7876
,
1125,14.3826
,
1187.5,13.8299
,
1250,4.1225
,
1312.5,6.4522
,
1375,15.7322
,
1437.5,16.8107
,
1500,22.1691
,
1562.5,5.4274
,
1625,11.5883
,
1687.5,8.5162
,
1750,6.3661
,
1812.5,10.3979
,
1875,6.9705
,
1937.5,4.8388
,
2000,5.324
,
2062.5,2.1775
,
2125,2.8833
,
2187.5,9.2772
,
2250,2.5355
,
2312.5,6.4291
,
2375,10.7996
,
2437.5,6.3426
,
2500,7.9364
,
2562.5,26.5168
,
2625,22.4324
,
2687.5,20.6094
,
2750,12.2833
,
2812.5,8.7913
,
2875,6.5078
,
2937.5,8.7275
,
3000,4.5338
,
3062.5,0.8158
,
3125,7.5227
,
3187.5,2.7048
,
3250,4.3628
,
3312.5,1.8833
,
3375,5.2418
,
3437.5,6.1204
,
3500,7.092
,
3562.5,5.8256
,
3625,5.984
,
3687.5,5.203
,
3750,5.8433
,
3812.5,3.4691
,
3875,3.736
,
3937.5,2.2968
,
4000,5.0709
,
4062.5,8.725
,
4125,7.2999
,
4187.5,1.1586
,
4250,5.9982
,
4312.5,5.5756
,
4375,5.4481
,
4437.5,5.8646
,
4500,4.5127
,
4562.5,4.4157
,
4625,4.9582
,
4687.5,6.3118
,
4750,5.6999
,
4812.5,5.1611
,
4875,4.3768
,
4937.5,6.0878
,
5000,3.8117
,
5062.5,8.3035
,
5125,3.4446
,
5187.5,3.5657
,
5250,11.3669
,
5312.5,4.0882
,
5375,1.8295
,
5437.5,3.2603
,
5500,4.068
,
5562.5,8.7072
,
5625,6.6004
,
5687.5,6.1198
,
5750,2.9195
,
5812.5,5.7717
,
5875,7.3594
,
5937.5,1.1235
,
6000,3.6522
,
6062.5,3.5672
,
6125,4.7754
,
6187.5,3.3135
,
6250,2.7338
,
6312.5,0.876
,
6375,4.8077
,
6437.5,2.9924
,
6500,3.9102
,
6562.5,5.7238
,
6625,6.5979
,
6687.5,6.7386
,
6750,7.1439
,
6812.5,3.2698
,
6875,8.2557
,
6937.5,4.6244
,
7000,8.5707
,
7062.5,6.9832
,
7125,5.6386
,
7187.5,3.8257
,
7250,4.7328
,
7312.5,5.0794
,
7375,4.4058
,
7437.5,8.0117
,
7500,4.1999
,
7562.5,1.5884
,
7625,5.3315
,
7687.5,7.0087
,
7750,9.3797
,
7812.5,7.8727
,
7875,10.783
,
7937.5,5.6444
,
airflow(m/s),19.79
,
,
,
0,18296.2171
,
62.5,9657.0801
,
125,4822.0608
,
187.5,5094.6332
,
250,5185.5664
,
312.5,3988.8537
,
375,557.296
,
437.5,844.2522
,
500,1376.2199
,
562.5,685.618
,
625,353.1561
,
687.5,290.1104
,
750,240.3509
,
812.5,192.947
,
875,138.5791
,
937.5,127.5748
,
1000,62.9316
,
1062.5,51.5626
,
1125,35.244
,
1187.5,25.6197
,
1250,26.3739
,
1312.5,18.391
,
1375,14.8867
,
1437.5,6.4139
,
1500,11.01
,
1562.5,18.3833
,
1625,8.1841
,
1687.5,3.1294
,
1750,13.2396
,
1812.5,14.4239
,
1875,7.4526
,
1937.5,20.9623
,
2000,8.7554
,
2062.5,4.5666
,
2125,13.8223
,
2187.5,13.8597
,
2250,12.6421
,
2312.5,16.6614
,
2375,16.1946
,
2437.5,8.3957
,
2500,10.3307
,
2562.5,13.327
,
2625,5.9246
,
2687.5,2.2314
,
2750,5.7469
,
2812.5,12.0549
,
2875,3.3699
,
2937.5,6.5684
,
3000,8.7777
,
3062.5,1.9984
,
3125,14.476
,
3187.5,10.4321
,
3250,14.5056
,
3312.5,3.4999
,
3375,8.1737
,
3437.5,3.4521
,
3500,11.6871
,
3562.5,5.5645
,
3625,10.3511
,
3687.5,8.6418
,
3750,3.6431
,
3812.5,7.4758
,
3875,3.1364
,
3937.5,4.5537
,
4000,9.6021
,
4062.5,6.1427
,
4125,1.9939
,
4187.5,6.2478
,
4250,4.8347
,
4312.5,9.2916
,
4375,5.7093
,
4437.5,3.8396
,
4500,6.3733
,
4562.5,6.176
,
4625,2.4101
,
4687.5,10.4636
,
4750,6.3508
,
4812.5,15.9274
,
4875,4.0103
,
4937.5,11.0399
,
5000,0.7697
,
5062.5,6.0346
,
5125,12.177
,
5187.5,4.1309
,
5250,5.0758
,
5312.5,2.4342
,
5375,4.2702
,
5437.5,3.9184
,
5500,10.7069
,
5562.5,2.9717
,
5625,2.367
,
5687.5,5.6329
,
5750,5.5991
,
5812.5,9.8174
,
5875,8.8151
,
5937.5,6.3469
,
6000,7.5691
,
6062.5,6.3727
,
6125,3.2597
,
6187.5,6.9919
,
6250,4.0595
,
6312.5,5.0889
,
6375,2.9959
,
6437.5,3.3422
,
6500,6.7906
,
6562.5,8.9213
,
6625,1.0527
,
6687.5,4.2922
,
6750,13.2557
,
6812.5,2.4536
,
6875,2.4162
,
6937.5,3.3353
,
7000,3.5622
,
7062.5,5.8688
,
7125,0.7236
,
7187.5,2.3395
,
7250,9.5946
,
7312.5,3.2905
,
7375,4.3673
,
7437.5,8.7538
,
7500,7.2907
,
7562.5,3.2827
,
7625,7.6303
,
7687.5,8.0475
,
7750,4.4346
,
7812.5,1.7406
,
7875,8.6439
,
7937.5,3.6089
,
airflow(m/s),20.04
,
,
,
0,14407.7317
,
62.5,9895.9971
,
125,10527.5379
,
187.5,11822.0782
,
250,9838.4324
,
312.5,5181.0051
,
375,2868.5021
,
437.5,2232.7397
,
500,1427.386
,
562.5,547.8419
,
625,910.4878
,
687.5,548.4275
,
750,252.9055
,
812.5,101.8722
,
875,173.3153
,
937.5,115.7755
,
1000,77.97
,
1062.5,61.9039
,
1125,53.8956
,
1187.5,41.7907
,
1250,19.614
,
1312.5,54.6895
,
1375,21.7374
,
1437.5,33.0871
,
1500,30.8343
,
1562.5,19.954
,
1625,19.9714
,
1687.5,23.0733
,
1750,20.8915
,
1812.5,14.3827
,
1875,22.3385
,
1937.5,12.5621
,
2000,18.321
,
2062.5,19.0099
,
2125,15.5826
,
2187.5,15.1078
,
2250,15.7031
,
2312.5,15.8918
,
2375,9.9167
,
2437.5,21.2096
,
2500,9.9298
,
2562.5,7.9244
,
2625,19.2475
,
2687.5,6.7739
,
2750,17.5582
,
2812.5,6.4818
,
2875,19.6
,
2937.5,9.5197
,
3000,5.567
,
3062.5,12.2845
,
3125,17.9945
,
3187.5,5.1681
,
3250,14.0933
,
3312.5,18.1052
,
3375,10.7881
,
3437.5,10.3697
,
3500,13.6711
,
3562.5,8.3376
,
3625,10.7225
,
3687.5,10.849
,
3750,11.8407
,
3812.5,9.7941
,
3875,12.2598
,
3937.5,9.0679
,
4000,8.6561
,
4062.5,11.5809
,
4125,7.8304
,
4187.5,11.0946
,
4250,7.4667
,
4312.5,17.7063
,
4375,3.7638
,
4437.5,10.5423
,
4500,4.0464
,
4562.5,13.2322
,
4625,6.8815
,
4687.5,7.2153
,
4750,13.1658
,
4812.5,0.9458
,
4875,14.6846
,
4937.5,4.2217
,
5000,10.9922
,
5062.5,6.2676
,
5125,13.5778
,
5187.5,4.1872
,
5250,7.1592
,
5312.5,6.905
,
5375,9.2976
,
5437.5,8.3768
,
5500,9.9378
,
5562.5,11.4125
,
5625,12.5729
,
5687.5,3.1678
,
5750,8.2937
,
5812.5,9.1945
,
5875,1.7758
,
5937.5,10.8906
,
6000,5.9897
,
6062.5,6.6507
,
6125,7.3935
,
6187.5,7.6874
,
6250,11.5039
,
6312.5,5.2607
,
6375,9.6179
,
6437.5,7.1667
,
6500,2.8964
,
6562.5,12.6157
,
6625,3.9707
,
6687.5,14.1433
,
6750,8.8591
,
6812.5,11.912
,
6875,4.2427
,
6937.5,2.7266
,
7000,16.1797
,
7062.5,5.1197
,
7125,4.1954
,
7187.5,13.3109
,
7250,2.0079
,
7312.5,11.2401
,
7375,6.5432
,
7437.5,5.8798
,
7500,4.3142
,
7562.5,9.9064
,
7625,6.9823
,
7687.5,8.4736
,
7750,1.4074
,
7812.5,5.828
,
7875,10.4294
,
7937.5,1.5268
,
airflow(m/s),19.54
,
,
,
0,13212.9525
,
62.5,9464.3531
,
125,5546.223
,
187.5,4607.1864
,
250,3040.7407
,
312.5,1369.4523
,
375,686.9931
,
437.5,170.1473
,
500,336.9836
,
562.5,975.8087
,
625,189.9024
,
687.5,469.4918
,
750,309.7726
,
812.5,353.0982
,
875,113.9054
,
937.5,268.2625
,
1000,201.9832
,
1062.5,51.3171
,
1125,95.6708
,
1187.5,101.2766
,
1250,19.9456
,
1312.5,42.1687
,
1375,43.7308
,
1437.5,23.1803
,
1500,41.4455
,
1562.5,20.1351
,
1625,14.5582
,
1687.5,26.6706
,
1750,21.1656
,
1812.5,11.4007
,
1875,11.6145
,
1937.5,6.3846
,
2000,12.522
,
2062.5,15.9506
,
2125,4.551
,
2187.5,14.3564
,
2250,6.191
,
2312.5,15.857
,
2375,1.7671
,
2437.5,6.2896
,
2500,6.9892
,
2562.5,9.9296
,
2625,9.7939
,
2687.5,9.9357
,
2750,4.0048
,
2812.5,12.4232
,
2875,4.9973
,
2937.5,6.7556
,
3000,6.1893
,
3062.5,9.4838
,
3125,5.7778
,
3187.5,3.0318
,
3250,10.2432
,
3312.5,8.2731
,
3375,6.6313
,
3437.5,7.5855
,
3500,8.9016
,
3562.5,0.9049
,
3625,13.1993
,
3687.5,3.12
,
3750,2.3022
,
3812.5,7.1242
,
3875,10.4838
,
3937.5,3.6684
,
4000,11.8284
,
4062.5,5.5992
,
4125,6.9471
,
4187.5,7.5028
,
4250,4.7664
,
4312.5,5.9513
,
4375,4.7992
,
4437.5,7.7044
,
4500,8.9707
,
4562.5,0.9992
,
4625,2.1777
,
4687.5,8.186
,
4750,3.9817
,
4812.5,3.887
,
4875,1.9587
,
4937.5,6.9383
,
5000,6.9584
,
5062.5,4.8655
,
5125,5.5042
,
5187.5,2.2521
,
5250,4.6919
,
5312.5,1.8278
,
5375,3.956
,
5437.5,2.1777
,
5500,7.6017
,
5562.5,12.2046
,
5625,7.7565
,
5687.5,8.327
,
5750,3.825
,
5812.5,5.3822
,
5875,5.9661
,
5937.5,10.9073
,
6000,5.3753
,
6062.5,4.1431
,
6125,4.6081
,
6187.5,7.7931
,
6250,7.065
,
6312.5,6.3697
,
6375,9.9044
,
6437.5,10.8816
,
6500,0.8089
,
6562.5,1.1874
,
6625,7.9157
,
6687.5,7.8271
,
6750,11.239
,
6812.5,3.5961
,
6875,4.1091
,
6937.5,5.1261
,
7000,1.1631
,
7062.5,8.5992
,
7125,8.7845
,
7187.5,8.3106
,
7250,10.11
,
7312.5,2.2265
,
7375,5.5007
,
7437.5,3.7921
,
7500,2.2508
,
7562.5,1.0526
,
7625,4.76
,
7687.5,3.7254
,
7750,4.2266
,
7812.5,5.2797
,
7875,6.5062
,
7937.5,5.3073
,
airflow(m/s),19.54
,
,
,
0,5176.4185
,
62.5,6583.8149
,
125,16009.5733
,
187.5,2476.8515
,
250,2723.2779
,
312.5,2510.4455
,
375,2387.1944
,
437.5,2871.1269
,
500,1161.4969
,
562.5,2938.1
,
625,2252.9986
,
687.5,784.3914
,
750,1055.733
,
812.5,406.8139
,
875,759.2697
,
937.5,561.8313
,
1000,441.0316
,
1062.5,283.0902
,
1125,192.5934
,
1187.5,106.2837
,
1250,119.6543
,
1312.5,30.6084
,
1375,87.4449
,
1437.5,128.8609
,
1500,83.1938
,
1562.5,53.2333
,
1625,103.4224
,
1687.5,130.6341
,
1750,47.1828
,
1812.5,53.8683
,
1875,93.7267
,
1937.5,62.2369
,
2000,0.8165
,
2062.5,39.0535
,
2125,43.7465
,
2187.5,24.5402
,
2250,34.7499
,
2312.5,41.4824
,
2375,13.2328
,
2437.5,27.8941
,
2500,32.536
,
2562.5,24.4694
,
2625,20.2326
,
2687.5,34.6823
,
2750,24.0212
,
2812.5,15.3035
,
2875,21.5552
,
2937.5,28.7931
,
3000,13.3286
,
3062.5,18.5394
,
3125,30.0605
,
3187.5,11.8271
,
3250,18.3487
,
3312.5,23.1901
,
3375,16.1798
,
3437.5,18.6913
,
3500,15.4184
,
3562.5,20.1111
,
3625,18.6369
,
3687.5,16.8108
,
3750,16.7369
,
3812.5,14.1878
,
3875,18.4204
,
3937.5,17.9986
,
4000,12.4292
,
4062.5,18.1011
,
4125,17.9696
,
4187.5,14.7603
,
4250,17.6389
,
4312.5,10.2059
,
4375,15.0234
,
4437.5,16.6034
,
4500,11.0919
,
4562.5,19.7871
,
4625,13.2644
,
4687.5,12.3494
,
4750,15.564
,
4812.5,17.0482
,
4875,10.2269
,
4937.5,16.6029
,
5000,12.0912
,
5062.5,13.1562
,
5125,16.183
,
5187.5,16.8987
,
5250,9.4524
,
5312.5,16.1289
,
5375,12.3146
,
5437.5,11.6394
,
5500,15.8613
,
5562.5,12.7394
,
5625,15.1065
,
5687.5,8.3199
,
5750,18.3422
,
5812.5,12.2465
,
5875,13.3935
,
5937.5,13.493
,
6000,15.6569
,
6062.5,14.5531
,
6125,7.67
,
6187.5,11.7896
,
6250,21.3793
,
6312.5,6.4872
,
6375,10.15
,
6437.5,17.9392
,
6500,7.0849
,
6562.5,16.8894
,
6625,13.4149
,
6687.5,13.8224
,
6750,9.5348
,
6812.5,11.31
,
6875,10.9996
,
6937.5,16.9006
,
7000,12.29
,
7062.5,8.5083
,
7125,14.2838
,
7187.5,13.5603
,
7250,12.3415
,
7312.5,12.8974
,
7375,8.808
,
7437.5,12.2539
,
7500,16.8647
,
7562.5,9.8094
,
7625,20.6493
,
7687.5,5.6851
,
7750,21.0216
,
7812.5,8.8174
,
7875,10.7455
,
7937.5,12.3098
,
airflow(m/s),19.79
,
,
,
0,11122.8177
,
62.5,9973.4823
,
125,4932.0102
,
187.5,3518.8252
,
250,10339.2789
,
312.5,6691.8864
,
375,1404.908
,
437.5,4326.5159
,
500,4291.7222
,
562.5,3234.8671
,
625,2836.5967
,
687.5,786.1491
,
750,1797.9031
,
812.5,1799.1237
,
875,1938.5923
,
937.5,1081.7114
,
1000,243.8998
,
1062.5,91.0185
,
1125,86.0999
,
1187.5,85.0814
,
1250,53.1706
,
1312.5,105.8883
,
1375,200.6823
,
1437.5,281.304
,
1500,265.0496
,
1562.5,233.1151
,
1625,192.86
,
1687.5,151.7719
,
1750,140.2411
,
1812.5,135.465
,
1875,133.5309
,
1937.5,115.7243
,
2000,89.2573
,
2062.5,73.9303
,
2125,26.5513
,
2187.5,15.7981
,
2250,24.7164
,
2312.5,9.1383
,
2375,11.9255
,
2437.5,8.578
,
2500,26.3162
,
2562.5,37.0725
,
2625,12.6756
,
2687.5,12.2492
,
2750,7.2134
,
2812.5,3.2605
,
2875,11.3121
,
2937.5,12.0996
,
3000,1.8488
,
3062.5,3.1349
,
3125,4.7964
,
3187.5,8.7437
,
3250,6.5021
,
3312.5,4.2869
,
3375,7.5038
,
3437.5,9.9948
,
3500,11.2672
,
3562.5,6.2002
,
3625,1.447
,
3687.5,5.2112
,
3750,2.5669
,
3812.5,4.3339
,
3875,6.7568
,
3937.5,1.4226
,
4000,8.0437
,
4062.5,2.4196
,
4125,7.0533
,
4187.5,3.1935
,
4250,7.9097
,
4312.5,6.7487
,
4375,5.0901
,
4437.5,5.3509
,
4500,6.3855
,
4562.5,13.6837
,
4625,5.3383
,
4687.5,10.5898
,
4750,4.638
,
4812.5,2.9294
,
4875,6.7928
,
4937.5,3.5866
,
5000,5.2815
,
5062.5,3.0123
,
5125,7.7955
,
5187.5,3.3
,
5250,5.5596
,
5312.5,3.6843
,
5375,5.1152
,
5437.5,7.5792
,
5500,2.9304
,
5562.5,7.147
,
5625,6.2061
,
5687.5,4.2104
,
5750,11.547
,
5812.5,3.132
,
5875,4.6007
,
5937.5,7.9856
,
6000,4.2294
,
6062.5,7.1358
,
6125,6.1701
,
6187.5,3.4317
,
6250,0.8086
,
6312.5,7.0276
,
6375,1.5262
,
6437.5,6.015
,
6500,1.8609
,
6562.5,4.6571
,
6625,4.8532
,
6687.5,3.7636
,
6750,5.586
,
6812.5,0.765
,
6875,7.2793
,
6937.5,6.5024
,
7000,3.9616
,
7062.5,2.5151
,
7125,3.4162
,
7187.5,9.6548
,
7250,4.7874
,
7312.5,6.5158
,
7375,4.7212
,
7437.5,6.8233
,
7500,1.4565
,
7562.5,5.0812
,
7625,1.7433
,
7687.5,2.244
,
7750,4.5782
,
7812.5,4.4935
,
7875,8.6449
,
7937.5,7.7161
,
airflow(m/s),21.08
,
,
,
0,8006.5335
,
62.5,11827.1953
,
125,5781.8772
,
187.5,4556.1921
,
250,1780.9333
,
312.5,4019.0809
,
375,936.7609
,
437.5,1923.6647
,
500,1956.3616
,
562.5,1720.7655
,
625,430.0842
,
687.5,1151.4149
,
750,1410.1217
,
812.5,1174.6981
,
875,928.2417
,
937.5,283.1866
,
1000,669.8743
,
1062.5,322.58
,
1125,179.7146
,
1187.5,47.5457
,
1250,110.0415
,
1312.5,137.1904
,
1375,71.9463
,
1437.5,83.7676
,
1500,86.8967
,
1562.5,79.6126
,
1625,61.2069
,
1687.5,100.9902
,
1750,42.9358
,
1812.5,9.1905
,
1875,69.7162
,
1937.5,94.6796
,
2000,77.7196
,
2062.5,68.0088
,
2125,22.0666
,
2187.5,52.6666
,
2250,64.4684
,
2312.5,61.4957
,
2375,41.701
,
2437.5,35.62
,
2500,41.5373
,
2562.5,59.2915
,
2625,27.9581
,
2687.5,42.4178
,
2750,38.0152
,
2812.5,38.6642
,
2875,35.1588
,
2937.5,35.3352
,
3000,31.7944
,
3062.5,39.7893
,
3125,32.382
,
3187.5,36.7158
,
3250,28.3142
,
3312.5,38.9578
,
3375,26.3297
,
3437.5,36.6031
,
3500,28.6701
,
3562.5,29.1497
,
3625,34.4183
,
3687.5,22.3383
,
3750,38.4103
,
3812.5,21.322
,
3875,34.6754
,
3937.5,24.6627
,
4000,31.232
,
4062.5,27.7771
,
4125,22.1077
,
4187.5,35.559
,
4250,20.1846
,
4312.5,31.7167
,
4375,24.1388
,
4437.5,28.108
,
4500,22.3972
,
4562.5,21.9528
,
4625,32.4766
,
4687.5,25.2086
,
4750,17.9674
,
4812.5,30.6659
,
4875,18.3305
,
4937.5,28.874
,
5000,24.4991
,
5062.5,22.2952
,
5125,22.606
,
5187.5,21.8525
,
5250,28.3787
,
5312.5,19.7306
,
5375,28.0756
,
5437.5,19.4746
,
5500,27.2201
,
5562.5,15.4001
,
5625,25.0712
,
5687.5,23.7725
,
5750,19.3777
,
5812.5,23.761
,
5875,25.5706
,
5937.5,16.9874
,
6000,20.7231
,
6062.5,29.3027
,
6125,21.2564
,
6187.5,16.2752
,
6250,23.3546
,
6312.5,27.6699
,
6375,10.8178
,
6437.5,24.7142
,
6500,30.0202
,
6562.5,11.2573
,
6625,26.2013
,
6687.5,15.4177
,
6750,17.7326
,
6812.5,21.9015
,
6875,27.3636
,
6937.5,12.8342
,
7000,30.2069
,
7062.5,7.3292
,
7125,32.539
,
7187.5,4.7606
,
7250,33.4124
,
7312.5,14.7815
,
7375,19.5935
,
7437.5,24.9092
,
7500,18.0057
,
7562.5,23.8046
,
7625,21.0555
,
7687.5,22.1275
,
7750,16.0443
,
7812.5,21.9755
,
7875,20.1746
,
7937.5,18.0489
,
airflow(m/s),19.79
,
,
,
0,8027.8667
,
62.5,5982.3699
,
125,10602.5544
,
187.5,8269.5271
,
250,3384.0519
,
312.5,2216.9063
,
375,1648.0181
,
437.5,2636.8292
,
500,1403.282
,
562.5,846.5739
,
625,1126.9084
,
687.5,886.4718
,
750,333.8584
,
812.5,210.7271
,
875,413.2107
,
937.5,156.6932
,
1000,56.6852
,
1062.5,85.1964
,
1125,110.3877
,
1187.5,117.1081
,
1250,19.1166
,
1312.5,89.418
,
1375,56.2565
,
1437.5,106.1614
,
1500,34.4318
,
1562.5,69.2357
,
1625,66.5662
,
1687.5,44.8971
,
1750,52.9603
,
1812.5,50.2228
,
1875,68.1029
,
1937.5,22.5387
,
2000,55.8528
,
2062.5,33.4454
,
2125,66.7383
,
2187.5,24.5876
,
2250,40.9849
,
2312.5,40.6152
,
2375,33.6105
,
2437.5,51.4229
,
2500,28.9905
,
2562.5,46.1009
,
2625,28.334
,
2687.5,40.1197
,
2750,26.2237
,
2812.5,33.8788
,
2875,35.4458
,
2937.5,33.8115
,
3000,32.8811
,
3062.5,29.5718
,
3125,26.2567
,
3187.5,37.913
,
3250,30.833
,
3312.5,36.1503
,
3375,21.2673
,
3437.5,28.5922
,
3500,32.6021
,
3562.5,28.3823
,
3625,22.3697
,
3687.5,24.0067
,
3750,30.1126
,
3812.5,26.0979
,
3875,27.889
,
3937.5,26.7194
,
4000,18.7596
,
4062.5,22.7268
,
4125,24.804
,
4187.5,27.7476
,
4250,18.6751
,
4312.5,31.9312
,
4375,15.3832
,
4437.5,26.4509
,
4500,25.7289
,
4562.5,12.9909
,
4625,32.6526
,
4687.5,17.1588
,
4750,25.7375
,
4812.5,26.9341
,
4875,19.3651
,
4937.5,18.888
,
5000,13.7286
,
5062.5,31.9182
,
5125,22.9715
,
5187.5,23.4269
,
5250,18.0831
,
5312.5,18.7368
,
5375,12.1233
,
5437.5,21.9887
,
5500,19.7728
,
5562.5,20.7015
,
5625,29.4378
,
5687.5,7.3796
,
5750,29.549
,
5812.5,16.0456
,
5875,17.8976
,
5937.5,23.5749
,
6000,20.7741
,
6062.5,9.8336
,
6125,24.9806
,
6187.5,25.7889
,
6250,19.7752
,
6312.5,20.0582
,
6375,13.7443
,
6437.5,16.7558
,
6500,28.4604
,
6562.5,19.2384
,
6625,29.4672
,
6687.5,11.6424
,
6750,21.4403
,
6812.5,18.7353
,
6875,15.8431
,
6937.5,25.8793
,
7000,15.1167
,
7062.5,13.6388
,
7125,23.2086
,
7187.5,13.0014
,
7250,24.5578
,
7312.5,21.5207
,
7375,20.4653
,
7437.5,18.2232
,
7500,10.8192
,
7562.5,22.436
,
7625,22.9209
,
7687.5,13.5211
,
7750,15.7283
,
7812.5,20.9661
,
7875,11.7807
,
7937.5,19.9882
,
airflow(m/s),19.54
,
,
,
0,16973.2392
,
62.5,6499.3897
,
125,4344.2472
,
187.5,5498.8181
,
250,2278.3204
,
312.5,496.7724
,
375,2046.4602
,
437.5,1772.1104
,
500,834.5167
,
562.5,1218.377
,
625,651.5374
,
687.5,283.385
,
750,309.511
,
812.5,598.4693
,
875,45.4733
,
937.5,104.5848
,
1000,257.3486
,
1062.5,89.5508
,
1125,94.7988
,
1187.5,18.1056
,
1250,46.9823
,
1312.5,39.1844
,
1375,23.3632
,
1437.5,30.473
,
1500,12.3641
,
1562.5,28.206
,
1625,7.3269
,
1687.5,11.3091
,
1750,12.1162
,
1812.5,21.7335
,
1875,11.4755
,
1937.5,12.0049
,
2000,21.1358
,
2062.5,2.4906
,
2125,10.8956
,
2187.5,20.1187
,
2250,8.238
,
2312.5,6.7199
,
2375,9.5915
,
2437.5,15.1352
,
2500,7.7065
,
2562.5,11.9273
,
2625,6.9395
,
2687.5,4.4022
,
2750,20.447
,
2812.5,9.2632
,
2875,5.4857
,
2937.5,9.7933
,
3000,13.4426
,
3062.5,6.3783
,
3125,4.9508
,
3187.5,11.7409
,
3250,14.2284
,
3312.5,7.648
,
3375,13.7094
,
3437.5,4.0031
,
3500,2.6755
,
3562.5,13.0595
,
3625,8.6199
,
3687.5,7.997
,
3750,7.2553
,
3812.5,6.5101
,
3875,6.118
,
3937.5,11.2912
,
4000,4.7917
,
4062.5,5.0724
,
4125,11.5747
,
4187.5,5.0912
,
4250,12.1411
,
4312.5,0.6262
,
4375,11.6401
,
4437.5,3.3816
,
4500,0.6239
,
4562.5,9.1826
,
4625,6.1127
,
4687.5,7.1214
,
4750,9.3031
,
4812.5,9.8519
,
4875,10.3775
,
4937.5,11.2911
,
5000,2.8944
,
5062.5,11.2003
,
5125,13.6901
,
5187.5,6.9863
,
5250,4.1231
,
5312.5,9.8768
,
5375,3.6937
,
5437.5,3.4728
,
5500,11.2699
,
5562.5,8.2352
,
5625,8.8078
,
5687.5,4.3721
,
5750,15.8398
,
5812.5,6.7665
,
5875,11.9427
,
5937.5,6.1035
,
6000,1.2802
,
6062.5,6.995
,
6125,6.0212
,
6187.5,6.6356
,
6250,2.3568
,
6312.5,4.836
,
6375,13.1484
,
6437.5,6.8484
,
6500,7.6941
,
6562.5,10.7579
,
6625,14.9997
,
6687.5,2.6422
,
6750,8.1303
,
6812.5,3.576
,
6875,2.2016
,
6937.5,10.3084
,
7000,9.4036
,
7062.5,3.565
,
7125,5.2132
,
7187.5,3.539
,
7250,6.8596
,
7312.5,4.0228
,
7375,3.0891
,
7437.5,6.1852
,
7500,8.0847
,
7562.5,1.9575
,
7625,4.7338
,
7687.5,3.0959
,
7750,5.6604
,
7812.5,5.3864
,
7875,2.2859
,
7937.5,5.8458
,
airflow(m/s),19.54
,
,
,
0,1058.3357
,
62.5,2726.9403
,
125,6260.7395
,
187.5,7056.9511
,
250,4052.6226
,
312.5,9208.699
,
375,7000.0777
,
437.5,1625.5574
,
500,1406.7158
,
562.5,1815.7202
,
625,1315.6802
,
687.5,44.1596
,
750,429.0838
,
812.5,365.1397
,
875,51.4035
,
937.5,185.9795
,
1000,233.1894
,
1062.5,141.2514
,
1125,105.384
,
1187.5,5.2976
,
1250,90.4648
,
1312.5,107.5115
,
1375,110.4897
,
1437.5,60.1324
,
1500,50.1239
,
1562.5,51.829
,
1625,83.2805
,
1687.5,76.8247
,
1750,52.8918
,
1812.5,45.3249
,
1875,57.8665
,
1937.5,46.6138
,
2000,52.8766
,
2062.5,63.1907
,
2125,31.3673
,
2187.5,57.0855
,
2250,39.6977
,
2312.5,50.1493
,
2375,39.3545
,
2437.5,54.5697
,
2500,30.7353
,
2562.5,41.3294
,
2625,44.3666
,
2687.5,38.5089
,
2750,36.1293
,
2812.5,43.1955
,
2875,26.3376
,
2937.5,40.9165
,
3000,34.262
,
3062.5,30.3349
,
3125,38.4261
,
3187.5,32.2976
,
3250,31.4501
,
3312.5,36.3513
,
3375,28.8381
,
3437.5,30.9842
,
3500,28.2289
,
3562.5,30.2519
,
3625,36.2359
,
3687.5,17.7687
,
3750,37.828
,
3812.5,22.6568
,
3875,32.0243
,
3937.5,30.3098
,
4000,25.1185
,
4062.5,27.3981
,
4125,26.5567
,
4187.5,31.0783
,
4250,30.9266
,
4312.5,21.1641
,
4375,28.1922
,
4437.5,28.0248
,
4500,24.0713
,
4562.5,22.0199
,
4625,29.4514
,
4687.5,21.5228
,
4750,26.3066
,
4812.5,19.3602
,
4875,28.4619
,
4937.5,22.9841
,
5000,25.4412
,
5062.5,22.3277
,
5125,16.2305
,
5187.5,28.8085
,
5250,16.9056
,
5312.5,32.5894
,
5375,9.2663
,
5437.5,30.8625
,
5500,12.5731
,
5562.5,33.277
,
5625,16.2612
,
5687.5,24.4406
,
5750,21.144
,
5812.5,22.2096
,
5875,19.2154
,
5937.5,25.8876
,
6000,19.8029
,
6062.5,15.8408
,
6125,24.6939
,
6187.5,20.6057
,
6250,26.3256
,
6312.5,16.2152
,
6375,20.7408
,
6437.5,18.6977
,
6500,26.7993
,
6562.5,21.3266
,
6625,17.9063
,
6687.5,25.064
,
6750,16.5617
,
6812.5,22.3155
,
6875,15.3648
,
6937.5,24.6843
,
7000,14.2573
,
7062.5,22.5099
,
7125,24.129
,
7187.5,16.9408
,
7250,21.6642
,
7312.5,20.6224
,
7375,19.4306
,
7437.5,18.0684
,
7500,22.2436
,
7562.5,17.9332
,
7625,20.0339
,
7687.5,22.8681
,
7750,19.952
,
7812.5,14.3487
,
7875,26.8557
,
7937.5,18.8694
,
airflow(m/s),20.3
,
,
,
0,15650.4937
,
62.5,13633.2526
,
125,9304.8684
,
187.5,3287.2459
,
250,4105.154
,
312.5,2570.8425
,
375,345.9061
,
437.5,1006.2867
,
500,1583.9294
,
562.5,892.541
,
625,380.0472
,
687.5,332.763
,
750,54.093
,
812.5,95.0719
,
875,172.2309
,
937.5,74.005
,
1000,112.5761
,
1062.5,75.964
,
1125,38.6851
,
1187.5,76.2183
,
1250,65.4012
,
1312.5,35.215
,
1375,22.3439
,
1437.5,21.7294
,
1500,22.029
,
1562.5,13.8999
,
1625,10.6698
,
1687.5,3.9333
,
1750,7.7165
,
1812.5,2.9445
,
1875,7.7557
,
1937.5,7.7981
,
2000,4.7449
,
2062.5,3.7458
,
2125,10.1961
,
2187.5,1.3068
,
2250,6.601
,
2312.5,9.9018
,
2375,11.6356
,
2437.5,5.4549
,
2500,8.0722
,
2562.5,3.8223
,
2625,2.7307
,
2687.5,6.5598
,
2750,10.7489
,
2812.5,3.59
,
2875,1.2229
,
2937.5,2.3494
,
3000,10.6803
,
3062.5,6.434
,
3125,5.8913
,
3187.5,5.8002
,
3250,5.0039
,
3312.5,2.3508
,
3375,6.014
,
3437.5,2.7948
,
3500,2.8002
,
3562.5,4.7677
,
3625,2.4362
,
3687.5,7.3446
,
3750,3.9444
,
3812.5,4.1805
,
3875,3.055
,
3937.5,5.4513
,
4000,4.2685
,
4062.5,9.3266
,
4125,2.4991
,
4187.5,10.9388
,
4250,5.9291
,
4312.5,4.0997
,
4375,0.9246
,
4437.5,3.2224
,
4500,5.1385
,
4562.5,5.3751
,
4625,3.6452
,
4687.5,6.618
,
4750,3.2409
,
4812.5,5.6248
,
4875,3.1254
,
4937.5,2.3577
,
5000,4.1714
,
5062.5,6.8925
,
5125,4.5172
,
5187.5,11.3862
,
5250,5.897
,
5312.5,1.1925
,
5375,7.1184
,
5437.5,3.3055
,
5500,7.272
,
5562.5,6.0137
,
5625,3.9623
,
5687.5,7.013
,
5750,9.6269
,
5812.5,12.2819
,
5875,7.32
,
5937.5,7.4
,
6000,7.9392
,
6062.5,5.031
,
6125,8.2276
,
6187.5,6.9875
,
6250,8.4828
,
6312.5,11.6001
,
6375,8.0391
,
6437.5,5.4925
,
6500,8.1702
,
6562.5,9.676
,
6625,11.6753
,
6687.5,7.361
,
6750,4.7937
,
6812.5,1.416
,
6875,4.3552
,
6937.5,6.1186
,
7000,8.3184
,
7062.5,6.8655
,
7125,1.9744
,
7187.5,1.7629
,
7250,1.5674
,
7312.5,6.7505
,
7375,4.9354
,
7437.5,9.3392
,
7500,6.8848
,
7562.5,3.1364
,
7625,5.3207
,
7687.5,1.6078
,
7750,7.9741
,
7812.5,7.0968
,
7875,1.6537
,
7937.5,1.6194
,
airflow(m/s),20.3
,
,
,
0,6440.2378
,
62.5,11448.5639
,
125,20968.1587
,
187.5,8697.3622
,
250,7882.6022
,
312.5,5021.8554
,
375,4030.3113
,
437.5,1361.0059
,
500,736.1671
,
562.5,600.5148
,
625,401.3343
,
687.5,175.1541
,
750,294.6228
,
812.5,131.6809
,
875,110.108
,
937.5,136.253
,
1000,175.2298
,
1062.5,93.6918
,
1125,24.138
,
1187.5,23.1542
,
1250,36.8456
,
1312.5,45.5033
,
1375,29.9828
,
1437.5,40.0658
,
1500,22.2787
,
1562.5,55.9086
,
1625,9.0638
,
1687.5,13.0658
,
1750,19.1684
,
1812.5,19.7171
,
1875,20.7239
,
1937.5,17.5513
,
2000,27.846
,
2062.5,16.8973
,
2125,25.2482
,
2187.5,16.1565
,
2250,21.5701
,
2312.5,11.8405
,
2375,28.2062
,
2437.5,6.5447
,
2500,23.4118
,
2562.5,11.012
,
2625,13.4193
,
2687.5,15.5603
,
2750,15.2991
,
2812.5,20.2691
,
2875,5.1471
,
2937.5,13.9783
,
3000,5.8579
,
3062.5,25.0514
,
3125,9.7537
,
3187.5,6.3212
,
3250,17.71
,
3312.5,10.6087
,
3375,22.2783
,
3437.5,13.1118
,
3500,16.6491
,
3562.5,14.5826
,
3625,15.2755
,
3687.5,10.0373
,
3750,11.7117
,
3812.5,9.5272
,
3875,11.7041
,
3937.5,9.5862
,
4000,8.5659
,
4062.5,6.6353
,
4125,17.3052
,
4187.5,6.9562
,
4250,9.9008
,
4312.5,15.4625
,
4375,7.9354
,
4437.5,14.6988
,
4500,6.759
,
4562.5,8.9551
,
4625,8.2961
,
4687.5,5.6595
,
4750,14.4359
,
4812.5,5.2292
,
4875,11.8927
,
4937.5,7.0549
,
5000,11.0075
,
5062.5,10.2295
,
5125,9.78
,
5187.5,16.1521
,
5250,11.2994
,
5312.5,12.7329
,
5375,3.6988
,
5437.5,13.5459
,
5500,9.9456
,
5562.5,9.937
,
5625,17.2165
,
5687.5,8.9216
,
5750,5.3817
,
5812.5,7.4595
,
5875,14.5772
,
5937.5,3.3224
,
6000,14.2543
,
6062.5,5.1034
,
6125,15.4629
,
6187.5,6.4992
,
6250,18.2519
,
6312.5,8.6912
,
6375,10.4201
,
6437.5,18.5529
,
6500,8.3965
,
6562.5,20.4728
,
6625,1.8926
,
6687.5,7.4457
,
6750,18.1441
,
6812.5,17.05
,
6875,4.7182
,
6937.5,11.2933
,
7000,6.9053
,
7062.5,11.75
,
7125,5.9628
,
7187.5,12.8514
,
7250,7.8545
,
7312.5,7.784
,
7375,8.8298
,
7437.5,9.5888
,
7500,5.8317
,
7562.5,3.6901
,
7625,13.3569
,
7687.5,2.5602
,
7750,11.8594
,
7812.5,17.8047
,
7875,11.8175
,
7937.5,10.0557
,
airflow(m/s),20.3
,
,
,
0,20285.0386
,
62.5,21408.3792
,
125,8702.6076
,
187.5,6346.2267
,
250,3015.6762
,
312.5,1078.8351
,
375,1697.8429
,
437.5,1718.3817
,
500,1028.3061
,
562.5,651.0647
,
625,109.2789
,
687.5,232.6261
,
750,166.2476
,
812.5,104.4225
,
875,166.5409
,
937.5,140.2897
,
1000,78.0204
,
1062.5,115.7718
,
1125,123.3859
,
1187.5,103.9679
,
1250,98.5573
,
1312.5,91.2954
,
1375,72.6163
,
1437.5,68.2875
,
1500,51.8129
,
1562.5,63.5629
,
1625,74.7067
,
1687.5,43.852
,
1750,62.0011
,
1812.5,55.1412
,
1875,49.6061
,
1937.5,57.8675
,
2000,45.7513
,
2062.5,55.4864
,
2125,50.9067
,
2187.5,42.6755
,
2250,47.8645
,
2312.5,41.1675
,
2375,46.4803
,
2437.5,40.2016
,
2500,51.0008
,
2562.5,28.9017
,
2625,43.4706
,
2687.5,38.2442
,
2750,44.2455
,
2812.5,37.3036
,
2875,33.9347
,
2937.5,36.0446
,
3000,36.7292
,
3062.5,35.5406
,
3125,33.3568
,
3187.5,30.7411
,
3250,35.5542
,
3312.5,35.5436
,
3375,22.4096
,
3437.5,35.6777
,
3500,33.5722
,
3562.5,23.8032
,
3625,35.6488
,
3687.5,30.1304
,
3750,26.1881
,
3812.5,28.2151
,
3875,35.1154
,
3937.5,19.5462
,
4000,29.0186
,
4062.5,26.9993
,
4125,30.3515
,
4187.5,23.9157
,
4250,29.5227
,
4312.5,27.4489
,
4375,26.9489
,
4437.5,24.5458
,
4500,24.1296
,
4562.5,30.5699
,
4625,17.1848
,
4687.5,32.3617
,
4750,23.8288
,
4812.5,17.1798
,
4875,29.1755
,
4937.5,20.8256
,
5000,26.4363
,
5062.5,18.8749
,
5125,27.3595
,
5187.5,19.4365
,
5250,25.5314
,
5312.5,23.0901
,
5375,23.9933
,
5437.5,19.5897
,
5500,22.5859
,
5562.5,21.7284
,
5625,26.0209
,
5687.5,22.7363
,
5750,11.6047
,
5812.5,31.286
,
5875,17.6052
,
5937.5,23.592
,
6000,21.9872
,
6062.5,27.2739
,
6125,18.3619
,
6187.5,23.0266
,
6250,17.3569
,
6312.5,21.5144
,
6375,22.1371
,
6437.5,16.5674
,
6500,28.0551
,
6562.5,13.6053
,
6625,27.6019
,
6687.5,20.8379
,
6750,17.8976
,
6812.5,20.6314
,
6875,25.231
,
6937.5,13.9559
,
7000,26.94
,
7062.5,11.0109
,
7125,26.9339
,
7187.5,18.6343
,
7250,16.0033
,
7312.5,23.6697
,
7375,14.3081
,
7437.5,24.0419
,
7500,23.8432
,
7562.5,20.9444
,
7625,23.3344
,
7687.5,21.5335
,
7750,22.4923
,
7812.5,16.571
,
7875,26.0374
,
7937.5,10.8799
,
airflow(m/s),19.54
,
,
,
0,712.3256
,
62.5,19517.2565
,
125,15122.3692
,
187.5,8063.0766
,
250,1815.7445
,
312.5,1255.6157
,
375,842.8268
,
437.5,564.3769
,
500,171.569
,
562.5,231.0163
,
625,74.032
,
687.5,58.7875
,
750,67.9469
,
812.5,56.4721
,
875,27.7883
,
937.5,11.8191
,
1000,4.3605
,
1062.5,11.0314
,
1125,22.158
,
1187.5,19.7783
,
1250,14.0104
,
1312.5,21.9112
,
1375,6.0214
,
1437.5,29.0591
,
1500,13.7371
,
1562.5,6.5534
,
1625,11.4588
,
1687.5,9.8195
,
1750,6.6539
,
1812.5,13.1458
,
1875,7.8127
,
1937.5,1.3722
,
2000,16.7516
,
2062.5,8.5725
,
2125,7.3257
,
2187.5,9.5699
,
2250,5.7197
,
2312.5,6.8464
,
2375,7.978
,
2437.5,9.1104
,
2500,10.6559
,
2562.5,1.6934
,
2625,11.5785
,
2687.5,10.2554
,
2750,1.0596
,
2812.5,10.8395
,
2875,2.9681
,
2937.5,7.4527
,
3000,8.8731
,
3062.5,1.6678
,
3125,8.4765
,
3187.5,12.2058
,
3250,4.2453
,
3312.5,7.4431
,
3375,4.1438
,
3437.5,3.138
,
3500,4.4491
,
3562.5,10.2117
,
3625,0.6368
,
3687.5,8.4102
,
3750,1.9471
,
3812.5,7.7057
,
3875,6.3898
,
3937.5,6.3175
,
4000,5.3333
,
4062.5,1.5235
,
4125,7.9316
,
4187.5,5.4209
,
4250,3.6884
,
4312.5,2.502
,
4375,8.2345
,
4437.5,1.1954
,
4500,7.8375
,
4562.5,5.5132
,
4625,14.2224
,
4687.5,3.2078
,
4750,8.2087
,
4812.5,3.3849
,
4875,9.9366
,
4937.5,10.2457
,
5000,2.7271
,
5062.5,5.053
,
5125,4.0549
,
5187.5,7.6834
,
5250,7.6791
,
5312.5,2.1299
,
5375,1.7496
,
5437.5,3.6534
,
5500,5.8045
,
5562.5,5.3978
,
5625,12.2897
,
5687.5,5.7812
,
5750,7.8397
,
5812.5,3.6513
,
5875,3.3209
,
5937.5,7.8026
,
6000,0.7046
,
6062.5,5.4565
,
6125,7.2076
,
6187.5,6.0971
,
6250,0.7319
,
6312.5,5.3423
,
6375,7.4012
,
6437.5,2.8906
,
6500,2.3711
,
6562.5,8.0944
,
6625,7.9462
,
6687.5,4.4796
,
6750,2.4711
,
6812.5,11.1581
,
6875,9.7042
,
6937.5,1.6991
,
7000,7.8673
,
7062.5,10.8269
,
7125,6.5677
,
7187.5,5.0153
,
7250,2.735
,
7312.5,5.7502
,
7375,6.0662
,
7437.5,2.6109
,
7500,7.2574
,
7562.5,8.6821
,
7625,7.6058
,
7687.5,6.7096
,
7750,1.4644
,
7812.5,0.5342
,
7875,3.1178
,
7937.5,7.0814
,
airflow(m/s),19.54
,
,
,
0,6839.6138
,
62.5,6467.2385
,
125,1239.358
,
187.5,878.1398
,
250,1610.4245
,
312.5,1881.3453
,
375,828.142
,
437.5,277.905
,
500,322.7492
,
562.5,134.2373
,
625,48.7416
,
687.5,62.5055
,
750,29.2088
,
812.5,35.4388
,
875,22.4685
,
937.5,24.2431
,
1000,17.4339
,
1062.5,40.8289
,
1125,15.7416
,
1187.5,14.9521
,
1250,18.3574
,
1312.5,13.8084
,
1375,7.3
,
1437.5,7.7258
,
1500,26.7708
,
1562.5,18.2754
,
1625,14.2276
,
1687.5,14.1384
,
1750,10.3465
,
1812.5,5.4971
,
1875,13.5939
,
1937.5,5.2275
,
2000,12.7034
,
2062.5,9.8372
,
2125,2.9327
,
2187.5,11.7384
,
2250,8.1612
,
2312.5,6.5537
,
2375,10.6369
,
2437.5,9.6486
,
2500,1.5188
,
2562.5,9.2459
,
2625,12.2668
,
2687.5,8.1862
,
2750,6.6471
,
2812.5,10.415
,
2875,2.4216
,
2937.5,4.5205
,
3000,9.1617
,
3062.5,4.3929
,
3125,7.4296
,
3187.5,6.9343
,
3250,5.6546
,
3312.5,6.235
,
3375,4.8273
,
3437.5,4.9294
,
3500,7.0969
,
3562.5,1.2003
,
3625,9.3956
,
3687.5,8.5005
,
3750,9.5852
,
3812.5,8.3174
,
3875,8.7306
,
3937.5,9.6246
,
4000,6.8981
,
4062.5,7.4293
,
4125,5.4322
,
4187.5,2.7865
,
4250,8.287
,
4312.5,6.7842
,
4375,5.4835
,
4437.5,10.2194
,
4500,7.1034
,
4562.5,8.7055
,
4625,4.4282
,
4687.5,8.272
,
4750,4.7547
,
4812.5,5.4336
,
4875,5.3812
,
4937.5,3.9946
,
5000,2.3398
,
5062.5,9.6122
,
5125,3.8304
,
5187.5,2.3986
,
5250,4.0941
,
5312.5,4.8718
,
5375,4.0567
,
5437.5,9.449
,
5500,8.9422
,
5562.5,6.0144
,
5625,9.9749
,
5687.5,6.5242
,
5750,1.7761
,
5812.5,7.4072
,
5875,4.1932
,
5937.5,3.6641
,
6000,1.6454
,
6062.5,12.2036
,
6125,2.0568
,
6187.5,7.5011
,
6250,6.4316
,
6312.5,12.6909
,
6375,6.3527
,
6437.5,4.0848
,
6500,5.3818
,
6562.5,4.2901
,
6625,4.9887
,
6687.5,4.5379
,
6750,11.3487
,
6812.5,3.6461
,
6875,6.05
,
6937.5,7.67
,
7000,4.4854
,
7062.5,2.1382
,
7125,10.9867
,
7187.5,10.0185
,
7250,9.0781
,
7312.5,5.5646
,
7375,1.8812
,
7437.5,7.0979
,
7500,1.9266
,
7562.5,5.4983
,
7625,1.4079
,
7687.5,5.2338
,
7750,6.6956
,
7812.5,6.5284
,
7875,3.9447
,
7937.5,2.29
,
airflow(m/s),19.79
,
,
,
0,19323.8894
,
62.5,12969.7616
,
125,4891.4587
,
187.5,10126.2616
,
250,4886.5046
,
312.5,3536.0476
,
375,4271.0826
,
437.5,2606.5148
,
500,1038.6111
,
562.5,1472.2718
,
625,622.4552
,
687.5,312.5561
,
750,411.7261
,
812.5,249.311
,
875,150.6423
,
937.5,106.5936
,
1000,90.5186
,
1062.5,35.3921
,
1125,39.7996
,
1187.5,17.8075
,
1250,36.0694
,
1312.5,25.1577
,
1375,10.3093
,
1437.5,29.3703
,
1500,25.7862
,
1562.5,15.6738
,
1625,24.1377
,
1687.5,23.4623
,
1750,15.0744
,
1812.5,14.8173
,
1875,21.9363
,
1937.5,11.2068
,
2000,22.7412
,
2062.5,15.6223
,
2125,18.3294
,
2187.5,6.8656
,
2250,19.6019
,
2312.5,8.8414
,
2375,20.6387
,
2437.5,8.2684
,
2500,19.9654
,
2562.5,9.4682
,
2625,20.3486
,
2687.5,11.7825
,
2750,8.4147
,
2812.5,15.6559
,
2875,8.2703
,
2937.5,8.5103
,
3000,18.8376
,
3062.5,14.898
,
3125,9.1151
,
3187.5,9.0118
,
3250,11.2265
,
3312.5,11.3082
,
3375,9.7092
,
3437.5,3.9455
,
3500,17.8954
,
3562.5,15.3951
,
3625,7.8264
,
3687.5,8.7348
,
3750,10.5969
,
3812.5,13.0444
,
3875,11.1692
,
3937.5,4.3463
,
4000,8.3557
,
4062.5,16.7007
,
4125,3.0917
,
4187.5,11.771
,
4250,9.0635
,
4312.5,5.6281
,
4375,14.6598
,
4437.5,3.8181
,
4500,10.3466
,
4562.5,9.4296
,
4625,9.3855
,
4687.5,6.9651
,
4750,2.4511
,
4812.5,10.6422
,
4875,9.7847
,
4937.5,11.0264
,
5000,3.9669
,
5062.5,12.2256
,
5125,4.8438
,
5187.5,10.0363
,
5250,5.6743
,
5312.5,7.4354
,
5375,6.5216
,
5437.5,6.2445
,
5500,9.2998
,
5562.5,6.2386
,
5625,4.7351
,
5687.5,13.724
,
5750,3.1682
,
5812.5,8.8407
,
5875,6.3583
,
5937.5,7.5569
,
6000,8.3257
,
6062.5,9.868
,
6125,8.6985
,
6187.5,5.1245
,
6250,14.2959
,
6312.5,7.658
,
6375,2.3225
,
6437.5,6.9953
,
6500,6.1889
,
6562.5,7.7682
,
6625,10.01
,
6687.5,6.6455
,
6750,10.5957
,
6812.5,9.923
,
6875,15.2406
,
6937.5,7.308
,
7000,1.3764
,
7062.5,8.0767
,
7125,8.7997
,
7187.5,3.0743
,
7250,16.8836
,
7312.5,6.5722
,
7375,11.5221
,
7437.5,2.6658
,
7500,15.0779
,
7562.5,3.0448
,
7625,3.3733
,
7687.5,10.0018
,
7750,3.6224
,
7812.5,7.8065
,
7875,3.6882
,
7937.5,8.0498
,
airflow(m/s),19.54
,
,
,
0,3570.9565
,
62.5,9314.1313
,
125,16036.0949
,
187.5,8329.864
,
250,6032.2055
,
312.5,6272.9971
,
375,3414.9307
,
437.5,6218.2782
,
500,3229.4769
,
562.5,2069.3356
,
625,1276.6873
,
687.5,516.2119
,
750,326.1035
,
812.5,912.1017
,
875,602.1136
,
937.5,981.8756
,
1000,670.2177
,
1062.5,352.5786
,
1125,487.2372
,
1187.5,362.6197
,
1250,147.0855
,
1312.5,172.3638
,
1375,291.6329
,
1437.5,89.5381
,
1500,167.132
,
1562.5,39.4898
,
1625,48.1488
,
1687.5,83.1374
,
1750,24.8137
,
1812.5,77.6651
,
1875,21.6116
,
1937.5,51.1484
,
2000,43.3207
,
2062.5,42.5258
,
2125,44.436
,
2187.5,26.0948
,
2250,34.2898
,
2312.5,31.6108
,
2375,39.8013
,
2437.5,26.3717
,
2500,38.3597
,
2562.5,25.396
,
2625,30.8073
,
2687.5,30.3053
,
2750,33.0932
,
2812.5,29.9402
,
2875,24.5923
,
2937.5,28.1246
,
3000,23.8794
,
3062.5,27.0269
,
3125,28.0288
,
3187.5,26.0372
,
3250,27.317
,
3312.5,23.5402
,
3375,20.5016
,
3437.5,25.9406
,
3500,24.446
,
3562.5,24.3514
,
3625,17.3209
,
3687.5,34.0227
,
3750,17.0741
,
3812.5,20.1594
,
3875,22.6147
,
3937.5,18.8684
,
4000,24.2002
,
4062.5,19.8047
,
4125,23.2722
,
4187.5,16.4705
,
4250,25.8761
,
4312.5,20.4474
,
4375,12.1543
,
4437.5,29.7185
,
4500,16.1798
,
4562.5,18.6467
,
4625,19.2817
,
4687.5,19.8856
,
4750,22.2846
,
4812.5,17.9463
,
4875,17.389
,
4937.5,20.0118
,
5000,18.4894
,
5062.5,19.3306
,
5125,15.7123
,
5187.5,19.0895
,
5250,21.2482
,
5312.5,9.101
,
5375,23.4935
,
5437.5,16.914
,
5500,16.6408
,
5562.5,14.2169
,
5625,18.1177
,
5687.5,18.3698
,
5750,15.089
,
5812.5,22.2131
,
5875,10.2395
,
5937.5,16.7611
,
6000,17.2465
,
6062.5,19.9346
,
6125,13.5677
,
6187.5,19.54
,
6250,15.6556
,
6312.5,11.9972
,
6375,20.8375
,
6437.5,14.1087
,
6500,14.4427
,
6562.5,21.9476
,
6625,10.0141
,
6687.5,22.0046
,
6750,10.1428
,
6812.5,17.5224
,
6875,17.4074
,
6937.5,15.5056
,
7000,10.3164
,
7062.5,20.3853
,
7125,14.3856
,
7187.5,12.6659
,
7250,17.2726
,
7312.5,12.2364
,
7375,18.6817
,
7437.5,17.0135
,
7500,11.6605
,
7562.5,18.0359
,
7625,14.6523
,
7687.5,15.2483
,
7750,19.9109
,
7812.5,13.4555
,
7875,15.8279
,
7937.5,19.4641
,
airflow(m/s),20.04
,
,
,
0,13272.53
,
62.5,11989.8985
,
125,5817.1388
,
187.5,8134.2716
,
250,7029.643
,
312.5,6175.0404
,
375,3785.9548
,
437.5,2513.2746
,
500,1618.5213
,
562.5,860.3009
,
625,668.7206
,
687.5,398.2463
,
750,272.2594
,
812.5,57.0087
,
875,27.905
,
937.5,64.2024
,
1000,172.0285
,
1062.5,53.6923
,
1125,36.0978
,
1187.5,27.222
,
1250,50.7615
,
1312.5,12.3745
,
1375,39.9423
,
1437.5,14.6797
,
1500,42.0804
,
1562.5,19.0938
,
1625,26.1203
,
1687.5,14.7291
,
1750,30.7937
,
1812.5,31.225
,
1875,17.8286
,
1937.5,6.2952
,
2000,27.8269
,
2062.5,11.687
,
2125,25.922
,
2187.5,14.5629
,
2250,12.9765
,
2312.5,20.5628
,
2375,24.0317
,
2437.5,17.118
,
2500,16.0538
,
2562.5,19.3092
,
2625,16.1637
,
2687.5,12.1824
,
2750,17.78
,
2812.5,11.0927
,
2875,17.8175
,
2937.5,9.7172
,
3000,12.1634
,
3062.5,13.6593
,
3125,22.4105
,
3187.5,6.5027
,
3250,13.7604
,
3312.5,8.3135
,
3375,20.4624
,
3437.5,11.0327
,
3500,3.8305
,
3562.5,13.2591
,
3625,9.616
,
3687.5,17.6336
,
3750,7.5364
,
3812.5,13.5746
,
3875,7.8874
,
3937.5,12.8131
,
4000,15.0751
,
4062.5,8.5717
,
4125,2.2595
,
4187.5,16.3812
,
4250,8.4914
,
4312.5,11.7753
,
4375,13.7848
,
4437.5,5.0071
,
4500,15.4702
,
4562.5,5.947
,
4625,13.7734
,
4687.5,8.4863
,
4750,9.0277
,
4812.5,11.0302
,
4875,7.2603
,
4937.5,10.3537
,
5000,10.5695
,
5062.5,13.3393
,
5125,4.3441
,
5187.5,9.6174
,
5250,14.2683
,
5312.5,2.7378
,
5375,16.9943
,
5437.5,1.1409
,
5500,11.0518
,
5562.5,8.7626
,
5625,10.919
,
5687.5,1.2029
,
5750,16.3644
,
5812.5,7.2314
,
5875,16.4804
,
5937.5,1.8301
,
6000,9.4449
,
6062.5,7.4686
,
6125,9.6005
,
6187.5,9.7371
,
6250,10.8032
,
6312.5,11.5056
,
6375,12.251
,
6437.5,5.9042
,
6500,10.8752
,
6562.5,12.4358
,
6625,2.5234
,
6687.5,16.7614
,
6750,3.2044
,
6812.5,4.4855
,
6875,9.2029
,
6937.5,9.1194
,
7000,9.5834
,
7062.5,12.6314
,
7125,2.6954
,
7187.5,11.9244
,
7250,4.4634
,
7312.5,12.6808
,
7375,4.9618
,
7437.5,3.8294
,
7500,14.4545
,
7562.5,5.3601
,
7625,13.6824
,
7687.5,6.406
,
7750,4.3381
,
7812.5,15.3639
,
7875,3.9818
,
7937.5,14.3655
,
airflow(m/s),20.56
,
,
,
0,15346.263
,
62.5,11150.3615
,
125,2250.7329
,
187.5,6991.003
,
250,1572.3407
,
312.5,1897.9979
,
375,2089.1713
,
437.5,1564.9122
,
500,1047.7418
,
562.5,1166.1013
,
625,315.4679
,
687.5,653.0367
,
750,276.5599
,
812.5,401.0097
,
875,255.7885
,
937.5,353.0354
,
1000,229.9638
,
1062.5,89.1028
,
1125,66.1256
,
1187.5,56.2946
,
1250,67.6761
,
1312.5,71.0117
,
1375,23.4222
,
1437.5,18.9006
,
1500,74.7317
,
1562.5,57.2254
,
1625,62.9912
,
1687.5,11.7542
,
1750,21.9706
,
1812.5,37.3381
,
1875,36.6029
,
1937.5,29.4095
,
2000,33.2413
,
2062.5,34.0254
,
2125,18.3868
,
2187.5,25.115
,
2250,29.5405
,
2312.5,12.7337
,
2375,30.6144
,
2437.5,25.3324
,
2500,25.6417
,
2562.5,21.1518
,
2625,27.5866
,
2687.5,15.983
,
2750,23.2152
,
2812.5,22.8289
,
2875,17.3424
,
2937.5,23.9198
,
3000,20.3932
,
3062.5,17.0483
,
3125,17.6516
,
3187.5,21.229
,
3250,22.5075
,
3312.5,15.1011
,
3375,17.5773
,
3437.5,22.9621
,
3500,16.155
,
3562.5,20.0103
,
3625,13.9466
,
3687.5,22.1752
,
3750,11.3278
,
3812.5,17.5614
,
3875,12.6606
,
3937.5,21.1661
,
4000,12.4251
,
4062.5,9.6456
,
4125,23.8904
,
4187.5,7.3878
,
4250,12.6116
,
4312.5,21.2292
,
4375,14.4042
,
4437.5,11.4801
,
4500,16.7447
,
4562.5,7.1927
,
4625,20.0048
,
4687.5,11.926
,
4750,10.9622
,
4812.5,17.7599
,
4875,15.5914
,
4937.5,10.5846
,
5000,12.941
,
5062.5,15.8059
,
5125,13.1805
,
5187.5,11.7677
,
5250,16.6328
,
5312.5,9.879
,
5375,9.4941
,
5437.5,19.1527
,
5500,6.056
,
5562.5,14.5242
,
5625,12.724
,
5687.5,12.211
,
5750,8.1624
,
5812.5,26.2136
,
5875,1.2422
,
5937.5,15.8106
,
6000,9.022
,
6062.5,17.2131
,
6125,11.0166
,
6187.5,7.4934
,
6250,11.0828
,
6312.5,13.612
,
6375,7.1402
,
6437.5,12.1553
,
6500,13.5476
,
6562.5,8.9171
,
6625,17.4365
,
6687.5,9.3774
,
6750,16.1214
,
6812.5,9.4219
,
6875,9.9803
,
6937.5,16.2461
,
7000,8.2156
,
7062.5,8.0851
,
7125,13.7962
,
7187.5,13.0373
,
7250,10.951
,
7312.5,8.9137
,
7375,9.5863
,
7437.5,12.8742
,
7500,14.4353
,
7562.5,11.7263
,
7625,11.1473
,
7687.5,10.502
,
7750,11.4679
,
7812.5,9.9014
,
7875,11.6373
,
7937.5,8.1678
,
airflow(m/s),20.56
,
,
,
0,4959.3495
,
62.5,11035.9765
,
125,11784.1252
,
187.5,6773.3531
,
250,639.9051
,
312.5,3670.8008
,
375,1479.7976
,
437.5,1343.5067
,
500,398.1303
,
562.5,982.9621
,
625,807.0862
,
687.5,466.9521
,
750,347.3243
,
812.5,335.8274
,
875,102.3784
,
937.5,293.1134
,
1000,17.1546
,
1062.5,143.4061
,
1125,50.0707
,
1187.5,30.4489
,
1250,59.1298
,
1312.5,4.6447
,
1375,51.2334
,
1437.5,15.8684
,
1500,5.2209
,
1562.5,7.2704
,
1625,16.4546
,
1687.5,12.8813
,
1750,5.4282
,
1812.5,14.5494
,
1875,11.9999
,
1937.5,14.0248
,
2000,10.2724
,
2062.5,12.4211
,
2125,4.2631
,
2187.5,14.3473
,
2250,9.4966
,
2312.5,1.4055
,
2375,18.7683
,
2437.5,8.7848
,
2500,5.1799
,
2562.5,14.6636
,
2625,7.5344
,
2687.5,12.9722
,
2750,2.5113
,
2812.5,5.2811
,
2875,6.2698
,
2937.5,7.0968
,
3000,3.5271
,
3062.5,7.8233
,
3125,6.7351
,
3187.5,3.5726
,
3250,3.3888
,
3312.5,11.3288
,
3375,4.5673
,
3437.5,4.4654
,
3500,8.4752
,
3562.5,2.4056
,
3625,8.9988
,
3687.5,5.1439
,
3750,2.6443
,
3812.5,2.7581
,
3875,7.284
,
3937.5,7.4684
,
4000,0.7771
,
4062.5,9.2073
,
4125,7.9559
,
4187.5,6.7527
,
4250,2.4387
,
4312.5,1.4551
,
4375,9.0535
,
4437.5,7.7999
,
4500,4.9645
,
4562.5,5.9998
,
4625,12.1886
,
4687.5,5.7837
,
4750,11.872
,
4812.5,2.9362
,
4875,6.498
,
4937.5,3.5496
,
5000,7.0583
,
5062.5,4.6392
,
5125,7.8276
,
5187.5,5.3134
,
5250,8.0455
,
5312.5,3.9624
,
5375,8.4004
,
5437.5,3.8325
,
5500,2.0566
,
5562.5,9.4769
,
5625,3.5387
,
5687.5,10.6122
,
5750,4.678
,
5812.5,8.836
,
5875,7.8606
,
5937.5,2.2843
,
6000,3.1499
,
6062.5,1.9545
,
6125,9.2959
,
6187.5,2.1097
,
6250,7.1034
,
6312.5,2.5016
,
6375,5.417
,
6437.5,3.123
,
6500,0.5426
,
6562.5,8.2741
,
6625,5.3585
,
6687.5,3.9689
,
6750,3.1893
,
6812.5,3.7155
,
6875,1.7001
,
6937.5,3.9547
,
7000,13.4877
,
7062.5,7.2211
,
7125,1.8805
,
7187.5,2.6956
,
7250,8.076
,
7312.5,2.871
,
7375,6.6061
,
7437.5,3.0551
,
7500,6.3727
,
7562.5,6.2986
,
7625,3.6112
,
7687.5,8.5314
,
7750,1.0253
,
7812.5,5.4241
,
7875,1.334
,
7937.5,8.3597
,
airflow(m/s),19.79
,
,
,
0,4937.6684
,
62.5,6123.1926
,
125,7483.0641
,
187.5,561.1526
,
250,1055.3218
,
312.5,1871.3094
,
375,3642.1522
,
437.5,2539.4345
,
500,1725.0913
,
562.5,719.118
,
625,589.34
,
687.5,258.653
,
750,349.4851
,
812.5,160.3952
,
875,72.6987
,
937.5,117.4651
,
1000,73.2409
,
1062.5,8.1821
,
1125,19.5664
,
1187.5,31.6302
,
1250,17.2041
,
1312.5,19.0959
,
1375,29.1157
,
1437.5,17.1331
,
1500,11.5316
,
1562.5,10.7785
,
1625,5.7149
,
1687.5,20.6519
,
1750,6.4352
,
1812.5,9.7173
,
1875,1.3721
,
1937.5,11.9186
,
2000,5.8179
,
2062.5,4.609
,
2125,10.0189
,
2187.5,5.2121
,
2250,3.0106
,
2312.5,11.3036
,
2375,5.631
,
2437.5,5.3015
,
2500,3.5349
,
2562.5,7.5571
,
2625,5.405
,
2687.5,4.1452
,
2750,7.1625
,
2812.5,1.5363
,
2875,6.2115
,
2937.5,1.047
,
3000,3.4697
,
3062.5,2.9203
,
3125,3.6041
,
3187.5,4.6101
,
3250,5.179
,
3312.5,6.8632
,
3375,7.4312
,
3437.5,8.0104
,
3500,4.839
,
3562.5,5.6909
,
3625,9.7586
,
3687.5,2.9154
,
3750,3.5245
,
3812.5,4.6414
,
3875,7.2232
,
3937.5,4.3521
,
4000,8.684
,
4062.5,10.2385
,
4125,10.1035
,
4187.5,5.1336
,
4250,8.817
,
4312.5,5.4603
,
4375,4.4318
,
4437.5,6.7175
,
4500,5.7268
,
4562.5,2.8543
,
4625,6.6045
,
4687.5,11.4058
,
4750,8.3818
,
4812.5,7.628
,
4875,1.7125
,
4937.5,3.6572
,
5000,3.8638
,
5062.5,8.3436
,
5125,8.7895
,
5187.5,3.6668
,
5250,6.468
,
5312.5,6.5328
,
5375,7.7092
,
5437.5,2.5284
,
5500,7.1961
,
5562.5,7.6947
,
5625,7.9107
,
5687.5,3.8648
,
5750,3.488
,
5812.5,2.747
,
5875,0.4145
,
5937.5,3.4572
,
6000,5.4293
,
6062.5,1.5458
,
6125,2.6671
,
6187.5,1.3631
,
6250,3.0379
,
6312.5,11.6897
,
6375,10.4477
,
6437.5,2.5959
,
6500,5.5852
,
6562.5,9.9216
,
6625,9.1293
,
6687.5,5.115
,
6750,5.2748
,
6812.5,7.8091
,
6875,6.2438
,
6937.5,9.7778
,
7000,5.29
,
7062.5,8.7513
,
7125,11.9294
,
7187.5,9.0968
,
7250,6.8927
,
7312.5,1.2807
,
7375,6.0238
,
7437.5,4.5004
,
7500,0.9403
,
7562.5,2.3831
,
7625,3.3593
,
7687.5,3.4107
,
7750,5.3095
,
7812.5,0.8747
,
7875,2.8275
,
7937.5,1.9397
,
airflow(m/s),20.82
,
,
,
0,13531.1055
,
62.5,9332.9218
,
125,6331.8994
,
187.5,2394.2709
,
250,6029.0518
,
312.5,4909.9677
,
375,1484.8762
,
437.5,1708.1577
,
500,1370.1367
,
562.5,1922.2277
,
625,1292.8176
,
687.5,854.4985
,
750,629.1673
,
812.5,356.8962
,
875,351.676
,
937.5,152.5712
,
1000,254.0151
,
1062.5,81.2034
,
1125,171.5463
,
1187.5,56.4754
,
1250,88.5637
,
1312.5,56.4989
,
1375,52.9172
,
1437.5,56.3151
,
1500,38.9863
,
1562.5,53.6743
,
1625,33.0983
,
1687.5,49.7208
,
1750,28.8301
,
1812.5,52.798
,
1875,26.1739
,
1937.5,39.8866
,
2000,44.0849
,
2062.5,28.1142
,
2125,35.9491
,
2187.5,24.6953
,
2250,35.7241
,
2312.5,30.8115
,
2375,25.9359
,
2437.5,28.5346
,
2500,30.8716
,
2562.5,29.187
,
2625,28.2075
,
2687.5,21.3795
,
2750,25.5158
,
2812.5,33.9109
,
2875,23.8312
,
2937.5,23.0181
,
3000,28.5802
,
3062.5,23.1647
,
3125,22.5013
,
3187.5,24.6992
,
3250,23.3819
,
3312.5,20.2303
,
3375,18.828
,
3437.5,24.5571
,
3500,17.9064
,
3562.5,24.5369
,
3625,15.6211
,
3687.5,22.2899
,
3750,18.8705
,
3812.5,21.7326
,
3875,18.4119
,
3937.5,21.2643
,
4000,19.2772
,
4062.5,17.4531
,
4125,14.5743
,
4187.5,19.0531
,
4250,18.3341
,
4312.5,22.1201
,
4375,14.3118
,
4437.5,20.6058
,
4500,16.9834
,
4562.5,19.4847
,
4625,13.4299
,
4687.5,19.8597
,
4750,17.6494
,
4812.5,19.0164
,
4875,16.9458
,
4937.5,14.6678
,
5000,18.1379
,
5062.5,13.1406
,
5125,21.5733
,
5187.5,10.5595
,
5250,18.8011
,
5312.5,11.93
,
5375,19.3465
,
5437.5,14.6886
,
5500,12.7901
,
5562.5,12.6977
,
5625,21.5988
,
5687.5,4.1327
,
5750,24.0681
,
5812.5,14.0213
,
5875,14.2018
,
5937.5,15.9727
,
6000,17.1084
,
6062.5,12.647
,
6125,12.1903
,
6187.5,15.2324
,
6250,13.5949
,
6312.5,16.2543
,
6375,13.6759
,
6437.5,14.2465
,
6500,15.4676
,
6562.5,13.5028
,
6625,11.5622
,
6687.5,18.9829
,
6750,9.2666
,
6812.5,18.7904
,
6875,9.4487
,
6937.5,15.202
,
7000,15.2518
,
7062.5,15.7367
,
7125,15.0633
,
7187.5,10.827
,
7250,13.264
,
7312.5,14.4488
,
7375,17.7087
,
7437.5,7.342
,
7500,11.3182
,
7562.5,21.502
,
7625,9.7692
,
7687.5,11.836
,
7750,16.9617
,
7812.5,6.7262
,
7875,16.8644
,
7937.5,18.7624
,
airflow(m/s),20.3
,
,
,
0,10126.4864
,
62.5,4465.3197
,
125,2539.1166
,
187.5,3758.3149
,
250,207.5392
,
312.5,868.8354
,
375,673.0574
,
437.5,88.5617
,
500,357.5164
,
562.5,164.8548
,
625,132.3633
,
687.5,179.7594
,
750,41.1254
,
812.5,93.3852
,
875,54.7868
,
937.5,65.4059
,
1000,63.7355
,
1062.5,64.1414
,
1125,60.8594
,
1187.5,64.9367
,
1250,48.1205
,
1312.5,41.9281
,
1375,61.6621
,
1437.5,43.6871
,
1500,37.2457
,
1562.5,46.7285
,
1625,37.2043
,
1687.5,35.5636
,
1750,42.7093
,
1812.5,32.9696
,
1875,40.742
,
1937.5,33.0185
,
2000,36.218
,
2062.5,27.0361
,
2125,34.8813
,
2187.5,29.7647
,
2250,32.8017
,
2312.5,29.3979
,
2375,24.7538
,
2437.5,28.6611
,
2500,27.4306
,
2562.5,25.8129
,
2625,25.5095
,
2687.5,27.3844
,
2750,21.1417
,
2812.5,29.301
,
2875,21.9399
,
2937.5,20.322
,
3000,26.1
,
3062.5,18.3993
,
3125,29.887
,
3187.5,14.7254
,
3250,25.6902
,
3312.5,23.1116
,
3375,13.3089
,
3437.5,23.3238
,
3500,20.755
,
3562.5,19.6612
,
3625,21.8135
,
3687.5,16.0752
,
3750,21.8074
,
3812.5,20.2701
,
3875,16.5359
,
3937.5,18.421
,
4000,9.408
,
4062.5,29.9575
,
4125,13.0297
,
4187.5,16.7563
,
4250,21.0405
,
4312.5,15.9266
,
4375,14.5795
,
4437.5,15.3769
,
4500,16.6913
,
4562.5,19.4683
,
4625,11.2339
,
4687.5,19.9527
,
4750,16.385
,
4812.5,14.1454
,
4875,13.5297
,
4937.5,16.7114
,
5000,13.3179
,
5062.5,16.7446
,
5125,14.9389
,
5187.5,14.4116
,
5250,14.0337
,
5312.5,18.2843
,
5375,8.4421
,
5437.5,22.3118
,
5500,11.238
,
5562.5,15.4068
,
5625,13.1335
,
5687.5,17.9383
,
5750,9.3024
,
5812.5,18.0929
,
5875,8.8824
,
5937.5,23.3595
,
6000,7.3443
,
6062.5,25.1158
,
6125,10.1759
,
6187.5,13.5187
,
6250,10.2894
,
6312.5,21.7744
,
6375,11.6772
,
6437.5,12.498
,
6500,15.6891
,
6562.5,11.3358
,
6625,11.044
,
6687.5,16.2455
,
6750,12.5121
,
6812.5,14.3371
,
6875,12.4073
,
6937.5,12.1794
,
7000,13.6832
,
7062.5,14.2742
,
7125,9.927
,
7187.5,17.8478
,
7250,8.0135
,
7312.5,14.0503
,
7375,14.9573
,
7437.5,9.8365
,
7500,10.2053
,
7562.5,17.9954
,
7625,14.0597
,
7687.5,14.514
,
7750,15.0342
,
7812.5,6.888
,
7875,15.3392
,
7937.5,13.9078
,
airflow(m/s),18.55
,
,
,
0,5868.7676
,
62.5,7824.4938
,
125,15790.0305
,
187.5,3337.0879
,
250,4277.9262
,
312.5,2832.3572
,
375,5609.1034
,
437.5,3203.6091
,
500,1310.7981
,
562.5,371.6414
,
625,1030.7645
,
687.5,481.9004
,
750,301.9921
,
812.5,113.3251
,
875,243.6055
,
937.5,138.1813
,
1000,226.5337
,
1062.5,244.7054
,
1125,143.4415
,
1187.5,140.6627
,
1250,163.3549
,
1312.5,52.9988
,
1375,106.8138
,
1437.5,77.976
,
1500,88.1076
,
1562.5,55.6357
,
1625,57.3644
,
1687.5,42.1855
,
1750,40.5362
,
1812.5,40.8167
,
1875,34.8353
,
1937.5,27.0977
,
2000,12.4075
,
2062.5,20.8969
,
2125,12.5276
,
2187.5,21.5599
,
2250,8.3662
,
2312.5,12.0901
,
2375,19.0067
,
2437.5,7.7915
,
2500,8.1781
,
2562.5,24.5229
,
2625,9.8137
,
2687.5,7.9051
,
2750,9.0078
,
2812.5,20.3816
,
2875,10.2846
,
2937.5,10.5922
,
3000,11.3585
,
3062.5,9.9176
,
3125,11.5602
,
3187.5,7.5923
,
3250,9.3458
,
3312.5,18.2819
,
3375,6.5923
,
3437.5,7.5072
,
3500,7.1526
,
3562.5,12.6607
,
3625,5.2907
,
3687.5,16.2486
,
3750,4.7914
,
3812.5,10.3
,
3875,11.7158
,
3937.5,7.8093
,
4000,5.9437
,
4062.5,7.207
,
4125,13.1423
,
4187.5,2.7695
,
4250,12.134
,
4312.5,8.8591
,
4375,6.3309
,
4437.5,8.5525
,
4500,8.181
,
4562.5,9.5258
,
4625,4.1934
,
4687.5,8.0034
,
4750,7.6974
,
4812.5,11.3133
,
4875,2.7376
,
4937.5,9.1759
,
5000,8.8053
,
5062.5,4.8091
,
5125,14.4776
,
5187.5,2.0851
,
5250,5.7459
,
5312.5,12.3993
,
5375,5.9804
,
5437.5,5.4547
,
5500,9.2931
,
5562.5,7.0207
,
5625,7.4198
,
5687.5,10.1656
,
5750,7.81
,
5812.5,7.3879
,
5875,9.7205
,
5937.5,6.4035
,
6000,2.5338
,
6062.5,8.3086
,
6125,7.6818
,
6187.5,7.6294
,
6250,5.2646
,
6312.5,9.1434
,
6375,4.438
,
6437.5,5.7321
,
6500,9.466
,
6562.5,4.7974
,
6625,1.5824
,
6687.5,8.0345
,
6750,9.7931
,
6812.5,4.0724
,
6875,4.47
,
6937.5,15.0202
,
7000,4.1332
,
7062.5,9.5603
,
7125,11.3173
,
7187.5,0.6259
,
7250,11.3333
,
7312.5,3.7638
,
7375,4.4646
,
7437.5,13.2615
,
7500,1.8902
,
7562.5,2.7387
,
7625,7.6025
,
7687.5,5.8739
,
7750,12.1683
,
7812.5,1.4789
,
7875,7.1618
,
7937.5,2.1936
,
airflow(m/s),19.29
,
,
,
0,1355.0375
,
62.5,1383.4575
,
125,2544.9825
,
187.5,4940.7673
,
250,2194.0556
,
312.5,503.3391
,
375,301.0783
,
437.5,228.6287
,
500,437.8161
,
562.5,161.2771
,
625,141.8223
,
687.5,141.0034
,
750,132.8313
,
812.5,87.1706
,
875,93.949
,
937.5,74.0914
,
1000,85.3764
,
1062.5,81.4912
,
1125,62.9025
,
1187.5,67.5861
,
1250,76.9469
,
1312.5,67.7497
,
1375,56.1792
,
1437.5,65.8133
,
1500,51.7065
,
1562.5,65.3335
,
1625,50.8137
,
1687.5,49.2823
,
1750,47.3466
,
1812.5,45.3573
,
1875,51.1407
,
1937.5,35.4952
,
2000,50.1477
,
2062.5,37.6198
,
2125,40.5732
,
2187.5,45.8577
,
2250,45.0134
,
2312.5,31.149
,
2375,38.4558
,
2437.5,35.7689
,
2500,35.6874
,
2562.5,39.685
,
2625,24.9226
,
2687.5,37.2336
,
2750,27.422
,
2812.5,32.3769
,
2875,26.2906
,
2937.5,35.3753
,
3000,27.4307
,
3062.5,26.1775
,
3125,31.8238
,
3187.5,24.9568
,
3250,32.0396
,
3312.5,23.9196
,
3375,30.5369
,
3437.5,26.3056
,
3500,24.5584
,
3562.5,29.8897
,
3625,16.4809
,
3687.5,33.3288
,
3750,26.29
,
3812.5,19.3427
,
3875,25.7058
,
3937.5,20.9086
,
4000,25.5871
,
4062.5,15.9175
,
4125,30.4086
,
4187.5,26.5098
,
4250,20.1367
,
4312.5,19.2681
,
4375,25.0745
,
4437.5,19.9647
,
4500,20.3582
,
4562.5,25.9057
,
4625,17.5341
,
4687.5,23.096
,
4750,21.849
,
4812.5,20.3379
,
4875,20.8829
,
4937.5,20.6544
,
5000,14.7915
,
5062.5,24.4052
,
5125,21.0939
,
5187.5,17.2113
,
5250,15.67
,
5312.5,25.3155
,
5375,19.6706
,
5437.5,16.6035
,
5500,24.8992
,
5562.5,17.0218
,
5625,20.242
,
5687.5,15.6269
,
5750,16.7521
,
5812.5,18.7907
,
5875,17.3261
,
5937.5,21.7547
,
6000,15.0056
,
6062.5,23.1863
,
6125,11.3012
,
6187.5,21.9201
,
6250,11.7957
,
6312.5,25.4287
,
6375,15.1992
,
6437.5,13.8376
,
6500,20.4408
,
6562.5,15.3127
,
6625,20.5269
,
6687.5,16.1634
,
6750,17.9567
,
6812.5,19.5845
,
6875,11.4497
,
6937.5,17.6491
,
7000,21.5071
,
7062.5,18.7392
,
7125,10.8428
,
7187.5,20.7589
,
7250,16.0569
,
7312.5,12.788
,
7375,20.3131
,
7437.5,12.9662
,
7500,18.8747
,
7562.5,17.4482
,
7625,12.3559
,
7687.5,21.6282
,
7750,13.0279
,
7812.5,15.4702
,
7875,18.8367
,
7937.5,17.498
,
airflow(m/s),20.04
,
,
,
0,8481.0378
,
62.5,14206.9732
,
125,1587.424
,
187.5,10331.3871
,
250,4100.3408
,
312.5,3951.7292
,
375,1322.0812
,
437.5,1729.1013
,
500,1753.4098
,
562.5,1908.2636
,
625,1169.2736
,
687.5,498.5739
,
750,1110.9722
,
812.5,877.7106
,
875,402.4779
,
937.5,101.1104
,
1000,300.6332
,
1062.5,298.6356
,
1125,50.6217
,
1187.5,95.2566
,
1250,180.3105
,
1312.5,141.4059
,
1375,81.8821
,
1437.5,88.5097
,
1500,18.6621
,
1562.5,29.0004
,
1625,41.3042
,
1687.5,3.626
,
1750,33.9134
,
1812.5,31.7154
,
1875,26.0793
,
1937.5,24.8639
,
2000,17.9701
,
2062.5,14.3768
,
2125,15.8473
,
2187.5,15.7859
,
2250,13.1831
,
2312.5,17.1603
,
2375,9.4033
,
2437.5,8.5379
,
2500,21.1673
,
2562.5,10.801
,
2625,12.5888
,
2687.5,19.8306
,
2750,6.0736
,
2812.5,17.626
,
2875,3.2326
,
2937.5,25.2018
,
3000,11.6347
,
3062.5,11.1178
,
3125,9.8866
,
3187.5,10.4372
,
3250,12.2636
,
3312.5,16.5621
,
3375,7.6749
,
3437.5,12.0492
,
3500,10.0008
,
3562.5,16.0925
,
3625,10.5149
,
3687.5,6.6739
,
3750,18.4774
,
3812.5,2.3772
,
3875,10.9366
,
3937.5,9.5694
,
4000,12.2638
,
4062.5,9.148
,
4125,8.6025
,
4187.5,10.1008
,
4250,6.2519
,
4312.5,12.428
,
4375,5.3853
,
4437.5,12.8907
,
4500,6.3078
,
4562.5,6.0399
,
4625,7.6262
,
4687.5,12.9414
,
4750,2.2121
,
4812.5,17.2915
,
4875,5.1221
,
4937.5,9.8786
,
5000,9.9248
,
5062.5,9.7578
,
5125,9.2076
,
5187.5,10.4341
,
5250,1.8241
,
5312.5,10.1815
,
5375,9.0664
,
5437.5,18.1025
,
5500,2.1295
,
5562.5,6.367
,
5625,13.0542
,
5687.5,9.9441
,
5750,3.8659
,
5812.5,10.1439
,
5875,6.1589
,
5937.5,8.0493
,
6000,5.1072
,
6062.5,8.0009
,
6125,7.6885
,
6187.5,10.504
,
6250,4.7586
,
6312.5,10.537
,
6375,4.1229
,
6437.5,5.6202
,
6500,8.4682
,
6562.5,5.5282
,
6625,4.727
,
6687.5,10.0961
,
6750,2.2991
,
6812.5,10.4125
,
6875,7.3553
,
6937.5,8.8485
,
7000,9.2125
,
7062.5,12.5952
,
7125,4.1298
,
7187.5,5.7702
,
7250,12.6761
,
7312.5,1.8187
,
7375,13.1367
,
7437.5,6.2602
,
7500,7.2591
,
7562.5,7.2161
,
7625,12.0255
,
7687.5,3.6959
,
7750,14.4362
,
7812.5,5.726
,
7875,6.4897
,
7937.5,8.4573
,
airflow(m/s),19.79
,
,
,
0,13489.1841
,
62.5,11756.7482
,
125,7099.4094
,
187.5,2509.6749
,
250,2216.3224
,
312.5,3335.7783
,
375,2198.5153
,
437.5,2044.618
,
500,1818.2875
,
562.5,925.8777
,
625,873.6629
,
687.5,183.9822
,
750,337.1269
,
812.5,119.4382
,
875,182.2774
,
937.5,128.4198
,
1000,25.914
,
1062.5,119.4652
,
1125,47.1225
,
1187.5,37.7345
,
1250,29.2193
,
1312.5,36.5993
,
1375,43.5138
,
1437.5,17.5417
,
1500,17.8945
,
1562.5,31.0956
,
1625,24.5367
,
1687.5,21.2816
,
1750,18.9571
,
1812.5,19.4684
,
1875,20.0068
,
1937.5,13.4396
,
2000,22.9641
,
2062.5,10.9334
,
2125,23.5867
,
2187.5,20.0817
,
2250,14.4537
,
2312.5,28.8044
,
2375,12.9032
,
2437.5,12.091
,
2500,13.8622
,
2562.5,23.2181
,
2625,3.3955
,
2687.5,20.4575
,
2750,6.6905
,
2812.5,12.9528
,
2875,15.2546
,
2937.5,10.8119
,
3000,10.0606
,
3062.5,13.5451
,
3125,14.0477
,
3187.5,13.4893
,
3250,7.7583
,
3312.5,8.9933
,
3375,14.0992
,
3437.5,11.0392
,
3500,16.1057
,
3562.5,8.6993
,
3625,12.8489
,
3687.5,6.6798
,
3750,9.3647
,
3812.5,17.3641
,
3875,1.5404
,
3937.5,15.5393
,
4000,8.5921
,
4062.5,8.4798
,
4125,12.5559
,
4187.5,9.7024
,
4250,6.3217
,
4312.5,10.8946
,
4375,6.0668
,
4437.5,16.4642
,
4500,7.0709
,
4562.5,5.7611
,
4625,4.4603
,
4687.5,14.044
,
4750,4.1242
,
4812.5,13.9776
,
4875,5.8898
,
4937.5,10.2952
,
5000,9.3059
,
5062.5,8.0327
,
5125,12.0628
,
5187.5,4.5792
,
5250,9.3708
,
5312.5,10.0507
,
5375,6.37
,
5437.5,11.3197
,
5500,6.2323
,
5562.5,8.274
,
5625,4.7953
,
5687.5,11.9979
,
5750,4.0459
,
5812.5,8.7691
,
5875,11.7119
,
5937.5,2.8212
,
6000,15.8397
,
6062.5,3.0385
,
6125,15.1866
,
6187.5,5.9044
,
6250,12.084
,
6312.5,10.0605
,
6375,15.3568
,
6437.5,0.7622
,
6500,7.237
,
6562.5,7.9058
,
6625,9.4415
,
6687.5,2.1492
,
6750,14.6982
,
6812.5,2.6051
,
6875,12.5899
,
6937.5,3.2982
,
7000,9.2803
,
7062.5,3.3682
,
7125,9.4872
,
7187.5,2.2882
,
7250,14.2445
,
7312.5,7.6921
,
7375,4.7462
,
7437.5,5.0919
,
7500,5.7881
,
7562.5,12.7083
,
7625,11.4704
,
7687.5,3.8213
,
7750,13.6641
,
7812.5,4.1583
,
7875,6.4759
,
7937.5,4.9889
,
airflow(m/s),19.79
,
,
,
0,5320.5517
,
62.5,14395.6462
,
125,15423.2943
,
187.5,8117.4572
,
250,5458.8253
,
312.5,2655.0938
,
375,3206.4541
,
437.5,2756.136
,
500,988.7702
,
562.5,633.2651
,
625,1108.4714
,
687.5,949.6319
,
750,811.8501
,
812.5,442.3101
,
875,161.5905
,
937.5,87.5076
,
1000,101.8071
,
1062.5,87.6945
,
1125,132.861
,
1187.5,48.373
,
1250,44.8751
,
1312.5,55.1902
,
1375,22.7115
,
1437.5,20.0253
,
1500,33.846
,
1562.5,11.7964
,
1625,20.5714
,
1687.5,20.4945
,
1750,18.1888
,
1812.5,19.6914
,
1875,16.2414
,
1937.5,21.5934
,
2000,16.6941
,
2062.5,19.6945
,
2125,16.1482
,
2187.5,10.4333
,
2250,22.122
,
2312.5,22.6267
,
2375,15.7481
,
2437.5,18.4856
,
2500,14.6367
,
2562.5,14.2688
,
2625,14.2225
,
2687.5,9.7246
,
2750,14.8652
,
2812.5,9.6009
,
2875,16.6514
,
2937.5,8.6894
,
3000,10.203
,
3062.5,14.4013
,
3125,12.4295
,
3187.5,4.9842
,
3250,18.9981
,
3312.5,8.4699
,
3375,12.4831
,
3437.5,8.6911
,
3500,10.7695
,
3562.5,11.0032
,
3625,7.4069
,
3687.5,10.6522
,
3750,9.5478
,
3812.5,6.8233
,
3875,11.0478
,
3937.5,10.5089
,
4000,6.2051
,
4062.5,8.1008
,
4125,9.4261
,
4187.5,12.5085
,
4250,13.6157
,
4312.5,1.9124
,
4375,13.7002
,
4437.5,10.763
,
4500,6.1067
,
4562.5,6.8293
,
4625,8.1513
,
4687.5,13.9972
,
4750,9.1049
,
4812.5,6.4676
,
4875,6.3905
,
4937.5,10.1143
,
5000,5.8267
,
5062.5,10.0515
,
5125,4.2107
,
5187.5,11.3205
,
5250,9.7073
,
5312.5,13.624
,
5375,1.6145
,
5437.5,9.5703
,
5500,7.3726
,
5562.5,7.0141
,
5625,14.7041
,
5687.5,4.309
,
5750,6.9789
,
5812.5,6.5395
,
5875,11.5754
,
5937.5,2.2402
,
6000,10.5444
,
6062.5,11.0269
,
6125,0.8724
,
6187.5,13.9577
,
6250,5.0812
,
6312.5,8.9258
,
6375,9.4378
,
6437.5,6.0295
,
6500,1.4554
,
6562.5,11.1904
,
6625,5.1614
,
6687.5,10.1526
,
6750,4.2797
,
6812.5,6.9851
,
6875,6.1661
,
6937.5,10.0291
,
7000,9.2406
,
7062.5,10.6984
,
7125,12.1615
,
7187.5,5.1136
,
7250,7.2965
,
7312.5,10.0736
,
7375,2.117
,
7437.5,11.5005
,
7500,7.1356
,
7562.5,1.1742
,
7625,9.6183
,
7687.5,7.4297
,
7750,9.891
,
7812.5,10.8949
,
7875,8.7519
,
7937.5,8.014
,
airflow(m/s),19.79
,
,
,
0,643.5344
,
62.5,11369.8993
,
125,22188.3397
,
187.5,6540.4317
,
250,3941.8857
,
312.5,2286.2636
,
375,1043.6323
,
437.5,622.9842
,
500,1462.7485
,
562.5,1172.0102
,
625,92.328
,
687.5,248.7434
,
750,405.2584
,
812.5,245.0716
,
875,115.2401
,
937.5,1.8391
,
1000,129.7181
,
1062.5,64.2939
,
1125,64.734
,
1187.5,71.8531
,
1250,22.8748
,
1312.5,53.9825
,
1375,46.756
,
1437.5,40.9098
,
1500,42.4266
,
1562.5,27.695
,
1625,19.0505
,
1687.5,41.6968
,
1750,33.9928
,
1812.5,20.045
,
1875,38.4348
,
1937.5,19.6258
,
2000,31.4187
,
2062.5,15.5371
,
2125,27.6279
,
2187.5,18.2298
,
2250,26.7814
,
2312.5,19.3538
,
2375,22.7131
,
2437.5,24.9069
,
2500,19.7958
,
2562.5,19.2359
,
2625,25.6887
,
2687.5,21.5457
,
2750,17.8275
,
2812.5,17.3443
,
2875,13.3132
,
2937.5,27.984
,
3000,6.453
,
3062.5,30.0232
,
3125,12.0318
,
3187.5,18.2042
,
3250,16.2259
,
3312.5,19.0378
,
3375,17.0641
,
3437.5,11.5176
,
3500,18.3161
,
3562.5,13.2125
,
3625,14.9746
,
3687.5,18.0703
,
3750,12.5413
,
3812.5,14.1984
,
3875,13.3358
,
3937.5,21.8278
,
4000,12.22
,
4062.5,18.2331
,
4125,12.197
,
4187.5,11.2113
,
4250,11.8516
,
4312.5,13.0478
,
4375,14.3672
,
4437.5,7.7804
,
4500,20.1311
,
4562.5,13.3532
,
4625,13.4957
,
4687.5,16.4461
,
4750,21.894
,
4812.5,10.8741
,
4875,19.2487
,
4937.5,11.8296
,
5000,12.9586
,
5062.5,7.6732
,
5125,15.6165
,
5187.5,13.9789
,
5250,5.6478
,
5312.5,14.8594
,
5375,13.2034
,
5437.5,7.8496
,
5500,12.7691
,
5562.5,15.6598
,
5625,5.4735
,
5687.5,12.3758
,
5750,15.3077
,
5812.5,6.8878
,
5875,10.9456
,
5937.5,19.5096
,
6000,8.6211
,
6062.5,7.9613
,
6125,10.3302
,
6187.5,9.3219
,
6250,12.7429
,
6312.5,14.4173
,
6375,6.1777
,
6437.5,11.2628
,
6500,8.3639
,
6562.5,10.1349
,
6625,12.5106
,
6687.5,5.0593
,
6750,14.9534
,
6812.5,5.8631
,
6875,17.3468
,
6937.5,9.8956
,
7000,9.6884
,
7062.5,10.7281
,
7125,10.2707
,
7187.5,10.862
,
7250,11.0681
,
7312.5,7.8313
,
7375,7.0979
,
7437.5,15.3584
,
7500,13.7256
,
7562.5,4.0622
,
7625,15.5413
,
7687.5,11.5083
,
7750,12.9885
,
7812.5,5.8986
,
7875,9.1285
,
7937.5,11.6594
,
airflow(m/s),19.79
,
,
,
0,4694.9359
,
62.5,2833.2571
,
125,2491.728
,
187.5,1323.1878
,
250,1646.3317
,
312.5,1142.4458
,
375,629.7833
,
437.5,274.0068
,
500,260.5254
,
562.5,262.8239
,
625,29.8967
,
687.5,29.5253
,
750,18.1331
,
812.5,22.7538
,
875,21.3686
,
937.5,20.6048
,
1000,26.0508
,
1062.5,24.2298
,
1125,18.1459
,
1187.5,18.3616
,
1250,8.0295
,
1312.5,13.8384
,
1375,4.6531
,
1437.5,0.6204
,
1500,11.0776
,
1562.5,2.1415
,
1625,7.2137
,
1687.5,10.036
,
1750,4.8929
,
1812.5,4.6113
,
1875,7.5044
,
1937.5,6.456
,
2000,5.592
,
2062.5,3.4039
,
2125,10.0275
,
2187.5,9.2625
,
2250,7.8338
,
2312.5,3.0921
,
2375,1.2855
,
2437.5,9.3404
,
2500,15.1373
,
2562.5,14.1876
,
2625,12.9212
,
2687.5,14.3678
,
2750,3.2276
,
2812.5,0.9617
,
2875,4.0757
,
2937.5,5.7042
,
3000,14.0115
,
3062.5,7.3092
,
3125,5.9279
,
3187.5,4.7147
,
3250,3.4212
,
3312.5,3.4249
,
3375,3.3633
,
3437.5,8.2563
,
3500,2.7665
,
3562.5,2.0334
,
3625,1.415
,
3687.5,0.4056
,
3750,1.3999
,
3812.5,3.2308
,
3875,10.0482
,
3937.5,6.5466
,
4000,4.6019
,
4062.5,4.2695
,
4125,6.7392
,
4187.5,6.391
,
4250,7.9906
,
4312.5,4.2977
,
4375,2.4207
,
4437.5,2.6353
,
4500,4.2317
,
4562.5,4.5463
,
4625,11.3706
,
4687.5,9.9369
,
4750,3.1653
,
4812.5,4.1013
,
4875,2.7197
,
4937.5,2.0456
,
5000,2.4574
,
5062.5,1.1667
,
5125,3.2181
,
5187.5,4.5834
,
5250,5.2319
,
5312.5,11.2966
,
5375,9.2068
,
5437.5,5.3998
,
5500,3.274
,
5562.5,2.9295
,
5625,3.2398
,
5687.5,0.8026
,
5750,4.7006
,
5812.5,5.5887
,
5875,4.8289
,
5937.5,7.5432
,
6000,7.7986
,
6062.5,5.5623
,
6125,6.2033
,
6187.5,7.6913
,
6250,5.7402
,
6312.5,1.3595
,
6375,7.1139
,
6437.5,4.3115
,
6500,1.4765
,
6562.5,5.1147
,
6625,7.2652
,
6687.5,8.6762
,
6750,8.2758
,
6812.5,8.6462
,
6875,2.4452
,
6937.5,2.6129
,
7000,4.2751
,
7062.5,2.6281
,
7125,0.3961
,
7187.5,4.449
,
7250,5.0349
,
7312.5,5.4033
,
7375,7.4358
,
7437.5,5.9318
,
7500,2.034
,
7562.5,1.0554
,
7625,1.4028
,
7687.5,3.7509
,
7750,7.4068
,
7812.5,5.199
,
7875,0.9531
,
7937.5,4.4557
,
airflow(m/s),20.56
,
,
,
0,668.4751
,
62.5,5989.2365
,
125,6785.2888
,
187.5,4455.8651
,
250,3736.5442
,
312.5,1352.5302
,
375,1583.298
,
437.5,2353.452
,
500,1317.3848
,
562.5,513.2031
,
625,264.5375
,
687.5,149.5474
,
750,115.8051
,
812.5,177.0897
,
875,27.2028
,
937.5,14.1876
,
1000,47.4036
,
1062.5,25.3418
,
1125,42.7812
,
1187.5,35.673
,
1250,4.6459
,
1312.5,14.1212
,
1375,23.4818
,
1437.5,11.6997
,
1500,15.4876
,
1562.5,10.493
,
1625,19.0655
,
1687.5,11.7644
,
1750,7.3934
,
1812.5,14.9065
,
1875,13.4028
,
1937.5,15.0752
,
2000,15.5577
,
2062.5,4.9396
,
2125,13.1589
,
2187.5,6.9745
,
2250,10.3555
,
2312.5,14.9742
,
2375,2.9321
,
2437.5,7.2864
,
2500,16.6068
,
2562.5,3.6132
,
2625,14.1722
,
2687.5,2.4714
,
2750,14.5876
,
2812.5,11.3983
,
2875,6.7211
,
2937.5,10.7878
,
3000,3.2505
,
3062.5,12.0144
,
3125,12.4724
,
3187.5,10.5498
,
3250,10.4346
,
3312.5,5.3317
,
3375,11.2208
,
3437.5,2.49
,
3500,4.2042
,
3562.5,7.2814
,
3625,8.371
,
3687.5,8.7249
,
3750,5.0408
,
3812.5,2.8868
,
3875,12.8673
,
3937.5,4.9543
,
4000,5.6118
,
4062.5,2.1208
,
4125,8.8023
,
4187.5,4.8853
,
4250,8.7057
,
4312.5,6.5048
,
4375,5.3215
,
4437.5,5.0544
,
4500,4.0087
,
4562.5,11.4266
,
4625,5.0127
,
4687.5,8.5322
,
4750,7.0206
,
4812.5,7.0298
,
4875,5.0602
,
4937.5,10.5845
,
5000,7.6769
,
5062.5,7.8068
,
5125,6.821
,
5187.5,9.1656
,
5250,3.2873
,
5312.5,5.7325
,
5375,8.234
,
5437.5,1.9868
,
5500,8.1243
,
5562.5,4.3902
,
5625,3.343
,
5687.5,10.8251
,
5750,7.6583
,
5812.5,8.2568
,
5875,6.0954
,
5937.5,11.8356
,
6000,5.2995
,
6062.5,10.3982
,
6125,6.3168
,
6187.5,5.6357
,
6250,5.9556
,
6312.5,3.7074
,
6375,5.3725
,
6437.5,9.0124
,
6500,3.6619
,
6562.5,6.1738
,
6625,7.7497
,
6687.5,2.8047
,
6750,8.7799
,
6812.5,5.1849
,
6875,3.9202
,
6937.5,6.7091
,
7000,8.0519
,
7062.5,5.7325
,
7125,6.0193
,
7187.5,3.5048
,
7250,7.5815
,
7312.5,2.2681
,
7375,7.2782
,
7437.5,7.4981
,
7500,4.7532
,
7562.5,6.0199
,
7625,9.7239
,
7687.5,7.924
,
7750,3.3036
,
7812.5,12.3763
,
7875,3.6704
,
7937.5,6.7391
,
airflow(m/s),19.54
,
,
,
0,5407.3851
,
62.5,4934.7601
,
125,3301.6823
,
187.5,4750.9637
,
250,1143.7523
,
312.5,1433.1126
,
375,768.6944
,
437.5,89.6997
,
500,470.3078
,
562.5,117.714
,
625,185.5992
,
687.5,165.1925
,
750,65.1505
,
812.5,71.6267
,
875,60.3125
,
937.5,65.4816
,
1000,26.4034
,
1062.5,48.6559
,
1125,34.9288
,
1187.5,16.9813
,
1250,21.4541
,
1312.5,25.2954
,
1375,29.572
,
1437.5,27.6681
,
1500,41.547
,
1562.5,21.4616
,
1625,14.8538
,
1687.5,20.3113
,
1750,17.0147
,
1812.5,17.7532
,
1875,13.787
,
1937.5,20.2281
,
2000,15.4964
,
2062.5,24.7238
,
2125,11.6015
,
2187.5,25.6333
,
2250,11.9053
,
2312.5,15.2002
,
2375,13.3597
,
2437.5,13.9383
,
2500,11.2776
,
2562.5,13.104
,
2625,15.0736
,
2687.5,13.8226
,
2750,9.8141
,
2812.5,14.7661
,
2875,16.38
,
2937.5,8.174
,
3000,9.6632
,
3062.5,16.3384
,
3125,5.4482
,
3187.5,12.9686
,
3250,13.9018
,
3312.5,11.8369
,
3375,6.5765
,
3437.5,12.203
,
3500,9.6331
,
3562.5,16.137
,
3625,10.4592
,
3687.5,7.9985
,
3750,11.5475
,
3812.5,7.1337
,
3875,9.9059
,
3937.5,7.0397
,
4000,8.297
,
4062.5,6.3497
,
4125,12.3967
,
4187.5,7.6431
,
4250,8.4628
,
4312.5,11.5444
,
4375,5.436
,
4437.5,9.9768
,
4500,8.6748
,
4562.5,5.0457
,
4625,13.2045
,
4687.5,9.029
,
4750,6.4801
,
4812.5,11.3971
,
4875,6.6251
,
4937.5,12.0945
,
5000,4.0883
,
5062.5,11.6309
,
5125,8.6607
,
5187.5,10.5779
,
5250,7.5961
,
5312.5,16.1636
,
5375,2.9743
,
5437.5,12.0454
,
5500,5.0429
,
5562.5,5.8419
,
5625,5.0115
,
5687.5,8.0538
,
5750,4.7481
,
5812.5,5.61
,
5875,11.0063
,
5937.5,4.5741
,
6000,12.1929
,
6062.5,3.8764
,
6125,15.2069
,
6187.5,1.8457
,
6250,8.2384
,
6312.5,7.2074
,
6375,9.9079
,
6437.5,5.4834
,
6500,0.6117
,
6562.5,11.5706
,
6625,10.0071
,
6687.5,8.0309
,
6750,6.5463
,
6812.5,1.1444
,
6875,12.4051
,
6937.5,4.6327
,
7000,10.937
,
7062.5,2.0962
,
7125,13.823
,
7187.5,1.956
,
7250,12.4554
,
7312.5,5.4058
,
7375,6.4552
,
7437.5,7.8663
,
7500,2.1505
,
7562.5,17.9042
,
7625,3.656
,
7687.5,12.0605
,
7750,12.7889
,
7812.5,6.177
,
7875,7.8424
,
7937.5,12.4329
,
airflow(m/s),20.56
,
,
,
0,11070.2574
,
62.5,11849.5507
,
125,9270.218
,
187.5,6932.1178
,
250,2812.9481
,
312.5,777.5424
,
375,763.9529
,
437.5,1172.2136
,
500,545.6251
,
562.5,496.0449
,
625,276.4028
,
687.5,217.5814
,
750,185.1808
,
812.5,62.7133
,
875,73.6247
,
937.5,37.2139
,
1000,74.1971
,
1062.5,47.6234
,
1125,36.0378
,
1187.5,33.3466
,
1250,27.5218
,
1312.5,38.4403
,
1375,49.2147
,
1437.5,23.5031
,
1500,33.9849
,
1562.5,21.4244
,
1625,25.3806
,
1687.5,33.8266
,
1750,31.421
,
1812.5,18.8106
,
1875,30.8683
,
1937.5,17.0218
,
2000,25.3295
,
2062.5,24.7083
,
2125,16.2607
,
2187.5,25.0235
,
2250,11.0481
,
2312.5,25.6687
,
2375,13.0051
,
2437.5,22.8334
,
2500,16.048
,
2562.5,19.4179
,
2625,13.477
,
2687.5,22.7686
,
2750,19.3353
,
2812.5,11.7446
,
2875,17.1061
,
2937.5,13.2152
,
3000,20.6394
,
3062.5,15.0296
,
3125,11.568
,
3187.5,14.3935
,
3250,14.1962
,
3312.5,14.934
,
3375,12.5287
,
3437.5,14.9931
,
3500,13.8822
,
3562.5,10.1835
,
3625,18.5379
,
3687.5,6.6785
,
3750,17.7894
,
3812.5,12.9114
,
3875,10.7993
,
3937.5,14.5194
,
4000,12.3368
,
4062.5,9.2901
,
4125,15.5695
,
4187.5,8.3084
,
4250,14.3471
,
4312.5,10.2821
,
4375,13.5808
,
4437.5,4.702
,
4500,17.9141
,
4562.5,10.5684
,
4625,5.3724
,
4687.5,10.6992
,
4750,15.3633
,
4812.5,10.5618
,
4875,9.3721
,
4937.5,8.4948
,
5000,12.5801
,
5062.5,4.3393
,
5125,15.3722
,
5187.5,10.0493
,
5250,8.255
,
5312.5,9.2019
,
5375,8.6097
,
5437.5,12.7112
,
5500,12.1129
,
5562.5,11.7231
,
5625,7.6448
,
5687.5,14.8491
,
5750,5.2817
,
5812.5,15.3826
,
5875,11.5699
,
5937.5,12.4236
,
6000,9.6072
,
6062.5,9.2656
,
6125,11.9541
,
6187.5,6.8182
,
6250,14.159
,
6312.5,5.5303
,
6375,13.8253
,
6437.5,7.6323
,
6500,9.4013
,
6562.5,7.3273
,
6625,11.1525
,
6687.5,2.8693
,
6750,14.173
,
6812.5,9.6986
,
6875,14.1537
,
6937.5,7.3822
,
7000,7.6724
,
7062.5,9.7663
,
7125,10.8464
,
7187.5,8.1014
,
7250,6.0371
,
7312.5,12.2272
,
7375,10.9993
,
7437.5,5.9522
,
7500,10.6036
,
7562.5,7.3383
,
7625,10.2346
,
7687.5,8.7852
,
7750,9.5048
,
7812.5,8.9558
,
7875,5.653
,
7937.5,14.0879
,
airflow(m/s),20.56
,
,
,
0,18677.0137
,
62.5,17056.3314
,
125,13068.6449
,
187.5,12003.648
,
250,2073.4338
,
312.5,6120.574
,
375,3348.9817
,
437.5,2780.917
,
500,2529.9466
,
562.5,2568.2361
,
625,1829.6688
,
687.5,1753.1281
,
750,1330.611
,
812.5,604.1933
,
875,1076.1886
,
937.5,945.0692
,
1000,656.5657
,
1062.5,228.1764
,
1125,169.1996
,
1187.5,247.7742
,
1250,136.9644
,
1312.5,125.5649
,
1375,67.7148
,
1437.5,5.5875
,
1500,32.418
,
1562.5,42.4192
,
1625,23.6215
,
1687.5,26.0109
,
1750,27.553
,
1812.5,27.2084
,
1875,23.0289
,
1937.5,35.4927
,
2000,20.7036
,
2062.5,10.0979
,
2125,29.2321
,
2187.5,22.3611
,
2250,16.6301
,
2312.5,18.9827
,
2375,9.1352
,
2437.5,9.7751
,
2500,4.143
,
2562.5,3.1269
,
2625,14.3587
,
2687.5,18.1134
,
2750,13.6741
,
2812.5,6.2765
,
2875,11.2367
,
2937.5,8.902
,
3000,5.8399
,
3062.5,5.4937
,
3125,13.7106
,
3187.5,8.0424
,
3250,11.5419
,
3312.5,0.594
,
3375,7.2274
,
3437.5,5.8672
,
3500,5.0258
,
3562.5,9.4622
,
3625,2.8139
,
3687.5,1.2661
,
3750,6.9988
,
3812.5,3.0584
,
3875,8.3414
,
3937.5,0.8228
,
4000,8.9664
,
4062.5,4.703
,
4125,3.4722
,
4187.5,7.7683
,
4250,3.4511
,
4312.5,7.971
,
4375,3.7129
,
4437.5,5.2302
,
4500,8.019
,
4562.5,7.0779
,
4625,5.5801
,
4687.5,14.0782
,
4750,4.8276
,
4812.5,1.61
,
4875,9.0361
,
4937.5,1.1393
,
5000,0.9562
,
5062.5,6.5504
,
5125,5.201
,
5187.5,3.0535
,
5250,8.0035
,
5312.5,2.3395
,
5375,5.9123
,
5437.5,4.7672
,
5500,4.4116
,
5562.5,2.8781
,
5625,7.2885
,
5687.5,4.118
,
5750,4.5448
,
5812.5,2.8525
,
5875,4.1752
,
5937.5,3.5768
,
6000,7.1104
,
6062.5,14.5593
,
6125,7.0637
,
6187.5,6.1575
,
6250,2.4864
,
6312.5,5.7023
,
6375,8.9344
,
6437.5,4.9471
,
6500,13.9198
,
6562.5,9.7147
,
6625,8.6826
,
6687.5,9.1022
,
6750,4.4791
,
6812.5,1.1181
,
6875,8.0996
,
6937.5,13.8694
,
7000,12.3135
,
7062.5,5.0825
,
7125,6.2944
,
7187.5,3.8011
,
7250,7.5017
,
7312.5,5.0589
,
7375,4.6783
,
7437.5,5.0603
,
7500,3.3861
,
7562.5,6.0363
,
7625,2.1114
,
7687.5,5.0051
,
7750,4.9929
,
7812.5,4.1007
,
7875,3.46
,
7937.5,4.1177
,
airflow(m/s),19.79